STRUCTURE,STRUCTURE_ID,STRUCTURE_NAME,ACTION,REF_AREA,Reference area,FREQ,Frequency of observation,POLLUTANT,Pollutant,MEASURE,Measure,UNIT_MEASURE,Unit of measure,TIME_PERIOD,Time period,OBS_VALUE,Observation value,OBS_STATUS,Observation status,UNIT_MULT,Unit multiplier,PRICE_BASE,Price base,BASE_PER,Base period,DECIMALS,Decimals,CONVERSION_TYPE,Conversion type
DATAFLOW,OECD.ENV.EPI:DSD_AIR_GHG@DF_AIR_GHG(1.0),Air emissions - Greenhouse gas emissions Inventories,I,AUT,Austria,A,Annual,GHG,Greenhouse gases,T_LULU,"Total emissions including land use, land-use change and forestry",T_CO2E,Tonnes of CO2-equivalent,1990,,66839.8,,A,Normal value,3,Thousands,,,,,2,Two,,
DATAFLOW,OECD.ENV.EPI:DSD_AIR_GHG@DF_AIR_GHG(1.0),Air emissions - Greenhouse gas emissions Inventories,I,AUT,Austria,A,Annual,GHG,Greenhouse gases,T_LULU,"Total emissions including land use, land-use change and forestry",T_CO2E,Tonnes of CO2-equivalent,1991,,63510.44,,A,Normal value,3,Thousands,,,,,2,Two,,
DATAFLOW,OECD.ENV.EPI:DSD_AIR_GHG@DF_AIR_GHG(1.0),Air emissions - Greenhouse gas emissions Inventories,I,AUT,Austria,A,Annual,GHG,Greenhouse gases,T_LULU,"Total emissions including land use, land-use change and forestry",T_CO2E,Tonnes of CO2-equivalent,1992,,66620.3,,A,Normal value,3,Thousands,,,,,2,Two,,
DATAFLOW,OECD.ENV.EPI:DSD_AIR_GHG@DF_AIR_GHG(1.0),Air emissions - Greenhouse gas emissions Inventories,I,AUT,Austria,A,Annual,GHG,Greenhouse gases,T_LULU,"Total emissions including land use, land-use change and forestry",T_CO2E,Tonnes of CO2-equivalent,1993,,59455.65,,A,Normal value,3,Thousands,,,,,2,Two,,
DATAFLOW,OECD.ENV.EPI:DSD_AIR_GHG@DF_AIR_GHG(1.0),Air emissions - Greenhouse gas emissions Inventories,I,AUT,Austria,A,Annual,GHG,Greenhouse gases,T_LULU,"Total emissions including land use, land-use change and forestry",T_CO2E,Tonnes of CO2-equivalent,1994,,67054.99,,A,Normal value,3,Thousands,,,,,2,Two,,
DATAFLOW,OECD.ENV.EPI:DSD_AIR_GHG@DF_AIR_GHG(1.0),Air emissions - Greenhouse gas emissions Inventories,I,AUT,Austria,A,Annual,GHG,Greenhouse gases,T_LULU,"Total emissions including land use, land-use change and forestry",T_CO2E,Tonnes of CO2-equivalent,1995,,60182.37,,A,Normal value,3,Thousands,,,,,2,Two,,
DATAFLOW,OECD.ENV.EPI:DSD_AIR_GHG@DF_AIR_GHG(1.0),Air emissions - Greenhouse gas emissions Inventories,I,AUT,Austria,A,Annual,GHG,Greenhouse gases,T_LULU,"Total emissions including land use, land-use change and forestry",T_CO2E,Tonnes of CO2-equivalent,1996,,64257.04,,A,Normal value,3,Thousands,,,,,2,Two,,
DATAFLOW,OECD.ENV.EPI:DSD_AIR_GHG@DF_AIR_GHG(1.0),Air emissions - Greenhouse gas emissions Inventories,I,AUT,Austria,A,Annual,GHG,Greenhouse gases,T_LULU,"Total emissions including land use, land-use change and forestry",T_CO2E,Tonnes of CO2-equivalent,1997,,60040.83,,A,Normal value,3,Thousands,,,,,2,Two,,
DATAFLOW,OECD.ENV.EPI:DSD_AIR_GHG@DF_AIR_GHG(1.0),Air emissions - Greenhouse gas emissions Inventories,I,AUT,Austria,A,Annual,GHG,Greenhouse gases,T_LULU,"Total emissions including land use, land-use change and forestry",T_CO2E,Tonnes of CO2-equivalent,1998,,62758.76,,A,Normal value,3,Thousands,,,,,2,Two,,
DATAFLOW,OECD.ENV.EPI:DSD_AIR_GHG@DF_AIR_GHG(1.0),Air emissions - Greenhouse gas emissions Inventories,I,AUT,Austria,A,Annual,GHG,Greenhouse gases,T_LULU,"Total emissions including land use, land-use change and forestry",T_CO2E,Tonnes of CO2-equivalent,1999,,59978.97,,A,Normal value,3,Thousands,,,,,2,Two,,
DATAFLOW,OECD.ENV.EPI:DSD_AIR_GHG@DF_AIR_GHG(1.0),Air emissions - Greenhouse gas emissions Inventories,I,AUT,Austria,A,Annual,GHG,Greenhouse gases,T_LULU,"Total emissions including land use, land-use change and forestry",T_CO2E,Tonnes of CO2-equivalent,2000,,66335.33,,A,Normal value,3,Thousands,,,,,2,Two,,
DATAFLOW,OECD.ENV.EPI:DSD_AIR_GHG@DF_AIR_GHG(1.0),Air emissions - Greenhouse gas emissions Inventories,I,AUT,Austria,A,Annual,GHG,Greenhouse gases,T_LULU,"Total emissions including land use, land-use change and forestry",T_CO2E,Tonnes of CO2-equivalent,2001,,55087.41,,A,Normal value,3,Thousands,,,,,2,Two,,
DATAFLOW,OECD.ENV.EPI:DSD_AIR_GHG@DF_AIR_GHG(1.0),Air emissions - Greenhouse gas emissions Inventories,I,AUT,Austria,A,Annual,GHG,Greenhouse gases,T_LULU,"Total emissions including land use, land-use change and forestry",T_CO2E,Tonnes of CO2-equivalent,2002,,73083.18,,A,Normal value,3,Thousands,,,,,2,Two,,
DATAFLOW,OECD.ENV.EPI:DSD_AIR_GHG@DF_AIR_GHG(1.0),Air emissions - Greenhouse gas emissions Inventories,I,AUT,Austria,A,Annual,GHG,Greenhouse gases,T_LULU,"Total emissions including land use, land-use change and forestry",T_CO2E,Tonnes of CO2-equivalent,2003,,76334.79,,A,Normal value,3,Thousands,,,,,2,Two,,
DATAFLOW,OECD.ENV.EPI:DSD_AIR_GHG@DF_AIR_GHG(1.0),Air emissions - Greenhouse gas emissions Inventories,I,AUT,Austria,A,Annual,GHG,Greenhouse gases,T_LULU,"Total emissions including land use, land-use change and forestry",T_CO2E,Tonnes of CO2-equivalent,2004,,69002.7,,A,Normal value,3,Thousands,,,,,2,Two,,
DATAFLOW,OECD.ENV.EPI:DSD_AIR_GHG@DF_AIR_GHG(1.0),Air emissions - Greenhouse gas emissions Inventories,I,AUT,Austria,A,Annual,GHG,Greenhouse gases,T_LULU,"Total emissions including land use, land-use change and forestry",T_CO2E,Tonnes of CO2-equivalent,2005,,74170.22,,A,Normal value,3,Thousands,,,,,2,Two,,
DATAFLOW,OECD.ENV.EPI:DSD_AIR_GHG@DF_AIR_GHG(1.0),Air emissions - Greenhouse gas emissions Inventories,I,AUT,Austria,A,Annual,GHG,Greenhouse gases,T_LULU,"Total emissions including land use, land-use change and forestry",T_CO2E,Tonnes of CO2-equivalent,2006,,81085.78,,A,Normal value,3,Thousands,,,,,2,Two,,
DATAFLOW,OECD.ENV.EPI:DSD_AIR_GHG@DF_AIR_GHG(1.0),Air emissions - Greenhouse gas emissions Inventories,I,AUT,Austria,A,Annual,GHG,Greenhouse gases,T_LULU,"Total emissions including land use, land-use change and forestry",T_CO2E,Tonnes of CO2-equivalent,2007,,81695.74,,A,Normal value,3,Thousands,,,,,2,Two,,
DATAFLOW,OECD.ENV.EPI:DSD_AIR_GHG@DF_AIR_GHG(1.0),Air emissions - Greenhouse gas emissions Inventories,I,AUT,Austria,A,Annual,GHG,Greenhouse gases,T_LULU,"Total emissions including land use, land-use change and forestry",T_CO2E,Tonnes of CO2-equivalent,2008,,74397.52,,A,Normal value,3,Thousands,,,,,2,Two,,
DATAFLOW,OECD.ENV.EPI:DSD_AIR_GHG@DF_AIR_GHG(1.0),Air emissions - Greenhouse gas emissions Inventories,I,AUT,Austria,A,Annual,GHG,Greenhouse gases,T_LULU,"Total emissions including land use, land-use change and forestry",T_CO2E,Tonnes of CO2-equivalent,2009,,72088.14,,A,Normal value,3,Thousands,,,,,2,Two,,
DATAFLOW,OECD.ENV.EPI:DSD_AIR_GHG@DF_AIR_GHG(1.0),Air emissions - Greenhouse gas emissions Inventories,I,AUT,Austria,A,Annual,GHG,Greenhouse gases,T_LULU,"Total emissions including land use, land-use change and forestry",T_CO2E,Tonnes of CO2-equivalent,2010,,64934.19,,A,Normal value,3,Thousands,,,,,2,Two,,
DATAFLOW,OECD.ENV.EPI:DSD_AIR_GHG@DF_AIR_GHG(1.0),Air emissions - Greenhouse gas emissions Inventories,I,AUT,Austria,A,Annual,GHG,Greenhouse gases,T_LULU,"Total emissions including land use, land-use change and forestry",T_CO2E,Tonnes of CO2-equivalent,2011,,67145.81,,A,Normal value,3,Thousands,,,,,2,Two,,
DATAFLOW,OECD.ENV.EPI:DSD_AIR_GHG@DF_AIR_GHG(1.0),Air emissions - Greenhouse gas emissions Inventories,I,AUT,Austria,A,Annual,GHG,Greenhouse gases,T_LULU,"Total emissions including land use, land-use change and forestry",T_CO2E,Tonnes of CO2-equivalent,2012,,74020.84,,A,Normal value,3,Thousands,,,,,2,Two,,
DATAFLOW,OECD.ENV.EPI:DSD_AIR_GHG@DF_AIR_GHG(1.0),Air emissions - Greenhouse gas emissions Inventories,I,AUT,Austria,A,Annual,GHG,Greenhouse gases,T_LULU,"Total emissions including land use, land-use change and forestry",T_CO2E,Tonnes of CO2-equivalent,2013,,73986.21,,A,Normal value,3,Thousands,,,,,2,Two,,
DATAFLOW,OECD.ENV.EPI:DSD_AIR_GHG@DF_AIR_GHG(1.0),Air emissions - Greenhouse gas emissions Inventories,I,AUT,Austria,A,Annual,GHG,Greenhouse gases,T_LULU,"Total emissions including land use, land-use change and forestry",T_CO2E,Tonnes of CO2-equivalent,2014,,69050.39,,A,Normal value,3,Thousands,,,,,2,Two,,
DATAFLOW,OECD.ENV.EPI:DSD_AIR_GHG@DF_AIR_GHG(1.0),Air emissions - Greenhouse gas emissions Inventories,I,AUT,Austria,A,Annual,GHG,Greenhouse gases,T_LULU,"Total emissions including land use, land-use change and forestry",T_CO2E,Tonnes of CO2-equivalent,2015,,72321.37,,A,Normal value,3,Thousands,,,,,2,Two,,
DATAFLOW,OECD.ENV.EPI:DSD_AIR_GHG@DF_AIR_GHG(1.0),Air emissions - Greenhouse gas emissions Inventories,I,AUT,Austria,A,Annual,GHG,Greenhouse gases,T_LULU,"Total emissions including land use, land-use change and forestry",T_CO2E,Tonnes of CO2-equivalent,2016,,72828.52,,A,Normal value,3,Thousands,,,,,2,Two,,
DATAFLOW,OECD.ENV.EPI:DSD_AIR_GHG@DF_AIR_GHG(1.0),Air emissions - Greenhouse gas emissions Inventories,I,AUT,Austria,A,Annual,GHG,Greenhouse gases,T_LULU,"Total emissions including land use, land-use change and forestry",T_CO2E,Tonnes of CO2-equivalent,2017,,78883.08,,A,Normal value,3,Thousands,,,,,2,Two,,
DATAFLOW,OECD.ENV.EPI:DSD_AIR_GHG@DF_AIR_GHG(1.0),Air emissions - Greenhouse gas emissions Inventories,I,AUT,Austria,A,Annual,GHG,Greenhouse gases,T_LULU,"Total emissions including land use, land-use change and forestry",T_CO2E,Tonnes of CO2-equivalent,2018,,83775.26,,A,Normal value,3,Thousands,,,,,2,Two,,
DATAFLOW,OECD.ENV.EPI:DSD_AIR_GHG@DF_AIR_GHG(1.0),Air emissions - Greenhouse gas emissions Inventories,I,AUT,Austria,A,Annual,GHG,Greenhouse gases,T_LULU,"Total emissions including land use, land-use change and forestry",T_CO2E,Tonnes of CO2-equivalent,2019,,82126.61,,A,Normal value,3,Thousands,,,,,2,Two,,
DATAFLOW,OECD.ENV.EPI:DSD_AIR_GHG@DF_AIR_GHG(1.0),Air emissions - Greenhouse gas emissions Inventories,I,AUT,Austria,A,Annual,GHG,Greenhouse gases,T_LULU,"Total emissions including land use, land-use change and forestry",T_CO2E,Tonnes of CO2-equivalent,2020,,68688.65,,A,Normal value,3,Thousands,,,,,2,Two,,
DATAFLOW,OECD.ENV.EPI:DSD_AIR_GHG@DF_AIR_GHG(1.0),Air emissions - Greenhouse gas emissions Inventories,I,AUT,Austria,A,Annual,GHG,Greenhouse gases,T_LULU,"Total emissions including land use, land-use change and forestry",T_CO2E,Tonnes of CO2-equivalent,2021,,67130.65,,A,Normal value,3,Thousands,,,,,2,Two,,
DATAFLOW,OECD.ENV.EPI:DSD_AIR_GHG@DF_AIR_GHG(1.0),Air emissions - Greenhouse gas emissions Inventories,I,SAU,Saudi Arabia,A,Annual,GHG,Greenhouse gases,T_LULU,"Total emissions including land use, land-use change and forestry",T_CO2E,Tonnes of CO2-equivalent,1990,,150028.97,,A,Normal value,3,Thousands,,,,,2,Two,,
DATAFLOW,OECD.ENV.EPI:DSD_AIR_GHG@DF_AIR_GHG(1.0),Air emissions - Greenhouse gas emissions Inventories,I,SAU,Saudi Arabia,A,Annual,GHG,Greenhouse gases,T_LULU,"Total emissions including land use, land-use change and forestry",T_CO2E,Tonnes of CO2-equivalent,2000,,281891.37,,A,Normal value,3,Thousands,,,,,2,Two,,
DATAFLOW,OECD.ENV.EPI:DSD_AIR_GHG@DF_AIR_GHG(1.0),Air emissions - Greenhouse gas emissions Inventories,I,SAU,Saudi Arabia,A,Annual,GHG,Greenhouse gases,T_LULU,"Total emissions including land use, land-use change and forestry",T_CO2E,Tonnes of CO2-equivalent,2010,,516282.75,,A,Normal value,3,Thousands,,,,,2,Two,,
DATAFLOW,OECD.ENV.EPI:DSD_AIR_GHG@DF_AIR_GHG(1.0),Air emissions - Greenhouse gas emissions Inventories,I,SAU,Saudi Arabia,A,Annual,GHG,Greenhouse gases,T_LULU,"Total emissions including land use, land-use change and forestry",T_CO2E,Tonnes of CO2-equivalent,2012,,539111.55,,A,Normal value,3,Thousands,,,,,2,Two,,
DATAFLOW,OECD.ENV.EPI:DSD_AIR_GHG@DF_AIR_GHG(1.0),Air emissions - Greenhouse gas emissions Inventories,I,SAU,Saudi Arabia,A,Annual,GHG,Greenhouse gases,T_LULU,"Total emissions including land use, land-use change and forestry",T_CO2E,Tonnes of CO2-equivalent,2016,,655896.46,,B,Time series break,3,Thousands,,,,,2,Two,,
DATAFLOW,OECD.ENV.EPI:DSD_AIR_GHG@DF_AIR_GHG(1.0),Air emissions - Greenhouse gas emissions Inventories,I,SVN,Slovenia,A,Annual,GHG,Greenhouse gases,T_LULU,"Total emissions including land use, land-use change and forestry",T_CO2E,Tonnes of CO2-equivalent,1990,,14403.09,,A,Normal value,3,Thousands,,,,,2,Two,,
DATAFLOW,OECD.ENV.EPI:DSD_AIR_GHG@DF_AIR_GHG(1.0),Air emissions - Greenhouse gas emissions Inventories,I,SVN,Slovenia,A,Annual,GHG,Greenhouse gases,T_LULU,"Total emissions including land use, land-use change and forestry",T_CO2E,Tonnes of CO2-equivalent,1991,,12700.24,,A,Normal value,3,Thousands,,,,,2,Two,,
DATAFLOW,OECD.ENV.EPI:DSD_AIR_GHG@DF_AIR_GHG(1.0),Air emissions - Greenhouse gas emissions Inventories,I,SVN,Slovenia,A,Annual,GHG,Greenhouse gases,T_LULU,"Total emissions including land use, land-use change and forestry",T_CO2E,Tonnes of CO2-equivalent,1992,,12568.57,,A,Normal value,3,Thousands,,,,,2,Two,,
DATAFLOW,OECD.ENV.EPI:DSD_AIR_GHG@DF_AIR_GHG(1.0),Air emissions - Greenhouse gas emissions Inventories,I,SVN,Slovenia,A,Annual,GHG,Greenhouse gases,T_LULU,"Total emissions including land use, land-use change and forestry",T_CO2E,Tonnes of CO2-equivalent,1993,,12804.01,,A,Normal value,3,Thousands,,,,,2,Two,,
DATAFLOW,OECD.ENV.EPI:DSD_AIR_GHG@DF_AIR_GHG(1.0),Air emissions - Greenhouse gas emissions Inventories,I,SVN,Slovenia,A,Annual,GHG,Greenhouse gases,T_LULU,"Total emissions including land use, land-use change and forestry",T_CO2E,Tonnes of CO2-equivalent,1994,,13032.09,,A,Normal value,3,Thousands,,,,,2,Two,,
DATAFLOW,OECD.ENV.EPI:DSD_AIR_GHG@DF_AIR_GHG(1.0),Air emissions - Greenhouse gas emissions Inventories,I,SVN,Slovenia,A,Annual,GHG,Greenhouse gases,T_LULU,"Total emissions including land use, land-use change and forestry",T_CO2E,Tonnes of CO2-equivalent,1995,,13727.26,,A,Normal value,3,Thousands,,,,,2,Two,,
DATAFLOW,OECD.ENV.EPI:DSD_AIR_GHG@DF_AIR_GHG(1.0),Air emissions - Greenhouse gas emissions Inventories,I,SVN,Slovenia,A,Annual,GHG,Greenhouse gases,T_LULU,"Total emissions including land use, land-use change and forestry",T_CO2E,Tonnes of CO2-equivalent,1996,,13754.34,,A,Normal value,3,Thousands,,,,,2,Two,,
DATAFLOW,OECD.ENV.EPI:DSD_AIR_GHG@DF_AIR_GHG(1.0),Air emissions - Greenhouse gas emissions Inventories,I,SVN,Slovenia,A,Annual,GHG,Greenhouse gases,T_LULU,"Total emissions including land use, land-use change and forestry",T_CO2E,Tonnes of CO2-equivalent,1997,,14083.1,,A,Normal value,3,Thousands,,,,,2,Two,,
DATAFLOW,OECD.ENV.EPI:DSD_AIR_GHG@DF_AIR_GHG(1.0),Air emissions - Greenhouse gas emissions Inventories,I,SVN,Slovenia,A,Annual,GHG,Greenhouse gases,T_LULU,"Total emissions including land use, land-use change and forestry",T_CO2E,Tonnes of CO2-equivalent,1998,,13536.55,,A,Normal value,3,Thousands,,,,,2,Two,,
DATAFLOW,OECD.ENV.EPI:DSD_AIR_GHG@DF_AIR_GHG(1.0),Air emissions - Greenhouse gas emissions Inventories,I,SVN,Slovenia,A,Annual,GHG,Greenhouse gases,T_LULU,"Total emissions including land use, land-use change and forestry",T_CO2E,Tonnes of CO2-equivalent,1999,,12884.62,,A,Normal value,3,Thousands,,,,,2,Two,,
DATAFLOW,OECD.ENV.EPI:DSD_AIR_GHG@DF_AIR_GHG(1.0),Air emissions - Greenhouse gas emissions Inventories,I,SVN,Slovenia,A,Annual,GHG,Greenhouse gases,T_LULU,"Total emissions including land use, land-use change and forestry",T_CO2E,Tonnes of CO2-equivalent,2000,,12568.63,,A,Normal value,3,Thousands,,,,,2,Two,,
DATAFLOW,OECD.ENV.EPI:DSD_AIR_GHG@DF_AIR_GHG(1.0),Air emissions - Greenhouse gas emissions Inventories,I,SVN,Slovenia,A,Annual,GHG,Greenhouse gases,T_LULU,"Total emissions including land use, land-use change and forestry",T_CO2E,Tonnes of CO2-equivalent,2001,,13791.5,,A,Normal value,3,Thousands,,,,,2,Two,,
DATAFLOW,OECD.ENV.EPI:DSD_AIR_GHG@DF_AIR_GHG(1.0),Air emissions - Greenhouse gas emissions Inventories,I,SVN,Slovenia,A,Annual,GHG,Greenhouse gases,T_LULU,"Total emissions including land use, land-use change and forestry",T_CO2E,Tonnes of CO2-equivalent,2002,,12952.96,,A,Normal value,3,Thousands,,,,,2,Two,,
DATAFLOW,OECD.ENV.EPI:DSD_AIR_GHG@DF_AIR_GHG(1.0),Air emissions - Greenhouse gas emissions Inventories,I,SVN,Slovenia,A,Annual,GHG,Greenhouse gases,T_LULU,"Total emissions including land use, land-use change and forestry",T_CO2E,Tonnes of CO2-equivalent,2003,,12928.29,,A,Normal value,3,Thousands,,,,,2,Two,,
DATAFLOW,OECD.ENV.EPI:DSD_AIR_GHG@DF_AIR_GHG(1.0),Air emissions - Greenhouse gas emissions Inventories,I,SVN,Slovenia,A,Annual,GHG,Greenhouse gases,T_LULU,"Total emissions including land use, land-use change and forestry",T_CO2E,Tonnes of CO2-equivalent,2004,,13201.21,,A,Normal value,3,Thousands,,,,,2,Two,,
DATAFLOW,OECD.ENV.EPI:DSD_AIR_GHG@DF_AIR_GHG(1.0),Air emissions - Greenhouse gas emissions Inventories,I,SVN,Slovenia,A,Annual,GHG,Greenhouse gases,T_LULU,"Total emissions including land use, land-use change and forestry",T_CO2E,Tonnes of CO2-equivalent,2005,,13418.8,,A,Normal value,3,Thousands,,,,,2,Two,,
DATAFLOW,OECD.ENV.EPI:DSD_AIR_GHG@DF_AIR_GHG(1.0),Air emissions - Greenhouse gas emissions Inventories,I,SVN,Slovenia,A,Annual,GHG,Greenhouse gases,T_LULU,"Total emissions including land use, land-use change and forestry",T_CO2E,Tonnes of CO2-equivalent,2006,,13591.94,,A,Normal value,3,Thousands,,,,,2,Two,,
DATAFLOW,OECD.ENV.EPI:DSD_AIR_GHG@DF_AIR_GHG(1.0),Air emissions - Greenhouse gas emissions Inventories,I,SVN,Slovenia,A,Annual,GHG,Greenhouse gases,T_LULU,"Total emissions including land use, land-use change and forestry",T_CO2E,Tonnes of CO2-equivalent,2007,,13464.52,,A,Normal value,3,Thousands,,,,,2,Two,,
DATAFLOW,OECD.ENV.EPI:DSD_AIR_GHG@DF_AIR_GHG(1.0),Air emissions - Greenhouse gas emissions Inventories,I,SVN,Slovenia,A,Annual,GHG,Greenhouse gases,T_LULU,"Total emissions including land use, land-use change and forestry",T_CO2E,Tonnes of CO2-equivalent,2008,,14438.57,,A,Normal value,3,Thousands,,,,,2,Two,,
DATAFLOW,OECD.ENV.EPI:DSD_AIR_GHG@DF_AIR_GHG(1.0),Air emissions - Greenhouse gas emissions Inventories,I,SVN,Slovenia,A,Annual,GHG,Greenhouse gases,T_LULU,"Total emissions including land use, land-use change and forestry",T_CO2E,Tonnes of CO2-equivalent,2009,,12327.48,,A,Normal value,3,Thousands,,,,,2,Two,,
DATAFLOW,OECD.ENV.EPI:DSD_AIR_GHG@DF_AIR_GHG(1.0),Air emissions - Greenhouse gas emissions Inventories,I,SVN,Slovenia,A,Annual,GHG,Greenhouse gases,T_LULU,"Total emissions including land use, land-use change and forestry",T_CO2E,Tonnes of CO2-equivalent,2010,,12631.15,,A,Normal value,3,Thousands,,,,,2,Two,,
DATAFLOW,OECD.ENV.EPI:DSD_AIR_GHG@DF_AIR_GHG(1.0),Air emissions - Greenhouse gas emissions Inventories,I,SVN,Slovenia,A,Annual,GHG,Greenhouse gases,T_LULU,"Total emissions including land use, land-use change and forestry",T_CO2E,Tonnes of CO2-equivalent,2011,,12648.31,,A,Normal value,3,Thousands,,,,,2,Two,,
DATAFLOW,OECD.ENV.EPI:DSD_AIR_GHG@DF_AIR_GHG(1.0),Air emissions - Greenhouse gas emissions Inventories,I,SVN,Slovenia,A,Annual,GHG,Greenhouse gases,T_LULU,"Total emissions including land use, land-use change and forestry",T_CO2E,Tonnes of CO2-equivalent,2012,,12076.27,,A,Normal value,3,Thousands,,,,,2,Two,,
DATAFLOW,OECD.ENV.EPI:DSD_AIR_GHG@DF_AIR_GHG(1.0),Air emissions - Greenhouse gas emissions Inventories,I,SVN,Slovenia,A,Annual,GHG,Greenhouse gases,T_LULU,"Total emissions including land use, land-use change and forestry",T_CO2E,Tonnes of CO2-equivalent,2013,,13074.68,,A,Normal value,3,Thousands,,,,,2,Two,,
DATAFLOW,OECD.ENV.EPI:DSD_AIR_GHG@DF_AIR_GHG(1.0),Air emissions - Greenhouse gas emissions Inventories,I,SVN,Slovenia,A,Annual,GHG,Greenhouse gases,T_LULU,"Total emissions including land use, land-use change and forestry",T_CO2E,Tonnes of CO2-equivalent,2014,,17435.15,,A,Normal value,3,Thousands,,,,,2,Two,,
DATAFLOW,OECD.ENV.EPI:DSD_AIR_GHG@DF_AIR_GHG(1.0),Air emissions - Greenhouse gas emissions Inventories,I,SVN,Slovenia,A,Annual,GHG,Greenhouse gases,T_LULU,"Total emissions including land use, land-use change and forestry",T_CO2E,Tonnes of CO2-equivalent,2015,,17720.91,,A,Normal value,3,Thousands,,,,,2,Two,,
DATAFLOW,OECD.ENV.EPI:DSD_AIR_GHG@DF_AIR_GHG(1.0),Air emissions - Greenhouse gas emissions Inventories,I,SVN,Slovenia,A,Annual,GHG,Greenhouse gases,T_LULU,"Total emissions including land use, land-use change and forestry",T_CO2E,Tonnes of CO2-equivalent,2016,,18746.76,,A,Normal value,3,Thousands,,,,,2,Two,,
DATAFLOW,OECD.ENV.EPI:DSD_AIR_GHG@DF_AIR_GHG(1.0),Air emissions - Greenhouse gas emissions Inventories,I,SVN,Slovenia,A,Annual,GHG,Greenhouse gases,T_LULU,"Total emissions including land use, land-use change and forestry",T_CO2E,Tonnes of CO2-equivalent,2017,,18819.9,,A,Normal value,3,Thousands,,,,,2,Two,,
DATAFLOW,OECD.ENV.EPI:DSD_AIR_GHG@DF_AIR_GHG(1.0),Air emissions - Greenhouse gas emissions Inventories,I,SVN,Slovenia,A,Annual,GHG,Greenhouse gases,T_LULU,"Total emissions including land use, land-use change and forestry",T_CO2E,Tonnes of CO2-equivalent,2018,,18735.36,,A,Normal value,3,Thousands,,,,,2,Two,,
DATAFLOW,OECD.ENV.EPI:DSD_AIR_GHG@DF_AIR_GHG(1.0),Air emissions - Greenhouse gas emissions Inventories,I,SVN,Slovenia,A,Annual,GHG,Greenhouse gases,T_LULU,"Total emissions including land use, land-use change and forestry",T_CO2E,Tonnes of CO2-equivalent,2019,,13860.01,,A,Normal value,3,Thousands,,,,,2,Two,,
DATAFLOW,OECD.ENV.EPI:DSD_AIR_GHG@DF_AIR_GHG(1.0),Air emissions - Greenhouse gas emissions Inventories,I,SVN,Slovenia,A,Annual,GHG,Greenhouse gases,T_LULU,"Total emissions including land use, land-use change and forestry",T_CO2E,Tonnes of CO2-equivalent,2020,,12832.05,,A,Normal value,3,Thousands,,,,,2,Two,,
DATAFLOW,OECD.ENV.EPI:DSD_AIR_GHG@DF_AIR_GHG(1.0),Air emissions - Greenhouse gas emissions Inventories,I,SVN,Slovenia,A,Annual,GHG,Greenhouse gases,T_LULU,"Total emissions including land use, land-use change and forestry",T_CO2E,Tonnes of CO2-equivalent,2021,,13000.72,,A,Normal value,3,Thousands,,,,,2,Two,,
DATAFLOW,OECD.ENV.EPI:DSD_AIR_GHG@DF_AIR_GHG(1.0),Air emissions - Greenhouse gas emissions Inventories,I,DEU,Germany,A,Annual,GHG,Greenhouse gases,T_LULU,"Total emissions including land use, land-use change and forestry",T_CO2E,Tonnes of CO2-equivalent,1990,,1287200.4,,A,Normal value,3,Thousands,,,,,2,Two,,
DATAFLOW,OECD.ENV.EPI:DSD_AIR_GHG@DF_AIR_GHG(1.0),Air emissions - Greenhouse gas emissions Inventories,I,DEU,Germany,A,Annual,GHG,Greenhouse gases,T_LULU,"Total emissions including land use, land-use change and forestry",T_CO2E,Tonnes of CO2-equivalent,1991,,1180108.96,,A,Normal value,3,Thousands,,,,,2,Two,,
DATAFLOW,OECD.ENV.EPI:DSD_AIR_GHG@DF_AIR_GHG(1.0),Air emissions - Greenhouse gas emissions Inventories,I,DEU,Germany,A,Annual,GHG,Greenhouse gases,T_LULU,"Total emissions including land use, land-use change and forestry",T_CO2E,Tonnes of CO2-equivalent,1992,,1122249.44,,A,Normal value,3,Thousands,,,,,2,Two,,
DATAFLOW,OECD.ENV.EPI:DSD_AIR_GHG@DF_AIR_GHG(1.0),Air emissions - Greenhouse gas emissions Inventories,I,DEU,Germany,A,Annual,GHG,Greenhouse gases,T_LULU,"Total emissions including land use, land-use change and forestry",T_CO2E,Tonnes of CO2-equivalent,1993,,1111968.11,,A,Normal value,3,Thousands,,,,,2,Two,,
DATAFLOW,OECD.ENV.EPI:DSD_AIR_GHG@DF_AIR_GHG(1.0),Air emissions - Greenhouse gas emissions Inventories,I,DEU,Germany,A,Annual,GHG,Greenhouse gases,T_LULU,"Total emissions including land use, land-use change and forestry",T_CO2E,Tonnes of CO2-equivalent,1994,,1098476.82,,A,Normal value,3,Thousands,,,,,2,Two,,
DATAFLOW,OECD.ENV.EPI:DSD_AIR_GHG@DF_AIR_GHG(1.0),Air emissions - Greenhouse gas emissions Inventories,I,DEU,Germany,A,Annual,GHG,Greenhouse gases,T_LULU,"Total emissions including land use, land-use change and forestry",T_CO2E,Tonnes of CO2-equivalent,1995,,1097542.31,,A,Normal value,3,Thousands,,,,,2,Two,,
DATAFLOW,OECD.ENV.EPI:DSD_AIR_GHG@DF_AIR_GHG(1.0),Air emissions - Greenhouse gas emissions Inventories,I,DEU,Germany,A,Annual,GHG,Greenhouse gases,T_LULU,"Total emissions including land use, land-use change and forestry",T_CO2E,Tonnes of CO2-equivalent,1996,,1121151.08,,A,Normal value,3,Thousands,,,,,2,Two,,
DATAFLOW,OECD.ENV.EPI:DSD_AIR_GHG@DF_AIR_GHG(1.0),Air emissions - Greenhouse gas emissions Inventories,I,DEU,Germany,A,Annual,GHG,Greenhouse gases,T_LULU,"Total emissions including land use, land-use change and forestry",T_CO2E,Tonnes of CO2-equivalent,1997,,1086218.4,,A,Normal value,3,Thousands,,,,,2,Two,,
DATAFLOW,OECD.ENV.EPI:DSD_AIR_GHG@DF_AIR_GHG(1.0),Air emissions - Greenhouse gas emissions Inventories,I,DEU,Germany,A,Annual,GHG,Greenhouse gases,T_LULU,"Total emissions including land use, land-use change and forestry",T_CO2E,Tonnes of CO2-equivalent,1998,,1061504.03,,A,Normal value,3,Thousands,,,,,2,Two,,
DATAFLOW,OECD.ENV.EPI:DSD_AIR_GHG@DF_AIR_GHG(1.0),Air emissions - Greenhouse gas emissions Inventories,I,DEU,Germany,A,Annual,GHG,Greenhouse gases,T_LULU,"Total emissions including land use, land-use change and forestry",T_CO2E,Tonnes of CO2-equivalent,1999,,1023116.4,,A,Normal value,3,Thousands,,,,,2,Two,,
DATAFLOW,OECD.ENV.EPI:DSD_AIR_GHG@DF_AIR_GHG(1.0),Air emissions - Greenhouse gas emissions Inventories,I,DEU,Germany,A,Annual,GHG,Greenhouse gases,T_LULU,"Total emissions including land use, land-use change and forestry",T_CO2E,Tonnes of CO2-equivalent,2000,,1040040.66,,A,Normal value,3,Thousands,,,,,2,Two,,
DATAFLOW,OECD.ENV.EPI:DSD_AIR_GHG@DF_AIR_GHG(1.0),Air emissions - Greenhouse gas emissions Inventories,I,DEU,Germany,A,Annual,GHG,Greenhouse gases,T_LULU,"Total emissions including land use, land-use change and forestry",T_CO2E,Tonnes of CO2-equivalent,2001,,1045221.22,,A,Normal value,3,Thousands,,,,,2,Two,,
DATAFLOW,OECD.ENV.EPI:DSD_AIR_GHG@DF_AIR_GHG(1.0),Air emissions - Greenhouse gas emissions Inventories,I,DEU,Germany,A,Annual,GHG,Greenhouse gases,T_LULU,"Total emissions including land use, land-use change and forestry",T_CO2E,Tonnes of CO2-equivalent,2002,,1055511.26,,A,Normal value,3,Thousands,,,,,2,Two,,
DATAFLOW,OECD.ENV.EPI:DSD_AIR_GHG@DF_AIR_GHG(1.0),Air emissions - Greenhouse gas emissions Inventories,I,DEU,Germany,A,Annual,GHG,Greenhouse gases,T_LULU,"Total emissions including land use, land-use change and forestry",T_CO2E,Tonnes of CO2-equivalent,2003,,1046729.51,,A,Normal value,3,Thousands,,,,,2,Two,,
DATAFLOW,OECD.ENV.EPI:DSD_AIR_GHG@DF_AIR_GHG(1.0),Air emissions - Greenhouse gas emissions Inventories,I,DEU,Germany,A,Annual,GHG,Greenhouse gases,T_LULU,"Total emissions including land use, land-use change and forestry",T_CO2E,Tonnes of CO2-equivalent,2004,,1022360.5,,A,Normal value,3,Thousands,,,,,2,Two,,
DATAFLOW,OECD.ENV.EPI:DSD_AIR_GHG@DF_AIR_GHG(1.0),Air emissions - Greenhouse gas emissions Inventories,I,DEU,Germany,A,Annual,GHG,Greenhouse gases,T_LULU,"Total emissions including land use, land-use change and forestry",T_CO2E,Tonnes of CO2-equivalent,2005,,992819.45,,A,Normal value,3,Thousands,,,,,2,Two,,
DATAFLOW,OECD.ENV.EPI:DSD_AIR_GHG@DF_AIR_GHG(1.0),Air emissions - Greenhouse gas emissions Inventories,I,DEU,Germany,A,Annual,GHG,Greenhouse gases,T_LULU,"Total emissions including land use, land-use change and forestry",T_CO2E,Tonnes of CO2-equivalent,2006,,992776.17,,A,Normal value,3,Thousands,,,,,2,Two,,
DATAFLOW,OECD.ENV.EPI:DSD_AIR_GHG@DF_AIR_GHG(1.0),Air emissions - Greenhouse gas emissions Inventories,I,DEU,Germany,A,Annual,GHG,Greenhouse gases,T_LULU,"Total emissions including land use, land-use change and forestry",T_CO2E,Tonnes of CO2-equivalent,2007,,968829.65,,A,Normal value,3,Thousands,,,,,2,Two,,
DATAFLOW,OECD.ENV.EPI:DSD_AIR_GHG@DF_AIR_GHG(1.0),Air emissions - Greenhouse gas emissions Inventories,I,DEU,Germany,A,Annual,GHG,Greenhouse gases,T_LULU,"Total emissions including land use, land-use change and forestry",T_CO2E,Tonnes of CO2-equivalent,2008,,963535.59,,A,Normal value,3,Thousands,,,,,2,Two,,
DATAFLOW,OECD.ENV.EPI:DSD_AIR_GHG@DF_AIR_GHG(1.0),Air emissions - Greenhouse gas emissions Inventories,I,DEU,Germany,A,Annual,GHG,Greenhouse gases,T_LULU,"Total emissions including land use, land-use change and forestry",T_CO2E,Tonnes of CO2-equivalent,2009,,888193.22,,A,Normal value,3,Thousands,,,,,2,Two,,
DATAFLOW,OECD.ENV.EPI:DSD_AIR_GHG@DF_AIR_GHG(1.0),Air emissions - Greenhouse gas emissions Inventories,I,DEU,Germany,A,Annual,GHG,Greenhouse gases,T_LULU,"Total emissions including land use, land-use change and forestry",T_CO2E,Tonnes of CO2-equivalent,2010,,929723.3,,A,Normal value,3,Thousands,,,,,2,Two,,
DATAFLOW,OECD.ENV.EPI:DSD_AIR_GHG@DF_AIR_GHG(1.0),Air emissions - Greenhouse gas emissions Inventories,I,DEU,Germany,A,Annual,GHG,Greenhouse gases,T_LULU,"Total emissions including land use, land-use change and forestry",T_CO2E,Tonnes of CO2-equivalent,2011,,898693.09,,A,Normal value,3,Thousands,,,,,2,Two,,
DATAFLOW,OECD.ENV.EPI:DSD_AIR_GHG@DF_AIR_GHG(1.0),Air emissions - Greenhouse gas emissions Inventories,I,DEU,Germany,A,Annual,GHG,Greenhouse gases,T_LULU,"Total emissions including land use, land-use change and forestry",T_CO2E,Tonnes of CO2-equivalent,2012,,895880.96,,A,Normal value,3,Thousands,,,,,2,Two,,
DATAFLOW,OECD.ENV.EPI:DSD_AIR_GHG@DF_AIR_GHG(1.0),Air emissions - Greenhouse gas emissions Inventories,I,DEU,Germany,A,Annual,GHG,Greenhouse gases,T_LULU,"Total emissions including land use, land-use change and forestry",T_CO2E,Tonnes of CO2-equivalent,2013,,917292.62,,A,Normal value,3,Thousands,,,,,2,Two,,
DATAFLOW,OECD.ENV.EPI:DSD_AIR_GHG@DF_AIR_GHG(1.0),Air emissions - Greenhouse gas emissions Inventories,I,DEU,Germany,A,Annual,GHG,Greenhouse gases,T_LULU,"Total emissions including land use, land-use change and forestry",T_CO2E,Tonnes of CO2-equivalent,2014,,884395.14,,A,Normal value,3,Thousands,,,,,2,Two,,
DATAFLOW,OECD.ENV.EPI:DSD_AIR_GHG@DF_AIR_GHG(1.0),Air emissions - Greenhouse gas emissions Inventories,I,DEU,Germany,A,Annual,GHG,Greenhouse gases,T_LULU,"Total emissions including land use, land-use change and forestry",T_CO2E,Tonnes of CO2-equivalent,2015,,885486.29,,A,Normal value,3,Thousands,,,,,2,Two,,
DATAFLOW,OECD.ENV.EPI:DSD_AIR_GHG@DF_AIR_GHG(1.0),Air emissions - Greenhouse gas emissions Inventories,I,DEU,Germany,A,Annual,GHG,Greenhouse gases,T_LULU,"Total emissions including land use, land-use change and forestry",T_CO2E,Tonnes of CO2-equivalent,2016,,884832.4,,A,Normal value,3,Thousands,,,,,2,Two,,
DATAFLOW,OECD.ENV.EPI:DSD_AIR_GHG@DF_AIR_GHG(1.0),Air emissions - Greenhouse gas emissions Inventories,I,DEU,Germany,A,Annual,GHG,Greenhouse gases,T_LULU,"Total emissions including land use, land-use change and forestry",T_CO2E,Tonnes of CO2-equivalent,2017,,870877.59,,A,Normal value,3,Thousands,,,,,2,Two,,
DATAFLOW,OECD.ENV.EPI:DSD_AIR_GHG@DF_AIR_GHG(1.0),Air emissions - Greenhouse gas emissions Inventories,I,DEU,Germany,A,Annual,GHG,Greenhouse gases,T_LULU,"Total emissions including land use, land-use change and forestry",T_CO2E,Tonnes of CO2-equivalent,2018,,838514.26,,A,Normal value,3,Thousands,,,,,2,Two,,
DATAFLOW,OECD.ENV.EPI:DSD_AIR_GHG@DF_AIR_GHG(1.0),Air emissions - Greenhouse gas emissions Inventories,I,DEU,Germany,A,Annual,GHG,Greenhouse gases,T_LULU,"Total emissions including land use, land-use change and forestry",T_CO2E,Tonnes of CO2-equivalent,2019,,787811.41,,A,Normal value,3,Thousands,,,,,2,Two,,
DATAFLOW,OECD.ENV.EPI:DSD_AIR_GHG@DF_AIR_GHG(1.0),Air emissions - Greenhouse gas emissions Inventories,I,DEU,Germany,A,Annual,GHG,Greenhouse gases,T_LULU,"Total emissions including land use, land-use change and forestry",T_CO2E,Tonnes of CO2-equivalent,2020,,735119.52,,A,Normal value,3,Thousands,,,,,2,Two,,
DATAFLOW,OECD.ENV.EPI:DSD_AIR_GHG@DF_AIR_GHG(1.0),Air emissions - Greenhouse gas emissions Inventories,I,DEU,Germany,A,Annual,GHG,Greenhouse gases,T_LULU,"Total emissions including land use, land-use change and forestry",T_CO2E,Tonnes of CO2-equivalent,2021,,764356.41,,A,Normal value,3,Thousands,,,,,2,Two,,
DATAFLOW,OECD.ENV.EPI:DSD_AIR_GHG@DF_AIR_GHG(1.0),Air emissions - Greenhouse gas emissions Inventories,I,ARG,Argentina,A,Annual,GHG,Greenhouse gases,T_LULU,"Total emissions including land use, land-use change and forestry",T_CO2E,Tonnes of CO2-equivalent,1990,,263538.62,,A,Normal value,3,Thousands,,,,,2,Two,,
DATAFLOW,OECD.ENV.EPI:DSD_AIR_GHG@DF_AIR_GHG(1.0),Air emissions - Greenhouse gas emissions Inventories,I,ARG,Argentina,A,Annual,GHG,Greenhouse gases,T_LULU,"Total emissions including land use, land-use change and forestry",T_CO2E,Tonnes of CO2-equivalent,1991,,288645.12,,A,Normal value,3,Thousands,,,,,2,Two,,
DATAFLOW,OECD.ENV.EPI:DSD_AIR_GHG@DF_AIR_GHG(1.0),Air emissions - Greenhouse gas emissions Inventories,I,ARG,Argentina,A,Annual,GHG,Greenhouse gases,T_LULU,"Total emissions including land use, land-use change and forestry",T_CO2E,Tonnes of CO2-equivalent,1992,,296012.6,,A,Normal value,3,Thousands,,,,,2,Two,,
DATAFLOW,OECD.ENV.EPI:DSD_AIR_GHG@DF_AIR_GHG(1.0),Air emissions - Greenhouse gas emissions Inventories,I,ARG,Argentina,A,Annual,GHG,Greenhouse gases,T_LULU,"Total emissions including land use, land-use change and forestry",T_CO2E,Tonnes of CO2-equivalent,1993,,292494.78,,A,Normal value,3,Thousands,,,,,2,Two,,
DATAFLOW,OECD.ENV.EPI:DSD_AIR_GHG@DF_AIR_GHG(1.0),Air emissions - Greenhouse gas emissions Inventories,I,ARG,Argentina,A,Annual,GHG,Greenhouse gases,T_LULU,"Total emissions including land use, land-use change and forestry",T_CO2E,Tonnes of CO2-equivalent,1994,,299001.64,,A,Normal value,3,Thousands,,,,,2,Two,,
DATAFLOW,OECD.ENV.EPI:DSD_AIR_GHG@DF_AIR_GHG(1.0),Air emissions - Greenhouse gas emissions Inventories,I,ARG,Argentina,A,Annual,GHG,Greenhouse gases,T_LULU,"Total emissions including land use, land-use change and forestry",T_CO2E,Tonnes of CO2-equivalent,1995,,304139.96,,A,Normal value,3,Thousands,,,,,2,Two,,
DATAFLOW,OECD.ENV.EPI:DSD_AIR_GHG@DF_AIR_GHG(1.0),Air emissions - Greenhouse gas emissions Inventories,I,ARG,Argentina,A,Annual,GHG,Greenhouse gases,T_LULU,"Total emissions including land use, land-use change and forestry",T_CO2E,Tonnes of CO2-equivalent,1996,,336870.02,,A,Normal value,3,Thousands,,,,,2,Two,,
DATAFLOW,OECD.ENV.EPI:DSD_AIR_GHG@DF_AIR_GHG(1.0),Air emissions - Greenhouse gas emissions Inventories,I,ARG,Argentina,A,Annual,GHG,Greenhouse gases,T_LULU,"Total emissions including land use, land-use change and forestry",T_CO2E,Tonnes of CO2-equivalent,1997,,332998.76,,A,Normal value,3,Thousands,,,,,2,Two,,
DATAFLOW,OECD.ENV.EPI:DSD_AIR_GHG@DF_AIR_GHG(1.0),Air emissions - Greenhouse gas emissions Inventories,I,ARG,Argentina,A,Annual,GHG,Greenhouse gases,T_LULU,"Total emissions including land use, land-use change and forestry",T_CO2E,Tonnes of CO2-equivalent,1998,,357625.47,,A,Normal value,3,Thousands,,,,,2,Two,,
DATAFLOW,OECD.ENV.EPI:DSD_AIR_GHG@DF_AIR_GHG(1.0),Air emissions - Greenhouse gas emissions Inventories,I,ARG,Argentina,A,Annual,GHG,Greenhouse gases,T_LULU,"Total emissions including land use, land-use change and forestry",T_CO2E,Tonnes of CO2-equivalent,1999,,348171.47,,A,Normal value,3,Thousands,,,,,2,Two,,
DATAFLOW,OECD.ENV.EPI:DSD_AIR_GHG@DF_AIR_GHG(1.0),Air emissions - Greenhouse gas emissions Inventories,I,ARG,Argentina,A,Annual,GHG,Greenhouse gases,T_LULU,"Total emissions including land use, land-use change and forestry",T_CO2E,Tonnes of CO2-equivalent,2000,,348249.25,,A,Normal value,3,Thousands,,,,,2,Two,,
DATAFLOW,OECD.ENV.EPI:DSD_AIR_GHG@DF_AIR_GHG(1.0),Air emissions - Greenhouse gas emissions Inventories,I,ARG,Argentina,A,Annual,GHG,Greenhouse gases,T_LULU,"Total emissions including land use, land-use change and forestry",T_CO2E,Tonnes of CO2-equivalent,2001,,348003.97,,A,Normal value,3,Thousands,,,,,2,Two,,
DATAFLOW,OECD.ENV.EPI:DSD_AIR_GHG@DF_AIR_GHG(1.0),Air emissions - Greenhouse gas emissions Inventories,I,ARG,Argentina,A,Annual,GHG,Greenhouse gases,T_LULU,"Total emissions including land use, land-use change and forestry",T_CO2E,Tonnes of CO2-equivalent,2002,,351484.71,,A,Normal value,3,Thousands,,,,,2,Two,,
DATAFLOW,OECD.ENV.EPI:DSD_AIR_GHG@DF_AIR_GHG(1.0),Air emissions - Greenhouse gas emissions Inventories,I,ARG,Argentina,A,Annual,GHG,Greenhouse gases,T_LULU,"Total emissions including land use, land-use change and forestry",T_CO2E,Tonnes of CO2-equivalent,2003,,367365.64,,A,Normal value,3,Thousands,,,,,2,Two,,
DATAFLOW,OECD.ENV.EPI:DSD_AIR_GHG@DF_AIR_GHG(1.0),Air emissions - Greenhouse gas emissions Inventories,I,ARG,Argentina,A,Annual,GHG,Greenhouse gases,T_LULU,"Total emissions including land use, land-use change and forestry",T_CO2E,Tonnes of CO2-equivalent,2004,,382926.81,,A,Normal value,3,Thousands,,,,,2,Two,,
DATAFLOW,OECD.ENV.EPI:DSD_AIR_GHG@DF_AIR_GHG(1.0),Air emissions - Greenhouse gas emissions Inventories,I,ARG,Argentina,A,Annual,GHG,Greenhouse gases,T_LULU,"Total emissions including land use, land-use change and forestry",T_CO2E,Tonnes of CO2-equivalent,2005,,378889.11,,A,Normal value,3,Thousands,,,,,2,Two,,
DATAFLOW,OECD.ENV.EPI:DSD_AIR_GHG@DF_AIR_GHG(1.0),Air emissions - Greenhouse gas emissions Inventories,I,ARG,Argentina,A,Annual,GHG,Greenhouse gases,T_LULU,"Total emissions including land use, land-use change and forestry",T_CO2E,Tonnes of CO2-equivalent,2006,,404970.81,,A,Normal value,3,Thousands,,,,,2,Two,,
DATAFLOW,OECD.ENV.EPI:DSD_AIR_GHG@DF_AIR_GHG(1.0),Air emissions - Greenhouse gas emissions Inventories,I,ARG,Argentina,A,Annual,GHG,Greenhouse gases,T_LULU,"Total emissions including land use, land-use change and forestry",T_CO2E,Tonnes of CO2-equivalent,2007,,424627.04,,A,Normal value,3,Thousands,,,,,2,Two,,
DATAFLOW,OECD.ENV.EPI:DSD_AIR_GHG@DF_AIR_GHG(1.0),Air emissions - Greenhouse gas emissions Inventories,I,ARG,Argentina,A,Annual,GHG,Greenhouse gases,T_LULU,"Total emissions including land use, land-use change and forestry",T_CO2E,Tonnes of CO2-equivalent,2008,,403837.49,,A,Normal value,3,Thousands,,,,,2,Two,,
DATAFLOW,OECD.ENV.EPI:DSD_AIR_GHG@DF_AIR_GHG(1.0),Air emissions - Greenhouse gas emissions Inventories,I,ARG,Argentina,A,Annual,GHG,Greenhouse gases,T_LULU,"Total emissions including land use, land-use change and forestry",T_CO2E,Tonnes of CO2-equivalent,2009,,359865.01,,A,Normal value,3,Thousands,,,,,2,Two,,
DATAFLOW,OECD.ENV.EPI:DSD_AIR_GHG@DF_AIR_GHG(1.0),Air emissions - Greenhouse gas emissions Inventories,I,ARG,Argentina,A,Annual,GHG,Greenhouse gases,T_LULU,"Total emissions including land use, land-use change and forestry",T_CO2E,Tonnes of CO2-equivalent,2010,,373477.73,,A,Normal value,3,Thousands,,,,,2,Two,,
DATAFLOW,OECD.ENV.EPI:DSD_AIR_GHG@DF_AIR_GHG(1.0),Air emissions - Greenhouse gas emissions Inventories,I,ARG,Argentina,A,Annual,GHG,Greenhouse gases,T_LULU,"Total emissions including land use, land-use change and forestry",T_CO2E,Tonnes of CO2-equivalent,2011,,371189.92,,A,Normal value,3,Thousands,,,,,2,Two,,
DATAFLOW,OECD.ENV.EPI:DSD_AIR_GHG@DF_AIR_GHG(1.0),Air emissions - Greenhouse gas emissions Inventories,I,ARG,Argentina,A,Annual,GHG,Greenhouse gases,T_LULU,"Total emissions including land use, land-use change and forestry",T_CO2E,Tonnes of CO2-equivalent,2012,,407659.17,,A,Normal value,3,Thousands,,,,,2,Two,,
DATAFLOW,OECD.ENV.EPI:DSD_AIR_GHG@DF_AIR_GHG(1.0),Air emissions - Greenhouse gas emissions Inventories,I,ARG,Argentina,A,Annual,GHG,Greenhouse gases,T_LULU,"Total emissions including land use, land-use change and forestry",T_CO2E,Tonnes of CO2-equivalent,2013,,411030.98,,A,Normal value,3,Thousands,,,,,2,Two,,
DATAFLOW,OECD.ENV.EPI:DSD_AIR_GHG@DF_AIR_GHG(1.0),Air emissions - Greenhouse gas emissions Inventories,I,ARG,Argentina,A,Annual,GHG,Greenhouse gases,T_LULU,"Total emissions including land use, land-use change and forestry",T_CO2E,Tonnes of CO2-equivalent,2014,,384023.97,,A,Normal value,3,Thousands,,,,,2,Two,,
DATAFLOW,OECD.ENV.EPI:DSD_AIR_GHG@DF_AIR_GHG(1.0),Air emissions - Greenhouse gas emissions Inventories,I,ARG,Argentina,A,Annual,GHG,Greenhouse gases,T_LULU,"Total emissions including land use, land-use change and forestry",T_CO2E,Tonnes of CO2-equivalent,2015,,366396.27,,A,Normal value,3,Thousands,,,,,2,Two,,
DATAFLOW,OECD.ENV.EPI:DSD_AIR_GHG@DF_AIR_GHG(1.0),Air emissions - Greenhouse gas emissions Inventories,I,ARG,Argentina,A,Annual,GHG,Greenhouse gases,T_LULU,"Total emissions including land use, land-use change and forestry",T_CO2E,Tonnes of CO2-equivalent,2016,,359673.05,,A,Normal value,3,Thousands,,,,,2,Two,,
DATAFLOW,OECD.ENV.EPI:DSD_AIR_GHG@DF_AIR_GHG(1.0),Air emissions - Greenhouse gas emissions Inventories,I,ARG,Argentina,A,Annual,GHG,Greenhouse gases,T_LULU,"Total emissions including land use, land-use change and forestry",T_CO2E,Tonnes of CO2-equivalent,2017,,370159.72,,A,Normal value,3,Thousands,,,,,2,Two,,
DATAFLOW,OECD.ENV.EPI:DSD_AIR_GHG@DF_AIR_GHG(1.0),Air emissions - Greenhouse gas emissions Inventories,I,ARG,Argentina,A,Annual,GHG,Greenhouse gases,T_LULU,"Total emissions including land use, land-use change and forestry",T_CO2E,Tonnes of CO2-equivalent,2018,,365889.79,,A,Normal value,3,Thousands,,,,,2,Two,,
DATAFLOW,OECD.ENV.EPI:DSD_AIR_GHG@DF_AIR_GHG(1.0),Air emissions - Greenhouse gas emissions Inventories,I,BGD,Bangladesh,A,Annual,GHG,Greenhouse gases,T_LULU,"Total emissions including land use, land-use change and forestry",T_CO2E,Tonnes of CO2-equivalent,1994,,53764.12,,A,Normal value,3,Thousands,,,,,2,Two,,
DATAFLOW,OECD.ENV.EPI:DSD_AIR_GHG@DF_AIR_GHG(1.0),Air emissions - Greenhouse gas emissions Inventories,I,BGD,Bangladesh,A,Annual,GHG,Greenhouse gases,T_LULU,"Total emissions including land use, land-use change and forestry",T_CO2E,Tonnes of CO2-equivalent,2001,,113325.83,,A,Normal value,3,Thousands,,,,,2,Two,,
DATAFLOW,OECD.ENV.EPI:DSD_AIR_GHG@DF_AIR_GHG(1.0),Air emissions - Greenhouse gas emissions Inventories,I,BGD,Bangladesh,A,Annual,GHG,Greenhouse gases,T_LULU,"Total emissions including land use, land-use change and forestry",T_CO2E,Tonnes of CO2-equivalent,2005,,117647.76,,A,Normal value,3,Thousands,,,,,2,Two,,
DATAFLOW,OECD.ENV.EPI:DSD_AIR_GHG@DF_AIR_GHG(1.0),Air emissions - Greenhouse gas emissions Inventories,I,MLT,Malta,A,Annual,GHG,Greenhouse gases,T_LULU,"Total emissions including land use, land-use change and forestry",T_CO2E,Tonnes of CO2-equivalent,1990,,2618.43,,A,Normal value,3,Thousands,,,,,2,Two,,
DATAFLOW,OECD.ENV.EPI:DSD_AIR_GHG@DF_AIR_GHG(1.0),Air emissions - Greenhouse gas emissions Inventories,I,MLT,Malta,A,Annual,GHG,Greenhouse gases,T_LULU,"Total emissions including land use, land-use change and forestry",T_CO2E,Tonnes of CO2-equivalent,1991,,2471.84,,A,Normal value,3,Thousands,,,,,2,Two,,
DATAFLOW,OECD.ENV.EPI:DSD_AIR_GHG@DF_AIR_GHG(1.0),Air emissions - Greenhouse gas emissions Inventories,I,MLT,Malta,A,Annual,GHG,Greenhouse gases,T_LULU,"Total emissions including land use, land-use change and forestry",T_CO2E,Tonnes of CO2-equivalent,1992,,2508.07,,A,Normal value,3,Thousands,,,,,2,Two,,
DATAFLOW,OECD.ENV.EPI:DSD_AIR_GHG@DF_AIR_GHG(1.0),Air emissions - Greenhouse gas emissions Inventories,I,MLT,Malta,A,Annual,GHG,Greenhouse gases,T_LULU,"Total emissions including land use, land-use change and forestry",T_CO2E,Tonnes of CO2-equivalent,1993,,3110.94,,A,Normal value,3,Thousands,,,,,2,Two,,
DATAFLOW,OECD.ENV.EPI:DSD_AIR_GHG@DF_AIR_GHG(1.0),Air emissions - Greenhouse gas emissions Inventories,I,MLT,Malta,A,Annual,GHG,Greenhouse gases,T_LULU,"Total emissions including land use, land-use change and forestry",T_CO2E,Tonnes of CO2-equivalent,1994,,2889.61,,A,Normal value,3,Thousands,,,,,2,Two,,
DATAFLOW,OECD.ENV.EPI:DSD_AIR_GHG@DF_AIR_GHG(1.0),Air emissions - Greenhouse gas emissions Inventories,I,MLT,Malta,A,Annual,GHG,Greenhouse gases,T_LULU,"Total emissions including land use, land-use change and forestry",T_CO2E,Tonnes of CO2-equivalent,1995,,2687.06,,A,Normal value,3,Thousands,,,,,2,Two,,
DATAFLOW,OECD.ENV.EPI:DSD_AIR_GHG@DF_AIR_GHG(1.0),Air emissions - Greenhouse gas emissions Inventories,I,MLT,Malta,A,Annual,GHG,Greenhouse gases,T_LULU,"Total emissions including land use, land-use change and forestry",T_CO2E,Tonnes of CO2-equivalent,1996,,2777.77,,A,Normal value,3,Thousands,,,,,2,Two,,
DATAFLOW,OECD.ENV.EPI:DSD_AIR_GHG@DF_AIR_GHG(1.0),Air emissions - Greenhouse gas emissions Inventories,I,MLT,Malta,A,Annual,GHG,Greenhouse gases,T_LULU,"Total emissions including land use, land-use change and forestry",T_CO2E,Tonnes of CO2-equivalent,1997,,2809.23,,A,Normal value,3,Thousands,,,,,2,Two,,
DATAFLOW,OECD.ENV.EPI:DSD_AIR_GHG@DF_AIR_GHG(1.0),Air emissions - Greenhouse gas emissions Inventories,I,MLT,Malta,A,Annual,GHG,Greenhouse gases,T_LULU,"Total emissions including land use, land-use change and forestry",T_CO2E,Tonnes of CO2-equivalent,1998,,2783.63,,A,Normal value,3,Thousands,,,,,2,Two,,
DATAFLOW,OECD.ENV.EPI:DSD_AIR_GHG@DF_AIR_GHG(1.0),Air emissions - Greenhouse gas emissions Inventories,I,MLT,Malta,A,Annual,GHG,Greenhouse gases,T_LULU,"Total emissions including land use, land-use change and forestry",T_CO2E,Tonnes of CO2-equivalent,1999,,2840.26,,A,Normal value,3,Thousands,,,,,2,Two,,
DATAFLOW,OECD.ENV.EPI:DSD_AIR_GHG@DF_AIR_GHG(1.0),Air emissions - Greenhouse gas emissions Inventories,I,MLT,Malta,A,Annual,GHG,Greenhouse gases,T_LULU,"Total emissions including land use, land-use change and forestry",T_CO2E,Tonnes of CO2-equivalent,2000,,2744.77,,A,Normal value,3,Thousands,,,,,2,Two,,
DATAFLOW,OECD.ENV.EPI:DSD_AIR_GHG@DF_AIR_GHG(1.0),Air emissions - Greenhouse gas emissions Inventories,I,MLT,Malta,A,Annual,GHG,Greenhouse gases,T_LULU,"Total emissions including land use, land-use change and forestry",T_CO2E,Tonnes of CO2-equivalent,2001,,3023.58,,A,Normal value,3,Thousands,,,,,2,Two,,
DATAFLOW,OECD.ENV.EPI:DSD_AIR_GHG@DF_AIR_GHG(1.0),Air emissions - Greenhouse gas emissions Inventories,I,MLT,Malta,A,Annual,GHG,Greenhouse gases,T_LULU,"Total emissions including land use, land-use change and forestry",T_CO2E,Tonnes of CO2-equivalent,2002,,3068.1,,A,Normal value,3,Thousands,,,,,2,Two,,
DATAFLOW,OECD.ENV.EPI:DSD_AIR_GHG@DF_AIR_GHG(1.0),Air emissions - Greenhouse gas emissions Inventories,I,MLT,Malta,A,Annual,GHG,Greenhouse gases,T_LULU,"Total emissions including land use, land-use change and forestry",T_CO2E,Tonnes of CO2-equivalent,2003,,3290.34,,A,Normal value,3,Thousands,,,,,2,Two,,
DATAFLOW,OECD.ENV.EPI:DSD_AIR_GHG@DF_AIR_GHG(1.0),Air emissions - Greenhouse gas emissions Inventories,I,MLT,Malta,A,Annual,GHG,Greenhouse gases,T_LULU,"Total emissions including land use, land-use change and forestry",T_CO2E,Tonnes of CO2-equivalent,2004,,3175.78,,A,Normal value,3,Thousands,,,,,2,Two,,
DATAFLOW,OECD.ENV.EPI:DSD_AIR_GHG@DF_AIR_GHG(1.0),Air emissions - Greenhouse gas emissions Inventories,I,MLT,Malta,A,Annual,GHG,Greenhouse gases,T_LULU,"Total emissions including land use, land-use change and forestry",T_CO2E,Tonnes of CO2-equivalent,2005,,2997.17,,A,Normal value,3,Thousands,,,,,2,Two,,
DATAFLOW,OECD.ENV.EPI:DSD_AIR_GHG@DF_AIR_GHG(1.0),Air emissions - Greenhouse gas emissions Inventories,I,MLT,Malta,A,Annual,GHG,Greenhouse gases,T_LULU,"Total emissions including land use, land-use change and forestry",T_CO2E,Tonnes of CO2-equivalent,2006,,3050.55,,A,Normal value,3,Thousands,,,,,2,Two,,
DATAFLOW,OECD.ENV.EPI:DSD_AIR_GHG@DF_AIR_GHG(1.0),Air emissions - Greenhouse gas emissions Inventories,I,MLT,Malta,A,Annual,GHG,Greenhouse gases,T_LULU,"Total emissions including land use, land-use change and forestry",T_CO2E,Tonnes of CO2-equivalent,2007,,3138.38,,A,Normal value,3,Thousands,,,,,2,Two,,
DATAFLOW,OECD.ENV.EPI:DSD_AIR_GHG@DF_AIR_GHG(1.0),Air emissions - Greenhouse gas emissions Inventories,I,MLT,Malta,A,Annual,GHG,Greenhouse gases,T_LULU,"Total emissions including land use, land-use change and forestry",T_CO2E,Tonnes of CO2-equivalent,2008,,3031.9,,A,Normal value,3,Thousands,,,,,2,Two,,
DATAFLOW,OECD.ENV.EPI:DSD_AIR_GHG@DF_AIR_GHG(1.0),Air emissions - Greenhouse gas emissions Inventories,I,MLT,Malta,A,Annual,GHG,Greenhouse gases,T_LULU,"Total emissions including land use, land-use change and forestry",T_CO2E,Tonnes of CO2-equivalent,2009,,2896.69,,A,Normal value,3,Thousands,,,,,2,Two,,
DATAFLOW,OECD.ENV.EPI:DSD_AIR_GHG@DF_AIR_GHG(1.0),Air emissions - Greenhouse gas emissions Inventories,I,MLT,Malta,A,Annual,GHG,Greenhouse gases,T_LULU,"Total emissions including land use, land-use change and forestry",T_CO2E,Tonnes of CO2-equivalent,2010,,2973.53,,A,Normal value,3,Thousands,,,,,2,Two,,
DATAFLOW,OECD.ENV.EPI:DSD_AIR_GHG@DF_AIR_GHG(1.0),Air emissions - Greenhouse gas emissions Inventories,I,MLT,Malta,A,Annual,GHG,Greenhouse gases,T_LULU,"Total emissions including land use, land-use change and forestry",T_CO2E,Tonnes of CO2-equivalent,2011,,2959.09,,A,Normal value,3,Thousands,,,,,2,Two,,
DATAFLOW,OECD.ENV.EPI:DSD_AIR_GHG@DF_AIR_GHG(1.0),Air emissions - Greenhouse gas emissions Inventories,I,MLT,Malta,A,Annual,GHG,Greenhouse gases,T_LULU,"Total emissions including land use, land-use change and forestry",T_CO2E,Tonnes of CO2-equivalent,2012,,3124.49,,A,Normal value,3,Thousands,,,,,2,Two,,
DATAFLOW,OECD.ENV.EPI:DSD_AIR_GHG@DF_AIR_GHG(1.0),Air emissions - Greenhouse gas emissions Inventories,I,MLT,Malta,A,Annual,GHG,Greenhouse gases,T_LULU,"Total emissions including land use, land-use change and forestry",T_CO2E,Tonnes of CO2-equivalent,2013,,2797.55,,A,Normal value,3,Thousands,,,,,2,Two,,
DATAFLOW,OECD.ENV.EPI:DSD_AIR_GHG@DF_AIR_GHG(1.0),Air emissions - Greenhouse gas emissions Inventories,I,MLT,Malta,A,Annual,GHG,Greenhouse gases,T_LULU,"Total emissions including land use, land-use change and forestry",T_CO2E,Tonnes of CO2-equivalent,2014,,2803.03,,A,Normal value,3,Thousands,,,,,2,Two,,
DATAFLOW,OECD.ENV.EPI:DSD_AIR_GHG@DF_AIR_GHG(1.0),Air emissions - Greenhouse gas emissions Inventories,I,MLT,Malta,A,Annual,GHG,Greenhouse gases,T_LULU,"Total emissions including land use, land-use change and forestry",T_CO2E,Tonnes of CO2-equivalent,2015,,2125.35,,A,Normal value,3,Thousands,,,,,2,Two,,
DATAFLOW,OECD.ENV.EPI:DSD_AIR_GHG@DF_AIR_GHG(1.0),Air emissions - Greenhouse gas emissions Inventories,I,MLT,Malta,A,Annual,GHG,Greenhouse gases,T_LULU,"Total emissions including land use, land-use change and forestry",T_CO2E,Tonnes of CO2-equivalent,2016,,1843.16,,A,Normal value,3,Thousands,,,,,2,Two,,
DATAFLOW,OECD.ENV.EPI:DSD_AIR_GHG@DF_AIR_GHG(1.0),Air emissions - Greenhouse gas emissions Inventories,I,MLT,Malta,A,Annual,GHG,Greenhouse gases,T_LULU,"Total emissions including land use, land-use change and forestry",T_CO2E,Tonnes of CO2-equivalent,2017,,2029.44,,A,Normal value,3,Thousands,,,,,2,Two,,
DATAFLOW,OECD.ENV.EPI:DSD_AIR_GHG@DF_AIR_GHG(1.0),Air emissions - Greenhouse gas emissions Inventories,I,MLT,Malta,A,Annual,GHG,Greenhouse gases,T_LULU,"Total emissions including land use, land-use change and forestry",T_CO2E,Tonnes of CO2-equivalent,2018,,2038.21,,A,Normal value,3,Thousands,,,,,2,Two,,
DATAFLOW,OECD.ENV.EPI:DSD_AIR_GHG@DF_AIR_GHG(1.0),Air emissions - Greenhouse gas emissions Inventories,I,MLT,Malta,A,Annual,GHG,Greenhouse gases,T_LULU,"Total emissions including land use, land-use change and forestry",T_CO2E,Tonnes of CO2-equivalent,2019,,2155.64,,A,Normal value,3,Thousands,,,,,2,Two,,
DATAFLOW,OECD.ENV.EPI:DSD_AIR_GHG@DF_AIR_GHG(1.0),Air emissions - Greenhouse gas emissions Inventories,I,MLT,Malta,A,Annual,GHG,Greenhouse gases,T_LULU,"Total emissions including land use, land-use change and forestry",T_CO2E,Tonnes of CO2-equivalent,2020,,2120.14,,A,Normal value,3,Thousands,,,,,2,Two,,
DATAFLOW,OECD.ENV.EPI:DSD_AIR_GHG@DF_AIR_GHG(1.0),Air emissions - Greenhouse gas emissions Inventories,I,MLT,Malta,A,Annual,GHG,Greenhouse gases,T_LULU,"Total emissions including land use, land-use change and forestry",T_CO2E,Tonnes of CO2-equivalent,2021,,2134.26,,A,Normal value,3,Thousands,,,,,2,Two,,
DATAFLOW,OECD.ENV.EPI:DSD_AIR_GHG@DF_AIR_GHG(1.0),Air emissions - Greenhouse gas emissions Inventories,I,OECDA,OECD America,A,Annual,GHG,Greenhouse gases,T_LULU,"Total emissions including land use, land-use change and forestry",T_CO2E,Tonnes of CO2-equivalent,1990,,6838449.94,,A,Normal value,3,Thousands,,,,,2,Two,,
DATAFLOW,OECD.ENV.EPI:DSD_AIR_GHG@DF_AIR_GHG(1.0),Air emissions - Greenhouse gas emissions Inventories,I,OECDA,OECD America,A,Annual,GHG,Greenhouse gases,T_LULU,"Total emissions including land use, land-use change and forestry",T_CO2E,Tonnes of CO2-equivalent,1991,,6768491.63,,A,Normal value,3,Thousands,,,,,2,Two,,
DATAFLOW,OECD.ENV.EPI:DSD_AIR_GHG@DF_AIR_GHG(1.0),Air emissions - Greenhouse gas emissions Inventories,I,OECDA,OECD America,A,Annual,GHG,Greenhouse gases,T_LULU,"Total emissions including land use, land-use change and forestry",T_CO2E,Tonnes of CO2-equivalent,1992,,6912813.69,,A,Normal value,3,Thousands,,,,,2,Two,,
DATAFLOW,OECD.ENV.EPI:DSD_AIR_GHG@DF_AIR_GHG(1.0),Air emissions - Greenhouse gas emissions Inventories,I,OECDA,OECD America,A,Annual,GHG,Greenhouse gases,T_LULU,"Total emissions including land use, land-use change and forestry",T_CO2E,Tonnes of CO2-equivalent,1993,,7057069.63,,A,Normal value,3,Thousands,,,,,2,Two,,
DATAFLOW,OECD.ENV.EPI:DSD_AIR_GHG@DF_AIR_GHG(1.0),Air emissions - Greenhouse gas emissions Inventories,I,OECDA,OECD America,A,Annual,GHG,Greenhouse gases,T_LULU,"Total emissions including land use, land-use change and forestry",T_CO2E,Tonnes of CO2-equivalent,1994,,7198895.38,,A,Normal value,3,Thousands,,,,,2,Two,,
DATAFLOW,OECD.ENV.EPI:DSD_AIR_GHG@DF_AIR_GHG(1.0),Air emissions - Greenhouse gas emissions Inventories,I,OECDA,OECD America,A,Annual,GHG,Greenhouse gases,T_LULU,"Total emissions including land use, land-use change and forestry",T_CO2E,Tonnes of CO2-equivalent,1995,,7326807.19,,A,Normal value,3,Thousands,,,,,2,Two,,
DATAFLOW,OECD.ENV.EPI:DSD_AIR_GHG@DF_AIR_GHG(1.0),Air emissions - Greenhouse gas emissions Inventories,I,OECDA,OECD America,A,Annual,GHG,Greenhouse gases,T_LULU,"Total emissions including land use, land-use change and forestry",T_CO2E,Tonnes of CO2-equivalent,1996,,7553635,,A,Normal value,3,Thousands,,,,,2,Two,,
DATAFLOW,OECD.ENV.EPI:DSD_AIR_GHG@DF_AIR_GHG(1.0),Air emissions - Greenhouse gas emissions Inventories,I,OECDA,OECD America,A,Annual,GHG,Greenhouse gases,T_LULU,"Total emissions including land use, land-use change and forestry",T_CO2E,Tonnes of CO2-equivalent,1997,,7674128.5,,A,Normal value,3,Thousands,,,,,2,Two,,
DATAFLOW,OECD.ENV.EPI:DSD_AIR_GHG@DF_AIR_GHG(1.0),Air emissions - Greenhouse gas emissions Inventories,I,OECDA,OECD America,A,Annual,GHG,Greenhouse gases,T_LULU,"Total emissions including land use, land-use change and forestry",T_CO2E,Tonnes of CO2-equivalent,1998,,7768765.31,,A,Normal value,3,Thousands,,,,,2,Two,,
DATAFLOW,OECD.ENV.EPI:DSD_AIR_GHG@DF_AIR_GHG(1.0),Air emissions - Greenhouse gas emissions Inventories,I,OECDA,OECD America,A,Annual,GHG,Greenhouse gases,T_LULU,"Total emissions including land use, land-use change and forestry",T_CO2E,Tonnes of CO2-equivalent,1999,,7814642.25,,A,Normal value,3,Thousands,,,,,2,Two,,
DATAFLOW,OECD.ENV.EPI:DSD_AIR_GHG@DF_AIR_GHG(1.0),Air emissions - Greenhouse gas emissions Inventories,I,OECDA,OECD America,A,Annual,GHG,Greenhouse gases,T_LULU,"Total emissions including land use, land-use change and forestry",T_CO2E,Tonnes of CO2-equivalent,2000,,7841720.31,,A,Normal value,3,Thousands,,,,,2,Two,,
DATAFLOW,OECD.ENV.EPI:DSD_AIR_GHG@DF_AIR_GHG(1.0),Air emissions - Greenhouse gas emissions Inventories,I,OECDA,OECD America,A,Annual,GHG,Greenhouse gases,T_LULU,"Total emissions including land use, land-use change and forestry",T_CO2E,Tonnes of CO2-equivalent,2001,,7669141.25,,A,Normal value,3,Thousands,,,,,2,Two,,
DATAFLOW,OECD.ENV.EPI:DSD_AIR_GHG@DF_AIR_GHG(1.0),Air emissions - Greenhouse gas emissions Inventories,I,OECDA,OECD America,A,Annual,GHG,Greenhouse gases,T_LULU,"Total emissions including land use, land-use change and forestry",T_CO2E,Tonnes of CO2-equivalent,2002,,7844210.38,,A,Normal value,3,Thousands,,,,,2,Two,,
DATAFLOW,OECD.ENV.EPI:DSD_AIR_GHG@DF_AIR_GHG(1.0),Air emissions - Greenhouse gas emissions Inventories,I,OECDA,OECD America,A,Annual,GHG,Greenhouse gases,T_LULU,"Total emissions including land use, land-use change and forestry",T_CO2E,Tonnes of CO2-equivalent,2003,,7895263.5,,A,Normal value,3,Thousands,,,,,2,Two,,
DATAFLOW,OECD.ENV.EPI:DSD_AIR_GHG@DF_AIR_GHG(1.0),Air emissions - Greenhouse gas emissions Inventories,I,OECDA,OECD America,A,Annual,GHG,Greenhouse gases,T_LULU,"Total emissions including land use, land-use change and forestry",T_CO2E,Tonnes of CO2-equivalent,2004,,8156263.44,,A,Normal value,3,Thousands,,,,,2,Two,,
DATAFLOW,OECD.ENV.EPI:DSD_AIR_GHG@DF_AIR_GHG(1.0),Air emissions - Greenhouse gas emissions Inventories,I,OECDA,OECD America,A,Annual,GHG,Greenhouse gases,T_LULU,"Total emissions including land use, land-use change and forestry",T_CO2E,Tonnes of CO2-equivalent,2005,,8111047.44,,A,Normal value,3,Thousands,,,,,2,Two,,
DATAFLOW,OECD.ENV.EPI:DSD_AIR_GHG@DF_AIR_GHG(1.0),Air emissions - Greenhouse gas emissions Inventories,I,OECDA,OECD America,A,Annual,GHG,Greenhouse gases,T_LULU,"Total emissions including land use, land-use change and forestry",T_CO2E,Tonnes of CO2-equivalent,2006,,7998320.94,,A,Normal value,3,Thousands,,,,,2,Two,,
DATAFLOW,OECD.ENV.EPI:DSD_AIR_GHG@DF_AIR_GHG(1.0),Air emissions - Greenhouse gas emissions Inventories,I,OECDA,OECD America,A,Annual,GHG,Greenhouse gases,T_LULU,"Total emissions including land use, land-use change and forestry",T_CO2E,Tonnes of CO2-equivalent,2007,,8241278.25,,A,Normal value,3,Thousands,,,,,2,Two,,
DATAFLOW,OECD.ENV.EPI:DSD_AIR_GHG@DF_AIR_GHG(1.0),Air emissions - Greenhouse gas emissions Inventories,I,OECDA,OECD America,A,Annual,GHG,Greenhouse gases,T_LULU,"Total emissions including land use, land-use change and forestry",T_CO2E,Tonnes of CO2-equivalent,2008,,8053481.44,,A,Normal value,3,Thousands,,,,,2,Two,,
DATAFLOW,OECD.ENV.EPI:DSD_AIR_GHG@DF_AIR_GHG(1.0),Air emissions - Greenhouse gas emissions Inventories,I,OECDA,OECD America,A,Annual,GHG,Greenhouse gases,T_LULU,"Total emissions including land use, land-use change and forestry",T_CO2E,Tonnes of CO2-equivalent,2009,,7570347.63,,A,Normal value,3,Thousands,,,,,2,Two,,
DATAFLOW,OECD.ENV.EPI:DSD_AIR_GHG@DF_AIR_GHG(1.0),Air emissions - Greenhouse gas emissions Inventories,I,OECDA,OECD America,A,Annual,GHG,Greenhouse gases,T_LULU,"Total emissions including land use, land-use change and forestry",T_CO2E,Tonnes of CO2-equivalent,2010,,7792247.94,,A,Normal value,3,Thousands,,,,,2,Two,,
DATAFLOW,OECD.ENV.EPI:DSD_AIR_GHG@DF_AIR_GHG(1.0),Air emissions - Greenhouse gas emissions Inventories,I,OECDA,OECD America,A,Annual,GHG,Greenhouse gases,T_LULU,"Total emissions including land use, land-use change and forestry",T_CO2E,Tonnes of CO2-equivalent,2011,,7655552.5,,A,Normal value,3,Thousands,,,,,2,Two,,
DATAFLOW,OECD.ENV.EPI:DSD_AIR_GHG@DF_AIR_GHG(1.0),Air emissions - Greenhouse gas emissions Inventories,I,OECDA,OECD America,A,Annual,GHG,Greenhouse gases,T_LULU,"Total emissions including land use, land-use change and forestry",T_CO2E,Tonnes of CO2-equivalent,2012,,7416958.5,,A,Normal value,3,Thousands,,,,,2,Two,,
DATAFLOW,OECD.ENV.EPI:DSD_AIR_GHG@DF_AIR_GHG(1.0),Air emissions - Greenhouse gas emissions Inventories,I,OECDA,OECD America,A,Annual,GHG,Greenhouse gases,T_LULU,"Total emissions including land use, land-use change and forestry",T_CO2E,Tonnes of CO2-equivalent,2013,,7628737.56,,A,Normal value,3,Thousands,,,,,2,Two,,
DATAFLOW,OECD.ENV.EPI:DSD_AIR_GHG@DF_AIR_GHG(1.0),Air emissions - Greenhouse gas emissions Inventories,I,OECDA,OECD America,A,Annual,GHG,Greenhouse gases,T_LULU,"Total emissions including land use, land-use change and forestry",T_CO2E,Tonnes of CO2-equivalent,2014,,7653325.44,,A,Normal value,3,Thousands,,,,,2,Two,,
DATAFLOW,OECD.ENV.EPI:DSD_AIR_GHG@DF_AIR_GHG(1.0),Air emissions - Greenhouse gas emissions Inventories,I,OECDA,OECD America,A,Annual,GHG,Greenhouse gases,T_LULU,"Total emissions including land use, land-use change and forestry",T_CO2E,Tonnes of CO2-equivalent,2015,,7644593.38,,A,Normal value,3,Thousands,,,,,2,Two,,
DATAFLOW,OECD.ENV.EPI:DSD_AIR_GHG@DF_AIR_GHG(1.0),Air emissions - Greenhouse gas emissions Inventories,I,OECDA,OECD America,A,Annual,GHG,Greenhouse gases,T_LULU,"Total emissions including land use, land-use change and forestry",T_CO2E,Tonnes of CO2-equivalent,2016,,7371158.88,,A,Normal value,3,Thousands,,,,,2,Two,,
DATAFLOW,OECD.ENV.EPI:DSD_AIR_GHG@DF_AIR_GHG(1.0),Air emissions - Greenhouse gas emissions Inventories,I,OECDA,OECD America,A,Annual,GHG,Greenhouse gases,T_LULU,"Total emissions including land use, land-use change and forestry",T_CO2E,Tonnes of CO2-equivalent,2017,,7448292.06,,A,Normal value,3,Thousands,,,,,2,Two,,
DATAFLOW,OECD.ENV.EPI:DSD_AIR_GHG@DF_AIR_GHG(1.0),Air emissions - Greenhouse gas emissions Inventories,I,OECDA,OECD America,A,Annual,GHG,Greenhouse gases,T_LULU,"Total emissions including land use, land-use change and forestry",T_CO2E,Tonnes of CO2-equivalent,2018,,7621487,,A,Normal value,3,Thousands,,,,,2,Two,,
DATAFLOW,OECD.ENV.EPI:DSD_AIR_GHG@DF_AIR_GHG(1.0),Air emissions - Greenhouse gas emissions Inventories,I,OECDA,OECD America,A,Annual,GHG,Greenhouse gases,T_LULU,"Total emissions including land use, land-use change and forestry",T_CO2E,Tonnes of CO2-equivalent,2019,,7506615.31,,A,Normal value,3,Thousands,,,,,2,Two,,
DATAFLOW,OECD.ENV.EPI:DSD_AIR_GHG@DF_AIR_GHG(1.0),Air emissions - Greenhouse gas emissions Inventories,I,OECDA,OECD America,A,Annual,GHG,Greenhouse gases,T_LULU,"Total emissions including land use, land-use change and forestry",T_CO2E,Tonnes of CO2-equivalent,2020,,6776426.31,,A,Normal value,3,Thousands,,,,,2,Two,,
DATAFLOW,OECD.ENV.EPI:DSD_AIR_GHG@DF_AIR_GHG(1.0),Air emissions - Greenhouse gas emissions Inventories,I,OECDA,OECD America,A,Annual,GHG,Greenhouse gases,T_LULU,"Total emissions including land use, land-use change and forestry",T_CO2E,Tonnes of CO2-equivalent,2021,,7120349.75,,A,Normal value,3,Thousands,,,,,2,Two,,
DATAFLOW,OECD.ENV.EPI:DSD_AIR_GHG@DF_AIR_GHG(1.0),Air emissions - Greenhouse gas emissions Inventories,I,TUR,Türkiye,A,Annual,GHG,Greenhouse gases,T_LULU,"Total emissions including land use, land-use change and forestry",T_CO2E,Tonnes of CO2-equivalent,1990,,153015.2,,A,Normal value,3,Thousands,,,,,2,Two,,
DATAFLOW,OECD.ENV.EPI:DSD_AIR_GHG@DF_AIR_GHG(1.0),Air emissions - Greenhouse gas emissions Inventories,I,TUR,Türkiye,A,Annual,GHG,Greenhouse gases,T_LULU,"Total emissions including land use, land-use change and forestry",T_CO2E,Tonnes of CO2-equivalent,1991,,159421.58,,A,Normal value,3,Thousands,,,,,2,Two,,
DATAFLOW,OECD.ENV.EPI:DSD_AIR_GHG@DF_AIR_GHG(1.0),Air emissions - Greenhouse gas emissions Inventories,I,TUR,Türkiye,A,Annual,GHG,Greenhouse gases,T_LULU,"Total emissions including land use, land-use change and forestry",T_CO2E,Tonnes of CO2-equivalent,1992,,165658.91,,A,Normal value,3,Thousands,,,,,2,Two,,
DATAFLOW,OECD.ENV.EPI:DSD_AIR_GHG@DF_AIR_GHG(1.0),Air emissions - Greenhouse gas emissions Inventories,I,TUR,Türkiye,A,Annual,GHG,Greenhouse gases,T_LULU,"Total emissions including land use, land-use change and forestry",T_CO2E,Tonnes of CO2-equivalent,1993,,174168.63,,A,Normal value,3,Thousands,,,,,2,Two,,
DATAFLOW,OECD.ENV.EPI:DSD_AIR_GHG@DF_AIR_GHG(1.0),Air emissions - Greenhouse gas emissions Inventories,I,TUR,Türkiye,A,Annual,GHG,Greenhouse gases,T_LULU,"Total emissions including land use, land-use change and forestry",T_CO2E,Tonnes of CO2-equivalent,1994,,166374.2,,A,Normal value,3,Thousands,,,,,2,Two,,
DATAFLOW,OECD.ENV.EPI:DSD_AIR_GHG@DF_AIR_GHG(1.0),Air emissions - Greenhouse gas emissions Inventories,I,TUR,Türkiye,A,Annual,GHG,Greenhouse gases,T_LULU,"Total emissions including land use, land-use change and forestry",T_CO2E,Tonnes of CO2-equivalent,1995,,180483.15,,A,Normal value,3,Thousands,,,,,2,Two,,
DATAFLOW,OECD.ENV.EPI:DSD_AIR_GHG@DF_AIR_GHG(1.0),Air emissions - Greenhouse gas emissions Inventories,I,TUR,Türkiye,A,Annual,GHG,Greenhouse gases,T_LULU,"Total emissions including land use, land-use change and forestry",T_CO2E,Tonnes of CO2-equivalent,1996,,200453.45,,A,Normal value,3,Thousands,,,,,2,Two,,
DATAFLOW,OECD.ENV.EPI:DSD_AIR_GHG@DF_AIR_GHG(1.0),Air emissions - Greenhouse gas emissions Inventories,I,TUR,Türkiye,A,Annual,GHG,Greenhouse gases,T_LULU,"Total emissions including land use, land-use change and forestry",T_CO2E,Tonnes of CO2-equivalent,1997,,208365.33,,A,Normal value,3,Thousands,,,,,2,Two,,
DATAFLOW,OECD.ENV.EPI:DSD_AIR_GHG@DF_AIR_GHG(1.0),Air emissions - Greenhouse gas emissions Inventories,I,TUR,Türkiye,A,Annual,GHG,Greenhouse gases,T_LULU,"Total emissions including land use, land-use change and forestry",T_CO2E,Tonnes of CO2-equivalent,1998,,209706.76,,A,Normal value,3,Thousands,,,,,2,Two,,
DATAFLOW,OECD.ENV.EPI:DSD_AIR_GHG@DF_AIR_GHG(1.0),Air emissions - Greenhouse gas emissions Inventories,I,TUR,Türkiye,A,Annual,GHG,Greenhouse gases,T_LULU,"Total emissions including land use, land-use change and forestry",T_CO2E,Tonnes of CO2-equivalent,1999,,206584.48,,A,Normal value,3,Thousands,,,,,2,Two,,
DATAFLOW,OECD.ENV.EPI:DSD_AIR_GHG@DF_AIR_GHG(1.0),Air emissions - Greenhouse gas emissions Inventories,I,TUR,Türkiye,A,Annual,GHG,Greenhouse gases,T_LULU,"Total emissions including land use, land-use change and forestry",T_CO2E,Tonnes of CO2-equivalent,2000,,230865.09,,A,Normal value,3,Thousands,,,,,2,Two,,
DATAFLOW,OECD.ENV.EPI:DSD_AIR_GHG@DF_AIR_GHG(1.0),Air emissions - Greenhouse gas emissions Inventories,I,TUR,Türkiye,A,Annual,GHG,Greenhouse gases,T_LULU,"Total emissions including land use, land-use change and forestry",T_CO2E,Tonnes of CO2-equivalent,2001,,208956.56,,A,Normal value,3,Thousands,,,,,2,Two,,
DATAFLOW,OECD.ENV.EPI:DSD_AIR_GHG@DF_AIR_GHG(1.0),Air emissions - Greenhouse gas emissions Inventories,I,TUR,Türkiye,A,Annual,GHG,Greenhouse gases,T_LULU,"Total emissions including land use, land-use change and forestry",T_CO2E,Tonnes of CO2-equivalent,2002,,216341.82,,A,Normal value,3,Thousands,,,,,2,Two,,
DATAFLOW,OECD.ENV.EPI:DSD_AIR_GHG@DF_AIR_GHG(1.0),Air emissions - Greenhouse gas emissions Inventories,I,TUR,Türkiye,A,Annual,GHG,Greenhouse gases,T_LULU,"Total emissions including land use, land-use change and forestry",T_CO2E,Tonnes of CO2-equivalent,2003,,233636.15,,A,Normal value,3,Thousands,,,,,2,Two,,
DATAFLOW,OECD.ENV.EPI:DSD_AIR_GHG@DF_AIR_GHG(1.0),Air emissions - Greenhouse gas emissions Inventories,I,TUR,Türkiye,A,Annual,GHG,Greenhouse gases,T_LULU,"Total emissions including land use, land-use change and forestry",T_CO2E,Tonnes of CO2-equivalent,2004,,244736.92,,A,Normal value,3,Thousands,,,,,2,Two,,
DATAFLOW,OECD.ENV.EPI:DSD_AIR_GHG@DF_AIR_GHG(1.0),Air emissions - Greenhouse gas emissions Inventories,I,TUR,Türkiye,A,Annual,GHG,Greenhouse gases,T_LULU,"Total emissions including land use, land-use change and forestry",T_CO2E,Tonnes of CO2-equivalent,2005,,265796.56,,A,Normal value,3,Thousands,,,,,2,Two,,
DATAFLOW,OECD.ENV.EPI:DSD_AIR_GHG@DF_AIR_GHG(1.0),Air emissions - Greenhouse gas emissions Inventories,I,TUR,Türkiye,A,Annual,GHG,Greenhouse gases,T_LULU,"Total emissions including land use, land-use change and forestry",T_CO2E,Tonnes of CO2-equivalent,2006,,286547.5,,A,Normal value,3,Thousands,,,,,2,Two,,
DATAFLOW,OECD.ENV.EPI:DSD_AIR_GHG@DF_AIR_GHG(1.0),Air emissions - Greenhouse gas emissions Inventories,I,TUR,Türkiye,A,Annual,GHG,Greenhouse gases,T_LULU,"Total emissions including land use, land-use change and forestry",T_CO2E,Tonnes of CO2-equivalent,2007,,319917.3,,A,Normal value,3,Thousands,,,,,2,Two,,
DATAFLOW,OECD.ENV.EPI:DSD_AIR_GHG@DF_AIR_GHG(1.0),Air emissions - Greenhouse gas emissions Inventories,I,TUR,Türkiye,A,Annual,GHG,Greenhouse gases,T_LULU,"Total emissions including land use, land-use change and forestry",T_CO2E,Tonnes of CO2-equivalent,2008,,320577.81,,A,Normal value,3,Thousands,,,,,2,Two,,
DATAFLOW,OECD.ENV.EPI:DSD_AIR_GHG@DF_AIR_GHG(1.0),Air emissions - Greenhouse gas emissions Inventories,I,TUR,Türkiye,A,Annual,GHG,Greenhouse gases,T_LULU,"Total emissions including land use, land-use change and forestry",T_CO2E,Tonnes of CO2-equivalent,2009,,324327.65,,A,Normal value,3,Thousands,,,,,2,Two,,
DATAFLOW,OECD.ENV.EPI:DSD_AIR_GHG@DF_AIR_GHG(1.0),Air emissions - Greenhouse gas emissions Inventories,I,TUR,Türkiye,A,Annual,GHG,Greenhouse gases,T_LULU,"Total emissions including land use, land-use change and forestry",T_CO2E,Tonnes of CO2-equivalent,2010,,326912.69,,A,Normal value,3,Thousands,,,,,2,Two,,
DATAFLOW,OECD.ENV.EPI:DSD_AIR_GHG@DF_AIR_GHG(1.0),Air emissions - Greenhouse gas emissions Inventories,I,TUR,Türkiye,A,Annual,GHG,Greenhouse gases,T_LULU,"Total emissions including land use, land-use change and forestry",T_CO2E,Tonnes of CO2-equivalent,2011,,353035.73,,A,Normal value,3,Thousands,,,,,2,Two,,
DATAFLOW,OECD.ENV.EPI:DSD_AIR_GHG@DF_AIR_GHG(1.0),Air emissions - Greenhouse gas emissions Inventories,I,TUR,Türkiye,A,Annual,GHG,Greenhouse gases,T_LULU,"Total emissions including land use, land-use change and forestry",T_CO2E,Tonnes of CO2-equivalent,2012,,374799.35,,A,Normal value,3,Thousands,,,,,2,Two,,
DATAFLOW,OECD.ENV.EPI:DSD_AIR_GHG@DF_AIR_GHG(1.0),Air emissions - Greenhouse gas emissions Inventories,I,TUR,Türkiye,A,Annual,GHG,Greenhouse gases,T_LULU,"Total emissions including land use, land-use change and forestry",T_CO2E,Tonnes of CO2-equivalent,2013,,363707.48,,A,Normal value,3,Thousands,,,,,2,Two,,
DATAFLOW,OECD.ENV.EPI:DSD_AIR_GHG@DF_AIR_GHG(1.0),Air emissions - Greenhouse gas emissions Inventories,I,TUR,Türkiye,A,Annual,GHG,Greenhouse gases,T_LULU,"Total emissions including land use, land-use change and forestry",T_CO2E,Tonnes of CO2-equivalent,2014,,382612.02,,A,Normal value,3,Thousands,,,,,2,Two,,
DATAFLOW,OECD.ENV.EPI:DSD_AIR_GHG@DF_AIR_GHG(1.0),Air emissions - Greenhouse gas emissions Inventories,I,TUR,Türkiye,A,Annual,GHG,Greenhouse gases,T_LULU,"Total emissions including land use, land-use change and forestry",T_CO2E,Tonnes of CO2-equivalent,2015,,402160.97,,A,Normal value,3,Thousands,,,,,2,Two,,
DATAFLOW,OECD.ENV.EPI:DSD_AIR_GHG@DF_AIR_GHG(1.0),Air emissions - Greenhouse gas emissions Inventories,I,TUR,Türkiye,A,Annual,GHG,Greenhouse gases,T_LULU,"Total emissions including land use, land-use change and forestry",T_CO2E,Tonnes of CO2-equivalent,2016,,427997.61,,A,Normal value,3,Thousands,,,,,2,Two,,
DATAFLOW,OECD.ENV.EPI:DSD_AIR_GHG@DF_AIR_GHG(1.0),Air emissions - Greenhouse gas emissions Inventories,I,TUR,Türkiye,A,Annual,GHG,Greenhouse gases,T_LULU,"Total emissions including land use, land-use change and forestry",T_CO2E,Tonnes of CO2-equivalent,2017,,453606.79,,A,Normal value,3,Thousands,,,,,2,Two,,
DATAFLOW,OECD.ENV.EPI:DSD_AIR_GHG@DF_AIR_GHG(1.0),Air emissions - Greenhouse gas emissions Inventories,I,TUR,Türkiye,A,Annual,GHG,Greenhouse gases,T_LULU,"Total emissions including land use, land-use change and forestry",T_CO2E,Tonnes of CO2-equivalent,2018,,453355.79,,A,Normal value,3,Thousands,,,,,2,Two,,
DATAFLOW,OECD.ENV.EPI:DSD_AIR_GHG@DF_AIR_GHG(1.0),Air emissions - Greenhouse gas emissions Inventories,I,TUR,Türkiye,A,Annual,GHG,Greenhouse gases,T_LULU,"Total emissions including land use, land-use change and forestry",T_CO2E,Tonnes of CO2-equivalent,2019,,446005.59,,A,Normal value,3,Thousands,,,,,2,Two,,
DATAFLOW,OECD.ENV.EPI:DSD_AIR_GHG@DF_AIR_GHG(1.0),Air emissions - Greenhouse gas emissions Inventories,I,TUR,Türkiye,A,Annual,GHG,Greenhouse gases,T_LULU,"Total emissions including land use, land-use change and forestry",T_CO2E,Tonnes of CO2-equivalent,2020,,467043.21,,A,Normal value,3,Thousands,,,,,2,Two,,
DATAFLOW,OECD.ENV.EPI:DSD_AIR_GHG@DF_AIR_GHG(1.0),Air emissions - Greenhouse gas emissions Inventories,I,TUR,Türkiye,A,Annual,GHG,Greenhouse gases,T_LULU,"Total emissions including land use, land-use change and forestry",T_CO2E,Tonnes of CO2-equivalent,2021,,517243.99,,A,Normal value,3,Thousands,,,,,2,Two,,
DATAFLOW,OECD.ENV.EPI:DSD_AIR_GHG@DF_AIR_GHG(1.0),Air emissions - Greenhouse gas emissions Inventories,I,IND,India,A,Annual,GHG,Greenhouse gases,T_LULU,"Total emissions including land use, land-use change and forestry",T_CO2E,Tonnes of CO2-equivalent,1994,,1228540.14,,A,Normal value,3,Thousands,,,,,2,Two,,
DATAFLOW,OECD.ENV.EPI:DSD_AIR_GHG@DF_AIR_GHG(1.0),Air emissions - Greenhouse gas emissions Inventories,I,IND,India,A,Annual,GHG,Greenhouse gases,T_LULU,"Total emissions including land use, land-use change and forestry",T_CO2E,Tonnes of CO2-equivalent,2000,,1301204.34,,A,Normal value,3,Thousands,,,,,2,Two,,
DATAFLOW,OECD.ENV.EPI:DSD_AIR_GHG@DF_AIR_GHG(1.0),Air emissions - Greenhouse gas emissions Inventories,I,IND,India,A,Annual,GHG,Greenhouse gases,T_LULU,"Total emissions including land use, land-use change and forestry",T_CO2E,Tonnes of CO2-equivalent,2010,,1884294.15,,A,Normal value,3,Thousands,,,,,2,Two,,
DATAFLOW,OECD.ENV.EPI:DSD_AIR_GHG@DF_AIR_GHG(1.0),Air emissions - Greenhouse gas emissions Inventories,I,IND,India,A,Annual,GHG,Greenhouse gases,T_LULU,"Total emissions including land use, land-use change and forestry",T_CO2E,Tonnes of CO2-equivalent,2016,,2531723.95,,A,Normal value,3,Thousands,,,,,2,Two,,
DATAFLOW,OECD.ENV.EPI:DSD_AIR_GHG@DF_AIR_GHG(1.0),Air emissions - Greenhouse gas emissions Inventories,I,COL,Colombia,A,Annual,GHG,Greenhouse gases,T_LULU,"Total emissions including land use, land-use change and forestry",T_CO2E,Tonnes of CO2-equivalent,1990,,220256.69,,A,Normal value,3,Thousands,,,,,2,Two,,
DATAFLOW,OECD.ENV.EPI:DSD_AIR_GHG@DF_AIR_GHG(1.0),Air emissions - Greenhouse gas emissions Inventories,I,COL,Colombia,A,Annual,GHG,Greenhouse gases,T_LULU,"Total emissions including land use, land-use change and forestry",T_CO2E,Tonnes of CO2-equivalent,1991,,223890.12,,A,Normal value,3,Thousands,,,,,2,Two,,
DATAFLOW,OECD.ENV.EPI:DSD_AIR_GHG@DF_AIR_GHG(1.0),Air emissions - Greenhouse gas emissions Inventories,I,COL,Colombia,A,Annual,GHG,Greenhouse gases,T_LULU,"Total emissions including land use, land-use change and forestry",T_CO2E,Tonnes of CO2-equivalent,1992,,229291.65,,A,Normal value,3,Thousands,,,,,2,Two,,
DATAFLOW,OECD.ENV.EPI:DSD_AIR_GHG@DF_AIR_GHG(1.0),Air emissions - Greenhouse gas emissions Inventories,I,COL,Colombia,A,Annual,GHG,Greenhouse gases,T_LULU,"Total emissions including land use, land-use change and forestry",T_CO2E,Tonnes of CO2-equivalent,1993,,231851.83,,A,Normal value,3,Thousands,,,,,2,Two,,
DATAFLOW,OECD.ENV.EPI:DSD_AIR_GHG@DF_AIR_GHG(1.0),Air emissions - Greenhouse gas emissions Inventories,I,COL,Colombia,A,Annual,GHG,Greenhouse gases,T_LULU,"Total emissions including land use, land-use change and forestry",T_CO2E,Tonnes of CO2-equivalent,1994,,233996.4,,A,Normal value,3,Thousands,,,,,2,Two,,
DATAFLOW,OECD.ENV.EPI:DSD_AIR_GHG@DF_AIR_GHG(1.0),Air emissions - Greenhouse gas emissions Inventories,I,COL,Colombia,A,Annual,GHG,Greenhouse gases,T_LULU,"Total emissions including land use, land-use change and forestry",T_CO2E,Tonnes of CO2-equivalent,1995,,236422.44,,A,Normal value,3,Thousands,,,,,2,Two,,
DATAFLOW,OECD.ENV.EPI:DSD_AIR_GHG@DF_AIR_GHG(1.0),Air emissions - Greenhouse gas emissions Inventories,I,COL,Colombia,A,Annual,GHG,Greenhouse gases,T_LULU,"Total emissions including land use, land-use change and forestry",T_CO2E,Tonnes of CO2-equivalent,1996,,238109.49,,A,Normal value,3,Thousands,,,,,2,Two,,
DATAFLOW,OECD.ENV.EPI:DSD_AIR_GHG@DF_AIR_GHG(1.0),Air emissions - Greenhouse gas emissions Inventories,I,COL,Colombia,A,Annual,GHG,Greenhouse gases,T_LULU,"Total emissions including land use, land-use change and forestry",T_CO2E,Tonnes of CO2-equivalent,1997,,245762.75,,A,Normal value,3,Thousands,,,,,2,Two,,
DATAFLOW,OECD.ENV.EPI:DSD_AIR_GHG@DF_AIR_GHG(1.0),Air emissions - Greenhouse gas emissions Inventories,I,COL,Colombia,A,Annual,GHG,Greenhouse gases,T_LULU,"Total emissions including land use, land-use change and forestry",T_CO2E,Tonnes of CO2-equivalent,1998,,244939.96,,A,Normal value,3,Thousands,,,,,2,Two,,
DATAFLOW,OECD.ENV.EPI:DSD_AIR_GHG@DF_AIR_GHG(1.0),Air emissions - Greenhouse gas emissions Inventories,I,COL,Colombia,A,Annual,GHG,Greenhouse gases,T_LULU,"Total emissions including land use, land-use change and forestry",T_CO2E,Tonnes of CO2-equivalent,1999,,239919.31,,A,Normal value,3,Thousands,,,,,2,Two,,
DATAFLOW,OECD.ENV.EPI:DSD_AIR_GHG@DF_AIR_GHG(1.0),Air emissions - Greenhouse gas emissions Inventories,I,COL,Colombia,A,Annual,GHG,Greenhouse gases,T_LULU,"Total emissions including land use, land-use change and forestry",T_CO2E,Tonnes of CO2-equivalent,2000,,223853.22,,A,Normal value,3,Thousands,,,,,2,Two,,
DATAFLOW,OECD.ENV.EPI:DSD_AIR_GHG@DF_AIR_GHG(1.0),Air emissions - Greenhouse gas emissions Inventories,I,COL,Colombia,A,Annual,GHG,Greenhouse gases,T_LULU,"Total emissions including land use, land-use change and forestry",T_CO2E,Tonnes of CO2-equivalent,2001,,204573.85,,A,Normal value,3,Thousands,,,,,2,Two,,
DATAFLOW,OECD.ENV.EPI:DSD_AIR_GHG@DF_AIR_GHG(1.0),Air emissions - Greenhouse gas emissions Inventories,I,COL,Colombia,A,Annual,GHG,Greenhouse gases,T_LULU,"Total emissions including land use, land-use change and forestry",T_CO2E,Tonnes of CO2-equivalent,2002,,204626.82,,A,Normal value,3,Thousands,,,,,2,Two,,
DATAFLOW,OECD.ENV.EPI:DSD_AIR_GHG@DF_AIR_GHG(1.0),Air emissions - Greenhouse gas emissions Inventories,I,COL,Colombia,A,Annual,GHG,Greenhouse gases,T_LULU,"Total emissions including land use, land-use change and forestry",T_CO2E,Tonnes of CO2-equivalent,2003,,223329.27,,A,Normal value,3,Thousands,,,,,2,Two,,
DATAFLOW,OECD.ENV.EPI:DSD_AIR_GHG@DF_AIR_GHG(1.0),Air emissions - Greenhouse gas emissions Inventories,I,COL,Colombia,A,Annual,GHG,Greenhouse gases,T_LULU,"Total emissions including land use, land-use change and forestry",T_CO2E,Tonnes of CO2-equivalent,2004,,225783.88,,A,Normal value,3,Thousands,,,,,2,Two,,
DATAFLOW,OECD.ENV.EPI:DSD_AIR_GHG@DF_AIR_GHG(1.0),Air emissions - Greenhouse gas emissions Inventories,I,COL,Colombia,A,Annual,GHG,Greenhouse gases,T_LULU,"Total emissions including land use, land-use change and forestry",T_CO2E,Tonnes of CO2-equivalent,2005,,218084.53,,A,Normal value,3,Thousands,,,,,2,Two,,
DATAFLOW,OECD.ENV.EPI:DSD_AIR_GHG@DF_AIR_GHG(1.0),Air emissions - Greenhouse gas emissions Inventories,I,COL,Colombia,A,Annual,GHG,Greenhouse gases,T_LULU,"Total emissions including land use, land-use change and forestry",T_CO2E,Tonnes of CO2-equivalent,2006,,220733.96,,A,Normal value,3,Thousands,,,,,2,Two,,
DATAFLOW,OECD.ENV.EPI:DSD_AIR_GHG@DF_AIR_GHG(1.0),Air emissions - Greenhouse gas emissions Inventories,I,COL,Colombia,A,Annual,GHG,Greenhouse gases,T_LULU,"Total emissions including land use, land-use change and forestry",T_CO2E,Tonnes of CO2-equivalent,2007,,224566.25,,A,Normal value,3,Thousands,,,,,2,Two,,
DATAFLOW,OECD.ENV.EPI:DSD_AIR_GHG@DF_AIR_GHG(1.0),Air emissions - Greenhouse gas emissions Inventories,I,COL,Colombia,A,Annual,GHG,Greenhouse gases,T_LULU,"Total emissions including land use, land-use change and forestry",T_CO2E,Tonnes of CO2-equivalent,2008,,221187.8,,A,Normal value,3,Thousands,,,,,2,Two,,
DATAFLOW,OECD.ENV.EPI:DSD_AIR_GHG@DF_AIR_GHG(1.0),Air emissions - Greenhouse gas emissions Inventories,I,COL,Colombia,A,Annual,GHG,Greenhouse gases,T_LULU,"Total emissions including land use, land-use change and forestry",T_CO2E,Tonnes of CO2-equivalent,2009,,220702.84,,A,Normal value,3,Thousands,,,,,2,Two,,
DATAFLOW,OECD.ENV.EPI:DSD_AIR_GHG@DF_AIR_GHG(1.0),Air emissions - Greenhouse gas emissions Inventories,I,COL,Colombia,A,Annual,GHG,Greenhouse gases,T_LULU,"Total emissions including land use, land-use change and forestry",T_CO2E,Tonnes of CO2-equivalent,2010,,230220.39,,A,Normal value,3,Thousands,,,,,2,Two,,
DATAFLOW,OECD.ENV.EPI:DSD_AIR_GHG@DF_AIR_GHG(1.0),Air emissions - Greenhouse gas emissions Inventories,I,COL,Colombia,A,Annual,GHG,Greenhouse gases,T_LULU,"Total emissions including land use, land-use change and forestry",T_CO2E,Tonnes of CO2-equivalent,2011,,238198.8,,A,Normal value,3,Thousands,,,,,2,Two,,
DATAFLOW,OECD.ENV.EPI:DSD_AIR_GHG@DF_AIR_GHG(1.0),Air emissions - Greenhouse gas emissions Inventories,I,COL,Colombia,A,Annual,GHG,Greenhouse gases,T_LULU,"Total emissions including land use, land-use change and forestry",T_CO2E,Tonnes of CO2-equivalent,2012,,239295.85,,A,Normal value,3,Thousands,,,,,2,Two,,
DATAFLOW,OECD.ENV.EPI:DSD_AIR_GHG@DF_AIR_GHG(1.0),Air emissions - Greenhouse gas emissions Inventories,I,COL,Colombia,A,Annual,GHG,Greenhouse gases,T_LULU,"Total emissions including land use, land-use change and forestry",T_CO2E,Tonnes of CO2-equivalent,2013,,229629.63,,A,Normal value,3,Thousands,,,,,2,Two,,
DATAFLOW,OECD.ENV.EPI:DSD_AIR_GHG@DF_AIR_GHG(1.0),Air emissions - Greenhouse gas emissions Inventories,I,COL,Colombia,A,Annual,GHG,Greenhouse gases,T_LULU,"Total emissions including land use, land-use change and forestry",T_CO2E,Tonnes of CO2-equivalent,2014,,236444.14,,A,Normal value,3,Thousands,,,,,2,Two,,
DATAFLOW,OECD.ENV.EPI:DSD_AIR_GHG@DF_AIR_GHG(1.0),Air emissions - Greenhouse gas emissions Inventories,I,COL,Colombia,A,Annual,GHG,Greenhouse gases,T_LULU,"Total emissions including land use, land-use change and forestry",T_CO2E,Tonnes of CO2-equivalent,2015,,233045.97,,A,Normal value,3,Thousands,,,,,2,Two,,
DATAFLOW,OECD.ENV.EPI:DSD_AIR_GHG@DF_AIR_GHG(1.0),Air emissions - Greenhouse gas emissions Inventories,I,COL,Colombia,A,Annual,GHG,Greenhouse gases,T_LULU,"Total emissions including land use, land-use change and forestry",T_CO2E,Tonnes of CO2-equivalent,2016,,255282.95,,A,Normal value,3,Thousands,,,,,2,Two,,
DATAFLOW,OECD.ENV.EPI:DSD_AIR_GHG@DF_AIR_GHG(1.0),Air emissions - Greenhouse gas emissions Inventories,I,COL,Colombia,A,Annual,GHG,Greenhouse gases,T_LULU,"Total emissions including land use, land-use change and forestry",T_CO2E,Tonnes of CO2-equivalent,2017,,277869.49,,A,Normal value,3,Thousands,,,,,2,Two,,
DATAFLOW,OECD.ENV.EPI:DSD_AIR_GHG@DF_AIR_GHG(1.0),Air emissions - Greenhouse gas emissions Inventories,I,COL,Colombia,A,Annual,GHG,Greenhouse gases,T_LULU,"Total emissions including land use, land-use change and forestry",T_CO2E,Tonnes of CO2-equivalent,2018,,279198.63,,A,Normal value,3,Thousands,,,,,2,Two,,
DATAFLOW,OECD.ENV.EPI:DSD_AIR_GHG@DF_AIR_GHG(1.0),Air emissions - Greenhouse gas emissions Inventories,I,JPN,Japan,A,Annual,GHG,Greenhouse gases,T_LULU,"Total emissions including land use, land-use change and forestry",T_CO2E,Tonnes of CO2-equivalent,1990,,1206061.85,,A,Normal value,3,Thousands,,,,,2,Two,,
DATAFLOW,OECD.ENV.EPI:DSD_AIR_GHG@DF_AIR_GHG(1.0),Air emissions - Greenhouse gas emissions Inventories,I,JPN,Japan,A,Annual,GHG,Greenhouse gases,T_LULU,"Total emissions including land use, land-use change and forestry",T_CO2E,Tonnes of CO2-equivalent,1991,,1211718.46,,A,Normal value,3,Thousands,,,,,2,Two,,
DATAFLOW,OECD.ENV.EPI:DSD_AIR_GHG@DF_AIR_GHG(1.0),Air emissions - Greenhouse gas emissions Inventories,I,JPN,Japan,A,Annual,GHG,Greenhouse gases,T_LULU,"Total emissions including land use, land-use change and forestry",T_CO2E,Tonnes of CO2-equivalent,1992,,1219843.45,,A,Normal value,3,Thousands,,,,,2,Two,,
DATAFLOW,OECD.ENV.EPI:DSD_AIR_GHG@DF_AIR_GHG(1.0),Air emissions - Greenhouse gas emissions Inventories,I,JPN,Japan,A,Annual,GHG,Greenhouse gases,T_LULU,"Total emissions including land use, land-use change and forestry",T_CO2E,Tonnes of CO2-equivalent,1993,,1212355.71,,A,Normal value,3,Thousands,,,,,2,Two,,
DATAFLOW,OECD.ENV.EPI:DSD_AIR_GHG@DF_AIR_GHG(1.0),Air emissions - Greenhouse gas emissions Inventories,I,JPN,Japan,A,Annual,GHG,Greenhouse gases,T_LULU,"Total emissions including land use, land-use change and forestry",T_CO2E,Tonnes of CO2-equivalent,1994,,1273580.42,,A,Normal value,3,Thousands,,,,,2,Two,,
DATAFLOW,OECD.ENV.EPI:DSD_AIR_GHG@DF_AIR_GHG(1.0),Air emissions - Greenhouse gas emissions Inventories,I,JPN,Japan,A,Annual,GHG,Greenhouse gases,T_LULU,"Total emissions including land use, land-use change and forestry",T_CO2E,Tonnes of CO2-equivalent,1995,,1295257.77,,A,Normal value,3,Thousands,,,,,2,Two,,
DATAFLOW,OECD.ENV.EPI:DSD_AIR_GHG@DF_AIR_GHG(1.0),Air emissions - Greenhouse gas emissions Inventories,I,JPN,Japan,A,Annual,GHG,Greenhouse gases,T_LULU,"Total emissions including land use, land-use change and forestry",T_CO2E,Tonnes of CO2-equivalent,1996,,1304484.98,,A,Normal value,3,Thousands,,,,,2,Two,,
DATAFLOW,OECD.ENV.EPI:DSD_AIR_GHG@DF_AIR_GHG(1.0),Air emissions - Greenhouse gas emissions Inventories,I,JPN,Japan,A,Annual,GHG,Greenhouse gases,T_LULU,"Total emissions including land use, land-use change and forestry",T_CO2E,Tonnes of CO2-equivalent,1997,,1295530.75,,A,Normal value,3,Thousands,,,,,2,Two,,
DATAFLOW,OECD.ENV.EPI:DSD_AIR_GHG@DF_AIR_GHG(1.0),Air emissions - Greenhouse gas emissions Inventories,I,JPN,Japan,A,Annual,GHG,Greenhouse gases,T_LULU,"Total emissions including land use, land-use change and forestry",T_CO2E,Tonnes of CO2-equivalent,1998,,1246554.43,,A,Normal value,3,Thousands,,,,,2,Two,,
DATAFLOW,OECD.ENV.EPI:DSD_AIR_GHG@DF_AIR_GHG(1.0),Air emissions - Greenhouse gas emissions Inventories,I,JPN,Japan,A,Annual,GHG,Greenhouse gases,T_LULU,"Total emissions including land use, land-use change and forestry",T_CO2E,Tonnes of CO2-equivalent,1999,,1270684.85,,A,Normal value,3,Thousands,,,,,2,Two,,
DATAFLOW,OECD.ENV.EPI:DSD_AIR_GHG@DF_AIR_GHG(1.0),Air emissions - Greenhouse gas emissions Inventories,I,JPN,Japan,A,Annual,GHG,Greenhouse gases,T_LULU,"Total emissions including land use, land-use change and forestry",T_CO2E,Tonnes of CO2-equivalent,2000,,1289217.89,,A,Normal value,3,Thousands,,,,,2,Two,,
DATAFLOW,OECD.ENV.EPI:DSD_AIR_GHG@DF_AIR_GHG(1.0),Air emissions - Greenhouse gas emissions Inventories,I,JPN,Japan,A,Annual,GHG,Greenhouse gases,T_LULU,"Total emissions including land use, land-use change and forestry",T_CO2E,Tonnes of CO2-equivalent,2001,,1262827.36,,A,Normal value,3,Thousands,,,,,2,Two,,
DATAFLOW,OECD.ENV.EPI:DSD_AIR_GHG@DF_AIR_GHG(1.0),Air emissions - Greenhouse gas emissions Inventories,I,JPN,Japan,A,Annual,GHG,Greenhouse gases,T_LULU,"Total emissions including land use, land-use change and forestry",T_CO2E,Tonnes of CO2-equivalent,2002,,1285107.85,,A,Normal value,3,Thousands,,,,,2,Two,,
DATAFLOW,OECD.ENV.EPI:DSD_AIR_GHG@DF_AIR_GHG(1.0),Air emissions - Greenhouse gas emissions Inventories,I,JPN,Japan,A,Annual,GHG,Greenhouse gases,T_LULU,"Total emissions including land use, land-use change and forestry",T_CO2E,Tonnes of CO2-equivalent,2003,,1280413.32,,A,Normal value,3,Thousands,,,,,2,Two,,
DATAFLOW,OECD.ENV.EPI:DSD_AIR_GHG@DF_AIR_GHG(1.0),Air emissions - Greenhouse gas emissions Inventories,I,JPN,Japan,A,Annual,GHG,Greenhouse gases,T_LULU,"Total emissions including land use, land-use change and forestry",T_CO2E,Tonnes of CO2-equivalent,2004,,1275208.22,,A,Normal value,3,Thousands,,,,,2,Two,,
DATAFLOW,OECD.ENV.EPI:DSD_AIR_GHG@DF_AIR_GHG(1.0),Air emissions - Greenhouse gas emissions Inventories,I,JPN,Japan,A,Annual,GHG,Greenhouse gases,T_LULU,"Total emissions including land use, land-use change and forestry",T_CO2E,Tonnes of CO2-equivalent,2005,,1288622.63,,A,Normal value,3,Thousands,,,,,2,Two,,
DATAFLOW,OECD.ENV.EPI:DSD_AIR_GHG@DF_AIR_GHG(1.0),Air emissions - Greenhouse gas emissions Inventories,I,JPN,Japan,A,Annual,GHG,Greenhouse gases,T_LULU,"Total emissions including land use, land-use change and forestry",T_CO2E,Tonnes of CO2-equivalent,2006,,1272113.02,,A,Normal value,3,Thousands,,,,,2,Two,,
DATAFLOW,OECD.ENV.EPI:DSD_AIR_GHG@DF_AIR_GHG(1.0),Air emissions - Greenhouse gas emissions Inventories,I,JPN,Japan,A,Annual,GHG,Greenhouse gases,T_LULU,"Total emissions including land use, land-use change and forestry",T_CO2E,Tonnes of CO2-equivalent,2007,,1311399.24,,A,Normal value,3,Thousands,,,,,2,Two,,
DATAFLOW,OECD.ENV.EPI:DSD_AIR_GHG@DF_AIR_GHG(1.0),Air emissions - Greenhouse gas emissions Inventories,I,JPN,Japan,A,Annual,GHG,Greenhouse gases,T_LULU,"Total emissions including land use, land-use change and forestry",T_CO2E,Tonnes of CO2-equivalent,2008,,1248395.59,,A,Normal value,3,Thousands,,,,,2,Two,,
DATAFLOW,OECD.ENV.EPI:DSD_AIR_GHG@DF_AIR_GHG(1.0),Air emissions - Greenhouse gas emissions Inventories,I,JPN,Japan,A,Annual,GHG,Greenhouse gases,T_LULU,"Total emissions including land use, land-use change and forestry",T_CO2E,Tonnes of CO2-equivalent,2009,,1179536.17,,A,Normal value,3,Thousands,,,,,2,Two,,
DATAFLOW,OECD.ENV.EPI:DSD_AIR_GHG@DF_AIR_GHG(1.0),Air emissions - Greenhouse gas emissions Inventories,I,JPN,Japan,A,Annual,GHG,Greenhouse gases,T_LULU,"Total emissions including land use, land-use change and forestry",T_CO2E,Tonnes of CO2-equivalent,2010,,1229192.8,,A,Normal value,3,Thousands,,,,,2,Two,,
DATAFLOW,OECD.ENV.EPI:DSD_AIR_GHG@DF_AIR_GHG(1.0),Air emissions - Greenhouse gas emissions Inventories,I,JPN,Japan,A,Annual,GHG,Greenhouse gases,T_LULU,"Total emissions including land use, land-use change and forestry",T_CO2E,Tonnes of CO2-equivalent,2011,,1281621.09,,A,Normal value,3,Thousands,,,,,2,Two,,
DATAFLOW,OECD.ENV.EPI:DSD_AIR_GHG@DF_AIR_GHG(1.0),Air emissions - Greenhouse gas emissions Inventories,I,JPN,Japan,A,Annual,GHG,Greenhouse gases,T_LULU,"Total emissions including land use, land-use change and forestry",T_CO2E,Tonnes of CO2-equivalent,2012,,1321698.39,,A,Normal value,3,Thousands,,,,,2,Two,,
DATAFLOW,OECD.ENV.EPI:DSD_AIR_GHG@DF_AIR_GHG(1.0),Air emissions - Greenhouse gas emissions Inventories,I,JPN,Japan,A,Annual,GHG,Greenhouse gases,T_LULU,"Total emissions including land use, land-use change and forestry",T_CO2E,Tonnes of CO2-equivalent,2013,,1340696.67,,A,Normal value,3,Thousands,,,,,2,Two,,
DATAFLOW,OECD.ENV.EPI:DSD_AIR_GHG@DF_AIR_GHG(1.0),Air emissions - Greenhouse gas emissions Inventories,I,JPN,Japan,A,Annual,GHG,Greenhouse gases,T_LULU,"Total emissions including land use, land-use change and forestry",T_CO2E,Tonnes of CO2-equivalent,2014,,1294776.55,,A,Normal value,3,Thousands,,,,,2,Two,,
DATAFLOW,OECD.ENV.EPI:DSD_AIR_GHG@DF_AIR_GHG(1.0),Air emissions - Greenhouse gas emissions Inventories,I,JPN,Japan,A,Annual,GHG,Greenhouse gases,T_LULU,"Total emissions including land use, land-use change and forestry",T_CO2E,Tonnes of CO2-equivalent,2015,,1261703.75,,A,Normal value,3,Thousands,,,,,2,Two,,
DATAFLOW,OECD.ENV.EPI:DSD_AIR_GHG@DF_AIR_GHG(1.0),Air emissions - Greenhouse gas emissions Inventories,I,JPN,Japan,A,Annual,GHG,Greenhouse gases,T_LULU,"Total emissions including land use, land-use change and forestry",T_CO2E,Tonnes of CO2-equivalent,2016,,1247860.93,,A,Normal value,3,Thousands,,,,,2,Two,,
DATAFLOW,OECD.ENV.EPI:DSD_AIR_GHG@DF_AIR_GHG(1.0),Air emissions - Greenhouse gas emissions Inventories,I,JPN,Japan,A,Annual,GHG,Greenhouse gases,T_LULU,"Total emissions including land use, land-use change and forestry",T_CO2E,Tonnes of CO2-equivalent,2017,,1230488.17,,A,Normal value,3,Thousands,,,,,2,Two,,
DATAFLOW,OECD.ENV.EPI:DSD_AIR_GHG@DF_AIR_GHG(1.0),Air emissions - Greenhouse gas emissions Inventories,I,JPN,Japan,A,Annual,GHG,Greenhouse gases,T_LULU,"Total emissions including land use, land-use change and forestry",T_CO2E,Tonnes of CO2-equivalent,2018,,1186906.06,,A,Normal value,3,Thousands,,,,,2,Two,,
DATAFLOW,OECD.ENV.EPI:DSD_AIR_GHG@DF_AIR_GHG(1.0),Air emissions - Greenhouse gas emissions Inventories,I,JPN,Japan,A,Annual,GHG,Greenhouse gases,T_LULU,"Total emissions including land use, land-use change and forestry",T_CO2E,Tonnes of CO2-equivalent,2019,,1157042.48,,A,Normal value,3,Thousands,,,,,2,Two,,
DATAFLOW,OECD.ENV.EPI:DSD_AIR_GHG@DF_AIR_GHG(1.0),Air emissions - Greenhouse gas emissions Inventories,I,JPN,Japan,A,Annual,GHG,Greenhouse gases,T_LULU,"Total emissions including land use, land-use change and forestry",T_CO2E,Tonnes of CO2-equivalent,2020,,1093338.59,,A,Normal value,3,Thousands,,,,,2,Two,,
DATAFLOW,OECD.ENV.EPI:DSD_AIR_GHG@DF_AIR_GHG(1.0),Air emissions - Greenhouse gas emissions Inventories,I,JPN,Japan,A,Annual,GHG,Greenhouse gases,T_LULU,"Total emissions including land use, land-use change and forestry",T_CO2E,Tonnes of CO2-equivalent,2021,,1116399.87,,A,Normal value,3,Thousands,,,,,2,Two,,
DATAFLOW,OECD.ENV.EPI:DSD_AIR_GHG@DF_AIR_GHG(1.0),Air emissions - Greenhouse gas emissions Inventories,I,BGR,Bulgaria,A,Annual,GHG,Greenhouse gases,T_LULU,"Total emissions including land use, land-use change and forestry",T_CO2E,Tonnes of CO2-equivalent,1990,,82566.08,,A,Normal value,3,Thousands,,,,,2,Two,,
DATAFLOW,OECD.ENV.EPI:DSD_AIR_GHG@DF_AIR_GHG(1.0),Air emissions - Greenhouse gas emissions Inventories,I,BGR,Bulgaria,A,Annual,GHG,Greenhouse gases,T_LULU,"Total emissions including land use, land-use change and forestry",T_CO2E,Tonnes of CO2-equivalent,1991,,64426.6,,A,Normal value,3,Thousands,,,,,2,Two,,
DATAFLOW,OECD.ENV.EPI:DSD_AIR_GHG@DF_AIR_GHG(1.0),Air emissions - Greenhouse gas emissions Inventories,I,BGR,Bulgaria,A,Annual,GHG,Greenhouse gases,T_LULU,"Total emissions including land use, land-use change and forestry",T_CO2E,Tonnes of CO2-equivalent,1992,,59373.53,,A,Normal value,3,Thousands,,,,,2,Two,,
DATAFLOW,OECD.ENV.EPI:DSD_AIR_GHG@DF_AIR_GHG(1.0),Air emissions - Greenhouse gas emissions Inventories,I,BGR,Bulgaria,A,Annual,GHG,Greenhouse gases,T_LULU,"Total emissions including land use, land-use change and forestry",T_CO2E,Tonnes of CO2-equivalent,1993,,58373.84,,A,Normal value,3,Thousands,,,,,2,Two,,
DATAFLOW,OECD.ENV.EPI:DSD_AIR_GHG@DF_AIR_GHG(1.0),Air emissions - Greenhouse gas emissions Inventories,I,BGR,Bulgaria,A,Annual,GHG,Greenhouse gases,T_LULU,"Total emissions including land use, land-use change and forestry",T_CO2E,Tonnes of CO2-equivalent,1994,,54189.3,,A,Normal value,3,Thousands,,,,,2,Two,,
DATAFLOW,OECD.ENV.EPI:DSD_AIR_GHG@DF_AIR_GHG(1.0),Air emissions - Greenhouse gas emissions Inventories,I,BGR,Bulgaria,A,Annual,GHG,Greenhouse gases,T_LULU,"Total emissions including land use, land-use change and forestry",T_CO2E,Tonnes of CO2-equivalent,1995,,55640.26,,A,Normal value,3,Thousands,,,,,2,Two,,
DATAFLOW,OECD.ENV.EPI:DSD_AIR_GHG@DF_AIR_GHG(1.0),Air emissions - Greenhouse gas emissions Inventories,I,BGR,Bulgaria,A,Annual,GHG,Greenhouse gases,T_LULU,"Total emissions including land use, land-use change and forestry",T_CO2E,Tonnes of CO2-equivalent,1996,,56673.12,,A,Normal value,3,Thousands,,,,,2,Two,,
DATAFLOW,OECD.ENV.EPI:DSD_AIR_GHG@DF_AIR_GHG(1.0),Air emissions - Greenhouse gas emissions Inventories,I,BGR,Bulgaria,A,Annual,GHG,Greenhouse gases,T_LULU,"Total emissions including land use, land-use change and forestry",T_CO2E,Tonnes of CO2-equivalent,1997,,53209.73,,A,Normal value,3,Thousands,,,,,2,Two,,
DATAFLOW,OECD.ENV.EPI:DSD_AIR_GHG@DF_AIR_GHG(1.0),Air emissions - Greenhouse gas emissions Inventories,I,BGR,Bulgaria,A,Annual,GHG,Greenhouse gases,T_LULU,"Total emissions including land use, land-use change and forestry",T_CO2E,Tonnes of CO2-equivalent,1998,,49385.46,,A,Normal value,3,Thousands,,,,,2,Two,,
DATAFLOW,OECD.ENV.EPI:DSD_AIR_GHG@DF_AIR_GHG(1.0),Air emissions - Greenhouse gas emissions Inventories,I,BGR,Bulgaria,A,Annual,GHG,Greenhouse gases,T_LULU,"Total emissions including land use, land-use change and forestry",T_CO2E,Tonnes of CO2-equivalent,1999,,42435.95,,A,Normal value,3,Thousands,,,,,2,Two,,
DATAFLOW,OECD.ENV.EPI:DSD_AIR_GHG@DF_AIR_GHG(1.0),Air emissions - Greenhouse gas emissions Inventories,I,BGR,Bulgaria,A,Annual,GHG,Greenhouse gases,T_LULU,"Total emissions including land use, land-use change and forestry",T_CO2E,Tonnes of CO2-equivalent,2000,,40304.12,,A,Normal value,3,Thousands,,,,,2,Two,,
DATAFLOW,OECD.ENV.EPI:DSD_AIR_GHG@DF_AIR_GHG(1.0),Air emissions - Greenhouse gas emissions Inventories,I,BGR,Bulgaria,A,Annual,GHG,Greenhouse gases,T_LULU,"Total emissions including land use, land-use change and forestry",T_CO2E,Tonnes of CO2-equivalent,2001,,45838.53,,A,Normal value,3,Thousands,,,,,2,Two,,
DATAFLOW,OECD.ENV.EPI:DSD_AIR_GHG@DF_AIR_GHG(1.0),Air emissions - Greenhouse gas emissions Inventories,I,BGR,Bulgaria,A,Annual,GHG,Greenhouse gases,T_LULU,"Total emissions including land use, land-use change and forestry",T_CO2E,Tonnes of CO2-equivalent,2002,,42949.67,,A,Normal value,3,Thousands,,,,,2,Two,,
DATAFLOW,OECD.ENV.EPI:DSD_AIR_GHG@DF_AIR_GHG(1.0),Air emissions - Greenhouse gas emissions Inventories,I,BGR,Bulgaria,A,Annual,GHG,Greenhouse gases,T_LULU,"Total emissions including land use, land-use change and forestry",T_CO2E,Tonnes of CO2-equivalent,2003,,48293.59,,A,Normal value,3,Thousands,,,,,2,Two,,
DATAFLOW,OECD.ENV.EPI:DSD_AIR_GHG@DF_AIR_GHG(1.0),Air emissions - Greenhouse gas emissions Inventories,I,BGR,Bulgaria,A,Annual,GHG,Greenhouse gases,T_LULU,"Total emissions including land use, land-use change and forestry",T_CO2E,Tonnes of CO2-equivalent,2004,,46624.35,,A,Normal value,3,Thousands,,,,,2,Two,,
DATAFLOW,OECD.ENV.EPI:DSD_AIR_GHG@DF_AIR_GHG(1.0),Air emissions - Greenhouse gas emissions Inventories,I,BGR,Bulgaria,A,Annual,GHG,Greenhouse gases,T_LULU,"Total emissions including land use, land-use change and forestry",T_CO2E,Tonnes of CO2-equivalent,2005,,45904.21,,A,Normal value,3,Thousands,,,,,2,Two,,
DATAFLOW,OECD.ENV.EPI:DSD_AIR_GHG@DF_AIR_GHG(1.0),Air emissions - Greenhouse gas emissions Inventories,I,BGR,Bulgaria,A,Annual,GHG,Greenhouse gases,T_LULU,"Total emissions including land use, land-use change and forestry",T_CO2E,Tonnes of CO2-equivalent,2006,,49951.37,,A,Normal value,3,Thousands,,,,,2,Two,,
DATAFLOW,OECD.ENV.EPI:DSD_AIR_GHG@DF_AIR_GHG(1.0),Air emissions - Greenhouse gas emissions Inventories,I,BGR,Bulgaria,A,Annual,GHG,Greenhouse gases,T_LULU,"Total emissions including land use, land-use change and forestry",T_CO2E,Tonnes of CO2-equivalent,2007,,52927.01,,A,Normal value,3,Thousands,,,,,2,Two,,
DATAFLOW,OECD.ENV.EPI:DSD_AIR_GHG@DF_AIR_GHG(1.0),Air emissions - Greenhouse gas emissions Inventories,I,BGR,Bulgaria,A,Annual,GHG,Greenhouse gases,T_LULU,"Total emissions including land use, land-use change and forestry",T_CO2E,Tonnes of CO2-equivalent,2008,,53229.95,,A,Normal value,3,Thousands,,,,,2,Two,,
DATAFLOW,OECD.ENV.EPI:DSD_AIR_GHG@DF_AIR_GHG(1.0),Air emissions - Greenhouse gas emissions Inventories,I,BGR,Bulgaria,A,Annual,GHG,Greenhouse gases,T_LULU,"Total emissions including land use, land-use change and forestry",T_CO2E,Tonnes of CO2-equivalent,2009,,44269.16,,A,Normal value,3,Thousands,,,,,2,Two,,
DATAFLOW,OECD.ENV.EPI:DSD_AIR_GHG@DF_AIR_GHG(1.0),Air emissions - Greenhouse gas emissions Inventories,I,BGR,Bulgaria,A,Annual,GHG,Greenhouse gases,T_LULU,"Total emissions including land use, land-use change and forestry",T_CO2E,Tonnes of CO2-equivalent,2010,,47506.29,,A,Normal value,3,Thousands,,,,,2,Two,,
DATAFLOW,OECD.ENV.EPI:DSD_AIR_GHG@DF_AIR_GHG(1.0),Air emissions - Greenhouse gas emissions Inventories,I,BGR,Bulgaria,A,Annual,GHG,Greenhouse gases,T_LULU,"Total emissions including land use, land-use change and forestry",T_CO2E,Tonnes of CO2-equivalent,2011,,56209.29,,A,Normal value,3,Thousands,,,,,2,Two,,
DATAFLOW,OECD.ENV.EPI:DSD_AIR_GHG@DF_AIR_GHG(1.0),Air emissions - Greenhouse gas emissions Inventories,I,BGR,Bulgaria,A,Annual,GHG,Greenhouse gases,T_LULU,"Total emissions including land use, land-use change and forestry",T_CO2E,Tonnes of CO2-equivalent,2012,,51654.63,,A,Normal value,3,Thousands,,,,,2,Two,,
DATAFLOW,OECD.ENV.EPI:DSD_AIR_GHG@DF_AIR_GHG(1.0),Air emissions - Greenhouse gas emissions Inventories,I,BGR,Bulgaria,A,Annual,GHG,Greenhouse gases,T_LULU,"Total emissions including land use, land-use change and forestry",T_CO2E,Tonnes of CO2-equivalent,2013,,47567.24,,A,Normal value,3,Thousands,,,,,2,Two,,
DATAFLOW,OECD.ENV.EPI:DSD_AIR_GHG@DF_AIR_GHG(1.0),Air emissions - Greenhouse gas emissions Inventories,I,BGR,Bulgaria,A,Annual,GHG,Greenhouse gases,T_LULU,"Total emissions including land use, land-use change and forestry",T_CO2E,Tonnes of CO2-equivalent,2014,,49365.03,,A,Normal value,3,Thousands,,,,,2,Two,,
DATAFLOW,OECD.ENV.EPI:DSD_AIR_GHG@DF_AIR_GHG(1.0),Air emissions - Greenhouse gas emissions Inventories,I,BGR,Bulgaria,A,Annual,GHG,Greenhouse gases,T_LULU,"Total emissions including land use, land-use change and forestry",T_CO2E,Tonnes of CO2-equivalent,2015,,52732.3,,A,Normal value,3,Thousands,,,,,2,Two,,
DATAFLOW,OECD.ENV.EPI:DSD_AIR_GHG@DF_AIR_GHG(1.0),Air emissions - Greenhouse gas emissions Inventories,I,BGR,Bulgaria,A,Annual,GHG,Greenhouse gases,T_LULU,"Total emissions including land use, land-use change and forestry",T_CO2E,Tonnes of CO2-equivalent,2016,,48285.83,,A,Normal value,3,Thousands,,,,,2,Two,,
DATAFLOW,OECD.ENV.EPI:DSD_AIR_GHG@DF_AIR_GHG(1.0),Air emissions - Greenhouse gas emissions Inventories,I,BGR,Bulgaria,A,Annual,GHG,Greenhouse gases,T_LULU,"Total emissions including land use, land-use change and forestry",T_CO2E,Tonnes of CO2-equivalent,2017,,50289.83,,A,Normal value,3,Thousands,,,,,2,Two,,
DATAFLOW,OECD.ENV.EPI:DSD_AIR_GHG@DF_AIR_GHG(1.0),Air emissions - Greenhouse gas emissions Inventories,I,BGR,Bulgaria,A,Annual,GHG,Greenhouse gases,T_LULU,"Total emissions including land use, land-use change and forestry",T_CO2E,Tonnes of CO2-equivalent,2018,,45798.19,,A,Normal value,3,Thousands,,,,,2,Two,,
DATAFLOW,OECD.ENV.EPI:DSD_AIR_GHG@DF_AIR_GHG(1.0),Air emissions - Greenhouse gas emissions Inventories,I,BGR,Bulgaria,A,Annual,GHG,Greenhouse gases,T_LULU,"Total emissions including land use, land-use change and forestry",T_CO2E,Tonnes of CO2-equivalent,2019,,44576.57,,A,Normal value,3,Thousands,,,,,2,Two,,
DATAFLOW,OECD.ENV.EPI:DSD_AIR_GHG@DF_AIR_GHG(1.0),Air emissions - Greenhouse gas emissions Inventories,I,BGR,Bulgaria,A,Annual,GHG,Greenhouse gases,T_LULU,"Total emissions including land use, land-use change and forestry",T_CO2E,Tonnes of CO2-equivalent,2020,,38579.08,,A,Normal value,3,Thousands,,,,,2,Two,,
DATAFLOW,OECD.ENV.EPI:DSD_AIR_GHG@DF_AIR_GHG(1.0),Air emissions - Greenhouse gas emissions Inventories,I,BGR,Bulgaria,A,Annual,GHG,Greenhouse gases,T_LULU,"Total emissions including land use, land-use change and forestry",T_CO2E,Tonnes of CO2-equivalent,2021,,44773.18,,A,Normal value,3,Thousands,,,,,2,Two,,
DATAFLOW,OECD.ENV.EPI:DSD_AIR_GHG@DF_AIR_GHG(1.0),Air emissions - Greenhouse gas emissions Inventories,I,CHE,Switzerland,A,Annual,GHG,Greenhouse gases,T_LULU,"Total emissions including land use, land-use change and forestry",T_CO2E,Tonnes of CO2-equivalent,1990,,53170.09,,A,Normal value,3,Thousands,,,,,2,Two,,
DATAFLOW,OECD.ENV.EPI:DSD_AIR_GHG@DF_AIR_GHG(1.0),Air emissions - Greenhouse gas emissions Inventories,I,CHE,Switzerland,A,Annual,GHG,Greenhouse gases,T_LULU,"Total emissions including land use, land-use change and forestry",T_CO2E,Tonnes of CO2-equivalent,1991,,51926.78,,A,Normal value,3,Thousands,,,,,2,Two,,
DATAFLOW,OECD.ENV.EPI:DSD_AIR_GHG@DF_AIR_GHG(1.0),Air emissions - Greenhouse gas emissions Inventories,I,CHE,Switzerland,A,Annual,GHG,Greenhouse gases,T_LULU,"Total emissions including land use, land-use change and forestry",T_CO2E,Tonnes of CO2-equivalent,1992,,52558.95,,A,Normal value,3,Thousands,,,,,2,Two,,
DATAFLOW,OECD.ENV.EPI:DSD_AIR_GHG@DF_AIR_GHG(1.0),Air emissions - Greenhouse gas emissions Inventories,I,CHE,Switzerland,A,Annual,GHG,Greenhouse gases,T_LULU,"Total emissions including land use, land-use change and forestry",T_CO2E,Tonnes of CO2-equivalent,1993,,49705.16,,A,Normal value,3,Thousands,,,,,2,Two,,
DATAFLOW,OECD.ENV.EPI:DSD_AIR_GHG@DF_AIR_GHG(1.0),Air emissions - Greenhouse gas emissions Inventories,I,CHE,Switzerland,A,Annual,GHG,Greenhouse gases,T_LULU,"Total emissions including land use, land-use change and forestry",T_CO2E,Tonnes of CO2-equivalent,1994,,49942.99,,A,Normal value,3,Thousands,,,,,2,Two,,
DATAFLOW,OECD.ENV.EPI:DSD_AIR_GHG@DF_AIR_GHG(1.0),Air emissions - Greenhouse gas emissions Inventories,I,CHE,Switzerland,A,Annual,GHG,Greenhouse gases,T_LULU,"Total emissions including land use, land-use change and forestry",T_CO2E,Tonnes of CO2-equivalent,1995,,50023.17,,A,Normal value,3,Thousands,,,,,2,Two,,
DATAFLOW,OECD.ENV.EPI:DSD_AIR_GHG@DF_AIR_GHG(1.0),Air emissions - Greenhouse gas emissions Inventories,I,CHE,Switzerland,A,Annual,GHG,Greenhouse gases,T_LULU,"Total emissions including land use, land-use change and forestry",T_CO2E,Tonnes of CO2-equivalent,1996,,49012.24,,A,Normal value,3,Thousands,,,,,2,Two,,
DATAFLOW,OECD.ENV.EPI:DSD_AIR_GHG@DF_AIR_GHG(1.0),Air emissions - Greenhouse gas emissions Inventories,I,CHE,Switzerland,A,Annual,GHG,Greenhouse gases,T_LULU,"Total emissions including land use, land-use change and forestry",T_CO2E,Tonnes of CO2-equivalent,1997,,49492.48,,A,Normal value,3,Thousands,,,,,2,Two,,
DATAFLOW,OECD.ENV.EPI:DSD_AIR_GHG@DF_AIR_GHG(1.0),Air emissions - Greenhouse gas emissions Inventories,I,CHE,Switzerland,A,Annual,GHG,Greenhouse gases,T_LULU,"Total emissions including land use, land-use change and forestry",T_CO2E,Tonnes of CO2-equivalent,1998,,51971.24,,A,Normal value,3,Thousands,,,,,2,Two,,
DATAFLOW,OECD.ENV.EPI:DSD_AIR_GHG@DF_AIR_GHG(1.0),Air emissions - Greenhouse gas emissions Inventories,I,CHE,Switzerland,A,Annual,GHG,Greenhouse gases,T_LULU,"Total emissions including land use, land-use change and forestry",T_CO2E,Tonnes of CO2-equivalent,1999,,52178.77,,A,Normal value,3,Thousands,,,,,2,Two,,
DATAFLOW,OECD.ENV.EPI:DSD_AIR_GHG@DF_AIR_GHG(1.0),Air emissions - Greenhouse gas emissions Inventories,I,CHE,Switzerland,A,Annual,GHG,Greenhouse gases,T_LULU,"Total emissions including land use, land-use change and forestry",T_CO2E,Tonnes of CO2-equivalent,2000,,59103.95,,A,Normal value,3,Thousands,,,,,2,Two,,
DATAFLOW,OECD.ENV.EPI:DSD_AIR_GHG@DF_AIR_GHG(1.0),Air emissions - Greenhouse gas emissions Inventories,I,CHE,Switzerland,A,Annual,GHG,Greenhouse gases,T_LULU,"Total emissions including land use, land-use change and forestry",T_CO2E,Tonnes of CO2-equivalent,2001,,54531.05,,A,Normal value,3,Thousands,,,,,2,Two,,
DATAFLOW,OECD.ENV.EPI:DSD_AIR_GHG@DF_AIR_GHG(1.0),Air emissions - Greenhouse gas emissions Inventories,I,CHE,Switzerland,A,Annual,GHG,Greenhouse gases,T_LULU,"Total emissions including land use, land-use change and forestry",T_CO2E,Tonnes of CO2-equivalent,2002,,51220.41,,A,Normal value,3,Thousands,,,,,2,Two,,
DATAFLOW,OECD.ENV.EPI:DSD_AIR_GHG@DF_AIR_GHG(1.0),Air emissions - Greenhouse gas emissions Inventories,I,CHE,Switzerland,A,Annual,GHG,Greenhouse gases,T_LULU,"Total emissions including land use, land-use change and forestry",T_CO2E,Tonnes of CO2-equivalent,2003,,52318.42,,A,Normal value,3,Thousands,,,,,2,Two,,
DATAFLOW,OECD.ENV.EPI:DSD_AIR_GHG@DF_AIR_GHG(1.0),Air emissions - Greenhouse gas emissions Inventories,I,CHE,Switzerland,A,Annual,GHG,Greenhouse gases,T_LULU,"Total emissions including land use, land-use change and forestry",T_CO2E,Tonnes of CO2-equivalent,2004,,52832.84,,A,Normal value,3,Thousands,,,,,2,Two,,
DATAFLOW,OECD.ENV.EPI:DSD_AIR_GHG@DF_AIR_GHG(1.0),Air emissions - Greenhouse gas emissions Inventories,I,CHE,Switzerland,A,Annual,GHG,Greenhouse gases,T_LULU,"Total emissions including land use, land-use change and forestry",T_CO2E,Tonnes of CO2-equivalent,2005,,53198.94,,A,Normal value,3,Thousands,,,,,2,Two,,
DATAFLOW,OECD.ENV.EPI:DSD_AIR_GHG@DF_AIR_GHG(1.0),Air emissions - Greenhouse gas emissions Inventories,I,CHE,Switzerland,A,Annual,GHG,Greenhouse gases,T_LULU,"Total emissions including land use, land-use change and forestry",T_CO2E,Tonnes of CO2-equivalent,2006,,53836.83,,A,Normal value,3,Thousands,,,,,2,Two,,
DATAFLOW,OECD.ENV.EPI:DSD_AIR_GHG@DF_AIR_GHG(1.0),Air emissions - Greenhouse gas emissions Inventories,I,CHE,Switzerland,A,Annual,GHG,Greenhouse gases,T_LULU,"Total emissions including land use, land-use change and forestry",T_CO2E,Tonnes of CO2-equivalent,2007,,52981.47,,A,Normal value,3,Thousands,,,,,2,Two,,
DATAFLOW,OECD.ENV.EPI:DSD_AIR_GHG@DF_AIR_GHG(1.0),Air emissions - Greenhouse gas emissions Inventories,I,CHE,Switzerland,A,Annual,GHG,Greenhouse gases,T_LULU,"Total emissions including land use, land-use change and forestry",T_CO2E,Tonnes of CO2-equivalent,2008,,53152.43,,A,Normal value,3,Thousands,,,,,2,Two,,
DATAFLOW,OECD.ENV.EPI:DSD_AIR_GHG@DF_AIR_GHG(1.0),Air emissions - Greenhouse gas emissions Inventories,I,CHE,Switzerland,A,Annual,GHG,Greenhouse gases,T_LULU,"Total emissions including land use, land-use change and forestry",T_CO2E,Tonnes of CO2-equivalent,2009,,50567.22,,A,Normal value,3,Thousands,,,,,2,Two,,
DATAFLOW,OECD.ENV.EPI:DSD_AIR_GHG@DF_AIR_GHG(1.0),Air emissions - Greenhouse gas emissions Inventories,I,CHE,Switzerland,A,Annual,GHG,Greenhouse gases,T_LULU,"Total emissions including land use, land-use change and forestry",T_CO2E,Tonnes of CO2-equivalent,2010,,52499.63,,A,Normal value,3,Thousands,,,,,2,Two,,
DATAFLOW,OECD.ENV.EPI:DSD_AIR_GHG@DF_AIR_GHG(1.0),Air emissions - Greenhouse gas emissions Inventories,I,CHE,Switzerland,A,Annual,GHG,Greenhouse gases,T_LULU,"Total emissions including land use, land-use change and forestry",T_CO2E,Tonnes of CO2-equivalent,2011,,50202.89,,A,Normal value,3,Thousands,,,,,2,Two,,
DATAFLOW,OECD.ENV.EPI:DSD_AIR_GHG@DF_AIR_GHG(1.0),Air emissions - Greenhouse gas emissions Inventories,I,CHE,Switzerland,A,Annual,GHG,Greenhouse gases,T_LULU,"Total emissions including land use, land-use change and forestry",T_CO2E,Tonnes of CO2-equivalent,2012,,49999.9,,A,Normal value,3,Thousands,,,,,2,Two,,
DATAFLOW,OECD.ENV.EPI:DSD_AIR_GHG@DF_AIR_GHG(1.0),Air emissions - Greenhouse gas emissions Inventories,I,CHE,Switzerland,A,Annual,GHG,Greenhouse gases,T_LULU,"Total emissions including land use, land-use change and forestry",T_CO2E,Tonnes of CO2-equivalent,2013,,51618.73,,A,Normal value,3,Thousands,,,,,2,Two,,
DATAFLOW,OECD.ENV.EPI:DSD_AIR_GHG@DF_AIR_GHG(1.0),Air emissions - Greenhouse gas emissions Inventories,I,CHE,Switzerland,A,Annual,GHG,Greenhouse gases,T_LULU,"Total emissions including land use, land-use change and forestry",T_CO2E,Tonnes of CO2-equivalent,2014,,49264.36,,A,Normal value,3,Thousands,,,,,2,Two,,
DATAFLOW,OECD.ENV.EPI:DSD_AIR_GHG@DF_AIR_GHG(1.0),Air emissions - Greenhouse gas emissions Inventories,I,CHE,Switzerland,A,Annual,GHG,Greenhouse gases,T_LULU,"Total emissions including land use, land-use change and forestry",T_CO2E,Tonnes of CO2-equivalent,2015,,46949.06,,A,Normal value,3,Thousands,,,,,2,Two,,
DATAFLOW,OECD.ENV.EPI:DSD_AIR_GHG@DF_AIR_GHG(1.0),Air emissions - Greenhouse gas emissions Inventories,I,CHE,Switzerland,A,Annual,GHG,Greenhouse gases,T_LULU,"Total emissions including land use, land-use change and forestry",T_CO2E,Tonnes of CO2-equivalent,2016,,47231.92,,A,Normal value,3,Thousands,,,,,2,Two,,
DATAFLOW,OECD.ENV.EPI:DSD_AIR_GHG@DF_AIR_GHG(1.0),Air emissions - Greenhouse gas emissions Inventories,I,CHE,Switzerland,A,Annual,GHG,Greenhouse gases,T_LULU,"Total emissions including land use, land-use change and forestry",T_CO2E,Tonnes of CO2-equivalent,2017,,46559.43,,A,Normal value,3,Thousands,,,,,2,Two,,
DATAFLOW,OECD.ENV.EPI:DSD_AIR_GHG@DF_AIR_GHG(1.0),Air emissions - Greenhouse gas emissions Inventories,I,CHE,Switzerland,A,Annual,GHG,Greenhouse gases,T_LULU,"Total emissions including land use, land-use change and forestry",T_CO2E,Tonnes of CO2-equivalent,2018,,45653.89,,A,Normal value,3,Thousands,,,,,2,Two,,
DATAFLOW,OECD.ENV.EPI:DSD_AIR_GHG@DF_AIR_GHG(1.0),Air emissions - Greenhouse gas emissions Inventories,I,CHE,Switzerland,A,Annual,GHG,Greenhouse gases,T_LULU,"Total emissions including land use, land-use change and forestry",T_CO2E,Tonnes of CO2-equivalent,2019,,44704.05,,A,Normal value,3,Thousands,,,,,2,Two,,
DATAFLOW,OECD.ENV.EPI:DSD_AIR_GHG@DF_AIR_GHG(1.0),Air emissions - Greenhouse gas emissions Inventories,I,CHE,Switzerland,A,Annual,GHG,Greenhouse gases,T_LULU,"Total emissions including land use, land-use change and forestry",T_CO2E,Tonnes of CO2-equivalent,2020,,42363.06,,A,Normal value,3,Thousands,,,,,2,Two,,
DATAFLOW,OECD.ENV.EPI:DSD_AIR_GHG@DF_AIR_GHG(1.0),Air emissions - Greenhouse gas emissions Inventories,I,CHE,Switzerland,A,Annual,GHG,Greenhouse gases,T_LULU,"Total emissions including land use, land-use change and forestry",T_CO2E,Tonnes of CO2-equivalent,2021,,43260.64,,A,Normal value,3,Thousands,,,,,2,Two,,
DATAFLOW,OECD.ENV.EPI:DSD_AIR_GHG@DF_AIR_GHG(1.0),Air emissions - Greenhouse gas emissions Inventories,I,NOR,Norway,A,Annual,GHG,Greenhouse gases,T_LULU,"Total emissions including land use, land-use change and forestry",T_CO2E,Tonnes of CO2-equivalent,1990,,40883.89,,A,Normal value,3,Thousands,,,,,2,Two,,
DATAFLOW,OECD.ENV.EPI:DSD_AIR_GHG@DF_AIR_GHG(1.0),Air emissions - Greenhouse gas emissions Inventories,I,NOR,Norway,A,Annual,GHG,Greenhouse gases,T_LULU,"Total emissions including land use, land-use change and forestry",T_CO2E,Tonnes of CO2-equivalent,1991,,36723.41,,A,Normal value,3,Thousands,,,,,2,Two,,
DATAFLOW,OECD.ENV.EPI:DSD_AIR_GHG@DF_AIR_GHG(1.0),Air emissions - Greenhouse gas emissions Inventories,I,NOR,Norway,A,Annual,GHG,Greenhouse gases,T_LULU,"Total emissions including land use, land-use change and forestry",T_CO2E,Tonnes of CO2-equivalent,1992,,35680.32,,A,Normal value,3,Thousands,,,,,2,Two,,
DATAFLOW,OECD.ENV.EPI:DSD_AIR_GHG@DF_AIR_GHG(1.0),Air emissions - Greenhouse gas emissions Inventories,I,NOR,Norway,A,Annual,GHG,Greenhouse gases,T_LULU,"Total emissions including land use, land-use change and forestry",T_CO2E,Tonnes of CO2-equivalent,1993,,36041.53,,A,Normal value,3,Thousands,,,,,2,Two,,
DATAFLOW,OECD.ENV.EPI:DSD_AIR_GHG@DF_AIR_GHG(1.0),Air emissions - Greenhouse gas emissions Inventories,I,NOR,Norway,A,Annual,GHG,Greenhouse gases,T_LULU,"Total emissions including land use, land-use change and forestry",T_CO2E,Tonnes of CO2-equivalent,1994,,40018.72,,A,Normal value,3,Thousands,,,,,2,Two,,
DATAFLOW,OECD.ENV.EPI:DSD_AIR_GHG@DF_AIR_GHG(1.0),Air emissions - Greenhouse gas emissions Inventories,I,NOR,Norway,A,Annual,GHG,Greenhouse gases,T_LULU,"Total emissions including land use, land-use change and forestry",T_CO2E,Tonnes of CO2-equivalent,1995,,36104.42,,A,Normal value,3,Thousands,,,,,2,Two,,
DATAFLOW,OECD.ENV.EPI:DSD_AIR_GHG@DF_AIR_GHG(1.0),Air emissions - Greenhouse gas emissions Inventories,I,NOR,Norway,A,Annual,GHG,Greenhouse gases,T_LULU,"Total emissions including land use, land-use change and forestry",T_CO2E,Tonnes of CO2-equivalent,1996,,39740.47,,A,Normal value,3,Thousands,,,,,2,Two,,
DATAFLOW,OECD.ENV.EPI:DSD_AIR_GHG@DF_AIR_GHG(1.0),Air emissions - Greenhouse gas emissions Inventories,I,NOR,Norway,A,Annual,GHG,Greenhouse gases,T_LULU,"Total emissions including land use, land-use change and forestry",T_CO2E,Tonnes of CO2-equivalent,1997,,40792.11,,A,Normal value,3,Thousands,,,,,2,Two,,
DATAFLOW,OECD.ENV.EPI:DSD_AIR_GHG@DF_AIR_GHG(1.0),Air emissions - Greenhouse gas emissions Inventories,I,NOR,Norway,A,Annual,GHG,Greenhouse gases,T_LULU,"Total emissions including land use, land-use change and forestry",T_CO2E,Tonnes of CO2-equivalent,1998,,38359.54,,A,Normal value,3,Thousands,,,,,2,Two,,
DATAFLOW,OECD.ENV.EPI:DSD_AIR_GHG@DF_AIR_GHG(1.0),Air emissions - Greenhouse gas emissions Inventories,I,NOR,Norway,A,Annual,GHG,Greenhouse gases,T_LULU,"Total emissions including land use, land-use change and forestry",T_CO2E,Tonnes of CO2-equivalent,1999,,37681.89,,A,Normal value,3,Thousands,,,,,2,Two,,
DATAFLOW,OECD.ENV.EPI:DSD_AIR_GHG@DF_AIR_GHG(1.0),Air emissions - Greenhouse gas emissions Inventories,I,NOR,Norway,A,Annual,GHG,Greenhouse gases,T_LULU,"Total emissions including land use, land-use change and forestry",T_CO2E,Tonnes of CO2-equivalent,2000,,35387.53,,A,Normal value,3,Thousands,,,,,2,Two,,
DATAFLOW,OECD.ENV.EPI:DSD_AIR_GHG@DF_AIR_GHG(1.0),Air emissions - Greenhouse gas emissions Inventories,I,NOR,Norway,A,Annual,GHG,Greenhouse gases,T_LULU,"Total emissions including land use, land-use change and forestry",T_CO2E,Tonnes of CO2-equivalent,2001,,34683.64,,A,Normal value,3,Thousands,,,,,2,Two,,
DATAFLOW,OECD.ENV.EPI:DSD_AIR_GHG@DF_AIR_GHG(1.0),Air emissions - Greenhouse gas emissions Inventories,I,NOR,Norway,A,Annual,GHG,Greenhouse gases,T_LULU,"Total emissions including land use, land-use change and forestry",T_CO2E,Tonnes of CO2-equivalent,2002,,32514.11,,A,Normal value,3,Thousands,,,,,2,Two,,
DATAFLOW,OECD.ENV.EPI:DSD_AIR_GHG@DF_AIR_GHG(1.0),Air emissions - Greenhouse gas emissions Inventories,I,NOR,Norway,A,Annual,GHG,Greenhouse gases,T_LULU,"Total emissions including land use, land-use change and forestry",T_CO2E,Tonnes of CO2-equivalent,2003,,31688.98,,A,Normal value,3,Thousands,,,,,2,Two,,
DATAFLOW,OECD.ENV.EPI:DSD_AIR_GHG@DF_AIR_GHG(1.0),Air emissions - Greenhouse gas emissions Inventories,I,NOR,Norway,A,Annual,GHG,Greenhouse gases,T_LULU,"Total emissions including land use, land-use change and forestry",T_CO2E,Tonnes of CO2-equivalent,2004,,32471,,A,Normal value,3,Thousands,,,,,2,Two,,
DATAFLOW,OECD.ENV.EPI:DSD_AIR_GHG@DF_AIR_GHG(1.0),Air emissions - Greenhouse gas emissions Inventories,I,NOR,Norway,A,Annual,GHG,Greenhouse gases,T_LULU,"Total emissions including land use, land-use change and forestry",T_CO2E,Tonnes of CO2-equivalent,2005,,34131.98,,A,Normal value,3,Thousands,,,,,2,Two,,
DATAFLOW,OECD.ENV.EPI:DSD_AIR_GHG@DF_AIR_GHG(1.0),Air emissions - Greenhouse gas emissions Inventories,I,NOR,Norway,A,Annual,GHG,Greenhouse gases,T_LULU,"Total emissions including land use, land-use change and forestry",T_CO2E,Tonnes of CO2-equivalent,2006,,32230.01,,A,Normal value,3,Thousands,,,,,2,Two,,
DATAFLOW,OECD.ENV.EPI:DSD_AIR_GHG@DF_AIR_GHG(1.0),Air emissions - Greenhouse gas emissions Inventories,I,NOR,Norway,A,Annual,GHG,Greenhouse gases,T_LULU,"Total emissions including land use, land-use change and forestry",T_CO2E,Tonnes of CO2-equivalent,2007,,33802.51,,A,Normal value,3,Thousands,,,,,2,Two,,
DATAFLOW,OECD.ENV.EPI:DSD_AIR_GHG@DF_AIR_GHG(1.0),Air emissions - Greenhouse gas emissions Inventories,I,NOR,Norway,A,Annual,GHG,Greenhouse gases,T_LULU,"Total emissions including land use, land-use change and forestry",T_CO2E,Tonnes of CO2-equivalent,2008,,31069.89,,A,Normal value,3,Thousands,,,,,2,Two,,
DATAFLOW,OECD.ENV.EPI:DSD_AIR_GHG@DF_AIR_GHG(1.0),Air emissions - Greenhouse gas emissions Inventories,I,NOR,Norway,A,Annual,GHG,Greenhouse gases,T_LULU,"Total emissions including land use, land-use change and forestry",T_CO2E,Tonnes of CO2-equivalent,2009,,25300.09,,A,Normal value,3,Thousands,,,,,2,Two,,
DATAFLOW,OECD.ENV.EPI:DSD_AIR_GHG@DF_AIR_GHG(1.0),Air emissions - Greenhouse gas emissions Inventories,I,NOR,Norway,A,Annual,GHG,Greenhouse gases,T_LULU,"Total emissions including land use, land-use change and forestry",T_CO2E,Tonnes of CO2-equivalent,2010,,31090.79,,A,Normal value,3,Thousands,,,,,2,Two,,
DATAFLOW,OECD.ENV.EPI:DSD_AIR_GHG@DF_AIR_GHG(1.0),Air emissions - Greenhouse gas emissions Inventories,I,NOR,Norway,A,Annual,GHG,Greenhouse gases,T_LULU,"Total emissions including land use, land-use change and forestry",T_CO2E,Tonnes of CO2-equivalent,2011,,28829.27,,A,Normal value,3,Thousands,,,,,2,Two,,
DATAFLOW,OECD.ENV.EPI:DSD_AIR_GHG@DF_AIR_GHG(1.0),Air emissions - Greenhouse gas emissions Inventories,I,NOR,Norway,A,Annual,GHG,Greenhouse gases,T_LULU,"Total emissions including land use, land-use change and forestry",T_CO2E,Tonnes of CO2-equivalent,2012,,31968.21,,A,Normal value,3,Thousands,,,,,2,Two,,
DATAFLOW,OECD.ENV.EPI:DSD_AIR_GHG@DF_AIR_GHG(1.0),Air emissions - Greenhouse gas emissions Inventories,I,NOR,Norway,A,Annual,GHG,Greenhouse gases,T_LULU,"Total emissions including land use, land-use change and forestry",T_CO2E,Tonnes of CO2-equivalent,2013,,31674.2,,A,Normal value,3,Thousands,,,,,2,Two,,
DATAFLOW,OECD.ENV.EPI:DSD_AIR_GHG@DF_AIR_GHG(1.0),Air emissions - Greenhouse gas emissions Inventories,I,NOR,Norway,A,Annual,GHG,Greenhouse gases,T_LULU,"Total emissions including land use, land-use change and forestry",T_CO2E,Tonnes of CO2-equivalent,2014,,35700.81,,A,Normal value,3,Thousands,,,,,2,Two,,
DATAFLOW,OECD.ENV.EPI:DSD_AIR_GHG@DF_AIR_GHG(1.0),Air emissions - Greenhouse gas emissions Inventories,I,NOR,Norway,A,Annual,GHG,Greenhouse gases,T_LULU,"Total emissions including land use, land-use change and forestry",T_CO2E,Tonnes of CO2-equivalent,2015,,40980.48,,A,Normal value,3,Thousands,,,,,2,Two,,
DATAFLOW,OECD.ENV.EPI:DSD_AIR_GHG@DF_AIR_GHG(1.0),Air emissions - Greenhouse gas emissions Inventories,I,NOR,Norway,A,Annual,GHG,Greenhouse gases,T_LULU,"Total emissions including land use, land-use change and forestry",T_CO2E,Tonnes of CO2-equivalent,2016,,40127.31,,A,Normal value,3,Thousands,,,,,2,Two,,
DATAFLOW,OECD.ENV.EPI:DSD_AIR_GHG@DF_AIR_GHG(1.0),Air emissions - Greenhouse gas emissions Inventories,I,NOR,Norway,A,Annual,GHG,Greenhouse gases,T_LULU,"Total emissions including land use, land-use change and forestry",T_CO2E,Tonnes of CO2-equivalent,2017,,40229.7,,A,Normal value,3,Thousands,,,,,2,Two,,
DATAFLOW,OECD.ENV.EPI:DSD_AIR_GHG@DF_AIR_GHG(1.0),Air emissions - Greenhouse gas emissions Inventories,I,NOR,Norway,A,Annual,GHG,Greenhouse gases,T_LULU,"Total emissions including land use, land-use change and forestry",T_CO2E,Tonnes of CO2-equivalent,2018,,39420.93,,A,Normal value,3,Thousands,,,,,2,Two,,
DATAFLOW,OECD.ENV.EPI:DSD_AIR_GHG@DF_AIR_GHG(1.0),Air emissions - Greenhouse gas emissions Inventories,I,NOR,Norway,A,Annual,GHG,Greenhouse gases,T_LULU,"Total emissions including land use, land-use change and forestry",T_CO2E,Tonnes of CO2-equivalent,2019,,35669.36,,A,Normal value,3,Thousands,,,,,2,Two,,
DATAFLOW,OECD.ENV.EPI:DSD_AIR_GHG@DF_AIR_GHG(1.0),Air emissions - Greenhouse gas emissions Inventories,I,NOR,Norway,A,Annual,GHG,Greenhouse gases,T_LULU,"Total emissions including land use, land-use change and forestry",T_CO2E,Tonnes of CO2-equivalent,2020,,30041.96,,A,Normal value,3,Thousands,,,,,2,Two,,
DATAFLOW,OECD.ENV.EPI:DSD_AIR_GHG@DF_AIR_GHG(1.0),Air emissions - Greenhouse gas emissions Inventories,I,NOR,Norway,A,Annual,GHG,Greenhouse gases,T_LULU,"Total emissions including land use, land-use change and forestry",T_CO2E,Tonnes of CO2-equivalent,2021,,33404.67,,A,Normal value,3,Thousands,,,,,2,Two,,
DATAFLOW,OECD.ENV.EPI:DSD_AIR_GHG@DF_AIR_GHG(1.0),Air emissions - Greenhouse gas emissions Inventories,I,GRC,Greece,A,Annual,GHG,Greenhouse gases,T_LULU,"Total emissions including land use, land-use change and forestry",T_CO2E,Tonnes of CO2-equivalent,1990,,101738.1,,A,Normal value,3,Thousands,,,,,2,Two,,
DATAFLOW,OECD.ENV.EPI:DSD_AIR_GHG@DF_AIR_GHG(1.0),Air emissions - Greenhouse gas emissions Inventories,I,GRC,Greece,A,Annual,GHG,Greenhouse gases,T_LULU,"Total emissions including land use, land-use change and forestry",T_CO2E,Tonnes of CO2-equivalent,1991,,101633.54,,A,Normal value,3,Thousands,,,,,2,Two,,
DATAFLOW,OECD.ENV.EPI:DSD_AIR_GHG@DF_AIR_GHG(1.0),Air emissions - Greenhouse gas emissions Inventories,I,GRC,Greece,A,Annual,GHG,Greenhouse gases,T_LULU,"Total emissions including land use, land-use change and forestry",T_CO2E,Tonnes of CO2-equivalent,1992,,102717.26,,A,Normal value,3,Thousands,,,,,2,Two,,
DATAFLOW,OECD.ENV.EPI:DSD_AIR_GHG@DF_AIR_GHG(1.0),Air emissions - Greenhouse gas emissions Inventories,I,GRC,Greece,A,Annual,GHG,Greenhouse gases,T_LULU,"Total emissions including land use, land-use change and forestry",T_CO2E,Tonnes of CO2-equivalent,1993,,101774.3,,A,Normal value,3,Thousands,,,,,2,Two,,
DATAFLOW,OECD.ENV.EPI:DSD_AIR_GHG@DF_AIR_GHG(1.0),Air emissions - Greenhouse gas emissions Inventories,I,GRC,Greece,A,Annual,GHG,Greenhouse gases,T_LULU,"Total emissions including land use, land-use change and forestry",T_CO2E,Tonnes of CO2-equivalent,1994,,104671.31,,A,Normal value,3,Thousands,,,,,2,Two,,
DATAFLOW,OECD.ENV.EPI:DSD_AIR_GHG@DF_AIR_GHG(1.0),Air emissions - Greenhouse gas emissions Inventories,I,GRC,Greece,A,Annual,GHG,Greenhouse gases,T_LULU,"Total emissions including land use, land-use change and forestry",T_CO2E,Tonnes of CO2-equivalent,1995,,106540.24,,A,Normal value,3,Thousands,,,,,2,Two,,
DATAFLOW,OECD.ENV.EPI:DSD_AIR_GHG@DF_AIR_GHG(1.0),Air emissions - Greenhouse gas emissions Inventories,I,GRC,Greece,A,Annual,GHG,Greenhouse gases,T_LULU,"Total emissions including land use, land-use change and forestry",T_CO2E,Tonnes of CO2-equivalent,1996,,110191.29,,A,Normal value,3,Thousands,,,,,2,Two,,
DATAFLOW,OECD.ENV.EPI:DSD_AIR_GHG@DF_AIR_GHG(1.0),Air emissions - Greenhouse gas emissions Inventories,I,GRC,Greece,A,Annual,GHG,Greenhouse gases,T_LULU,"Total emissions including land use, land-use change and forestry",T_CO2E,Tonnes of CO2-equivalent,1997,,115306.46,,A,Normal value,3,Thousands,,,,,2,Two,,
DATAFLOW,OECD.ENV.EPI:DSD_AIR_GHG@DF_AIR_GHG(1.0),Air emissions - Greenhouse gas emissions Inventories,I,GRC,Greece,A,Annual,GHG,Greenhouse gases,T_LULU,"Total emissions including land use, land-use change and forestry",T_CO2E,Tonnes of CO2-equivalent,1998,,120766.21,,A,Normal value,3,Thousands,,,,,2,Two,,
DATAFLOW,OECD.ENV.EPI:DSD_AIR_GHG@DF_AIR_GHG(1.0),Air emissions - Greenhouse gas emissions Inventories,I,GRC,Greece,A,Annual,GHG,Greenhouse gases,T_LULU,"Total emissions including land use, land-use change and forestry",T_CO2E,Tonnes of CO2-equivalent,1999,,120286.11,,A,Normal value,3,Thousands,,,,,2,Two,,
DATAFLOW,OECD.ENV.EPI:DSD_AIR_GHG@DF_AIR_GHG(1.0),Air emissions - Greenhouse gas emissions Inventories,I,GRC,Greece,A,Annual,GHG,Greenhouse gases,T_LULU,"Total emissions including land use, land-use change and forestry",T_CO2E,Tonnes of CO2-equivalent,2000,,124139.63,,A,Normal value,3,Thousands,,,,,2,Two,,
DATAFLOW,OECD.ENV.EPI:DSD_AIR_GHG@DF_AIR_GHG(1.0),Air emissions - Greenhouse gas emissions Inventories,I,GRC,Greece,A,Annual,GHG,Greenhouse gases,T_LULU,"Total emissions including land use, land-use change and forestry",T_CO2E,Tonnes of CO2-equivalent,2001,,125104.65,,A,Normal value,3,Thousands,,,,,2,Two,,
DATAFLOW,OECD.ENV.EPI:DSD_AIR_GHG@DF_AIR_GHG(1.0),Air emissions - Greenhouse gas emissions Inventories,I,GRC,Greece,A,Annual,GHG,Greenhouse gases,T_LULU,"Total emissions including land use, land-use change and forestry",T_CO2E,Tonnes of CO2-equivalent,2002,,124757.67,,A,Normal value,3,Thousands,,,,,2,Two,,
DATAFLOW,OECD.ENV.EPI:DSD_AIR_GHG@DF_AIR_GHG(1.0),Air emissions - Greenhouse gas emissions Inventories,I,GRC,Greece,A,Annual,GHG,Greenhouse gases,T_LULU,"Total emissions including land use, land-use change and forestry",T_CO2E,Tonnes of CO2-equivalent,2003,,128857.44,,A,Normal value,3,Thousands,,,,,2,Two,,
DATAFLOW,OECD.ENV.EPI:DSD_AIR_GHG@DF_AIR_GHG(1.0),Air emissions - Greenhouse gas emissions Inventories,I,GRC,Greece,A,Annual,GHG,Greenhouse gases,T_LULU,"Total emissions including land use, land-use change and forestry",T_CO2E,Tonnes of CO2-equivalent,2004,,129521.32,,A,Normal value,3,Thousands,,,,,2,Two,,
DATAFLOW,OECD.ENV.EPI:DSD_AIR_GHG@DF_AIR_GHG(1.0),Air emissions - Greenhouse gas emissions Inventories,I,GRC,Greece,A,Annual,GHG,Greenhouse gases,T_LULU,"Total emissions including land use, land-use change and forestry",T_CO2E,Tonnes of CO2-equivalent,2005,,133219.64,,A,Normal value,3,Thousands,,,,,2,Two,,
DATAFLOW,OECD.ENV.EPI:DSD_AIR_GHG@DF_AIR_GHG(1.0),Air emissions - Greenhouse gas emissions Inventories,I,GRC,Greece,A,Annual,GHG,Greenhouse gases,T_LULU,"Total emissions including land use, land-use change and forestry",T_CO2E,Tonnes of CO2-equivalent,2006,,129680.31,,A,Normal value,3,Thousands,,,,,2,Two,,
DATAFLOW,OECD.ENV.EPI:DSD_AIR_GHG@DF_AIR_GHG(1.0),Air emissions - Greenhouse gas emissions Inventories,I,GRC,Greece,A,Annual,GHG,Greenhouse gases,T_LULU,"Total emissions including land use, land-use change and forestry",T_CO2E,Tonnes of CO2-equivalent,2007,,133579.12,,A,Normal value,3,Thousands,,,,,2,Two,,
DATAFLOW,OECD.ENV.EPI:DSD_AIR_GHG@DF_AIR_GHG(1.0),Air emissions - Greenhouse gas emissions Inventories,I,GRC,Greece,A,Annual,GHG,Greenhouse gases,T_LULU,"Total emissions including land use, land-use change and forestry",T_CO2E,Tonnes of CO2-equivalent,2008,,129162,,A,Normal value,3,Thousands,,,,,2,Two,,
DATAFLOW,OECD.ENV.EPI:DSD_AIR_GHG@DF_AIR_GHG(1.0),Air emissions - Greenhouse gas emissions Inventories,I,GRC,Greece,A,Annual,GHG,Greenhouse gases,T_LULU,"Total emissions including land use, land-use change and forestry",T_CO2E,Tonnes of CO2-equivalent,2009,,121836.76,,A,Normal value,3,Thousands,,,,,2,Two,,
DATAFLOW,OECD.ENV.EPI:DSD_AIR_GHG@DF_AIR_GHG(1.0),Air emissions - Greenhouse gas emissions Inventories,I,GRC,Greece,A,Annual,GHG,Greenhouse gases,T_LULU,"Total emissions including land use, land-use change and forestry",T_CO2E,Tonnes of CO2-equivalent,2010,,115767.71,,A,Normal value,3,Thousands,,,,,2,Two,,
DATAFLOW,OECD.ENV.EPI:DSD_AIR_GHG@DF_AIR_GHG(1.0),Air emissions - Greenhouse gas emissions Inventories,I,GRC,Greece,A,Annual,GHG,Greenhouse gases,T_LULU,"Total emissions including land use, land-use change and forestry",T_CO2E,Tonnes of CO2-equivalent,2011,,112680.37,,A,Normal value,3,Thousands,,,,,2,Two,,
DATAFLOW,OECD.ENV.EPI:DSD_AIR_GHG@DF_AIR_GHG(1.0),Air emissions - Greenhouse gas emissions Inventories,I,GRC,Greece,A,Annual,GHG,Greenhouse gases,T_LULU,"Total emissions including land use, land-use change and forestry",T_CO2E,Tonnes of CO2-equivalent,2012,,109382.01,,A,Normal value,3,Thousands,,,,,2,Two,,
DATAFLOW,OECD.ENV.EPI:DSD_AIR_GHG@DF_AIR_GHG(1.0),Air emissions - Greenhouse gas emissions Inventories,I,GRC,Greece,A,Annual,GHG,Greenhouse gases,T_LULU,"Total emissions including land use, land-use change and forestry",T_CO2E,Tonnes of CO2-equivalent,2013,,101240.12,,A,Normal value,3,Thousands,,,,,2,Two,,
DATAFLOW,OECD.ENV.EPI:DSD_AIR_GHG@DF_AIR_GHG(1.0),Air emissions - Greenhouse gas emissions Inventories,I,GRC,Greece,A,Annual,GHG,Greenhouse gases,T_LULU,"Total emissions including land use, land-use change and forestry",T_CO2E,Tonnes of CO2-equivalent,2014,,99229.87,,A,Normal value,3,Thousands,,,,,2,Two,,
DATAFLOW,OECD.ENV.EPI:DSD_AIR_GHG@DF_AIR_GHG(1.0),Air emissions - Greenhouse gas emissions Inventories,I,GRC,Greece,A,Annual,GHG,Greenhouse gases,T_LULU,"Total emissions including land use, land-use change and forestry",T_CO2E,Tonnes of CO2-equivalent,2015,,91712.31,,A,Normal value,3,Thousands,,,,,2,Two,,
DATAFLOW,OECD.ENV.EPI:DSD_AIR_GHG@DF_AIR_GHG(1.0),Air emissions - Greenhouse gas emissions Inventories,I,GRC,Greece,A,Annual,GHG,Greenhouse gases,T_LULU,"Total emissions including land use, land-use change and forestry",T_CO2E,Tonnes of CO2-equivalent,2016,,88202.62,,A,Normal value,3,Thousands,,,,,2,Two,,
DATAFLOW,OECD.ENV.EPI:DSD_AIR_GHG@DF_AIR_GHG(1.0),Air emissions - Greenhouse gas emissions Inventories,I,GRC,Greece,A,Annual,GHG,Greenhouse gases,T_LULU,"Total emissions including land use, land-use change and forestry",T_CO2E,Tonnes of CO2-equivalent,2017,,92000,,A,Normal value,3,Thousands,,,,,2,Two,,
DATAFLOW,OECD.ENV.EPI:DSD_AIR_GHG@DF_AIR_GHG(1.0),Air emissions - Greenhouse gas emissions Inventories,I,GRC,Greece,A,Annual,GHG,Greenhouse gases,T_LULU,"Total emissions including land use, land-use change and forestry",T_CO2E,Tonnes of CO2-equivalent,2018,,87912.01,,A,Normal value,3,Thousands,,,,,2,Two,,
DATAFLOW,OECD.ENV.EPI:DSD_AIR_GHG@DF_AIR_GHG(1.0),Air emissions - Greenhouse gas emissions Inventories,I,GRC,Greece,A,Annual,GHG,Greenhouse gases,T_LULU,"Total emissions including land use, land-use change and forestry",T_CO2E,Tonnes of CO2-equivalent,2019,,80752.83,,A,Normal value,3,Thousands,,,,,2,Two,,
DATAFLOW,OECD.ENV.EPI:DSD_AIR_GHG@DF_AIR_GHG(1.0),Air emissions - Greenhouse gas emissions Inventories,I,GRC,Greece,A,Annual,GHG,Greenhouse gases,T_LULU,"Total emissions including land use, land-use change and forestry",T_CO2E,Tonnes of CO2-equivalent,2020,,70048.59,,A,Normal value,3,Thousands,,,,,2,Two,,
DATAFLOW,OECD.ENV.EPI:DSD_AIR_GHG@DF_AIR_GHG(1.0),Air emissions - Greenhouse gas emissions Inventories,I,GRC,Greece,A,Annual,GHG,Greenhouse gases,T_LULU,"Total emissions including land use, land-use change and forestry",T_CO2E,Tonnes of CO2-equivalent,2021,,72012.6,,A,Normal value,3,Thousands,,,,,2,Two,,
DATAFLOW,OECD.ENV.EPI:DSD_AIR_GHG@DF_AIR_GHG(1.0),Air emissions - Greenhouse gas emissions Inventories,I,KOR,Korea,A,Annual,GHG,Greenhouse gases,T_LULU,"Total emissions including land use, land-use change and forestry",T_CO2E,Tonnes of CO2-equivalent,1990,,254169.92,,A,Normal value,3,Thousands,,,,,2,Two,,
DATAFLOW,OECD.ENV.EPI:DSD_AIR_GHG@DF_AIR_GHG(1.0),Air emissions - Greenhouse gas emissions Inventories,I,KOR,Korea,A,Annual,GHG,Greenhouse gases,T_LULU,"Total emissions including land use, land-use change and forestry",T_CO2E,Tonnes of CO2-equivalent,1991,,281397.38,,A,Normal value,3,Thousands,,,,,2,Two,,
DATAFLOW,OECD.ENV.EPI:DSD_AIR_GHG@DF_AIR_GHG(1.0),Air emissions - Greenhouse gas emissions Inventories,I,KOR,Korea,A,Annual,GHG,Greenhouse gases,T_LULU,"Total emissions including land use, land-use change and forestry",T_CO2E,Tonnes of CO2-equivalent,1992,,310227.72,,A,Normal value,3,Thousands,,,,,2,Two,,
DATAFLOW,OECD.ENV.EPI:DSD_AIR_GHG@DF_AIR_GHG(1.0),Air emissions - Greenhouse gas emissions Inventories,I,KOR,Korea,A,Annual,GHG,Greenhouse gases,T_LULU,"Total emissions including land use, land-use change and forestry",T_CO2E,Tonnes of CO2-equivalent,1993,,347006.06,,A,Normal value,3,Thousands,,,,,2,Two,,
DATAFLOW,OECD.ENV.EPI:DSD_AIR_GHG@DF_AIR_GHG(1.0),Air emissions - Greenhouse gas emissions Inventories,I,KOR,Korea,A,Annual,GHG,Greenhouse gases,T_LULU,"Total emissions including land use, land-use change and forestry",T_CO2E,Tonnes of CO2-equivalent,1994,,369647.95,,A,Normal value,3,Thousands,,,,,2,Two,,
DATAFLOW,OECD.ENV.EPI:DSD_AIR_GHG@DF_AIR_GHG(1.0),Air emissions - Greenhouse gas emissions Inventories,I,KOR,Korea,A,Annual,GHG,Greenhouse gases,T_LULU,"Total emissions including land use, land-use change and forestry",T_CO2E,Tonnes of CO2-equivalent,1995,,401638.59,,A,Normal value,3,Thousands,,,,,2,Two,,
DATAFLOW,OECD.ENV.EPI:DSD_AIR_GHG@DF_AIR_GHG(1.0),Air emissions - Greenhouse gas emissions Inventories,I,KOR,Korea,A,Annual,GHG,Greenhouse gases,T_LULU,"Total emissions including land use, land-use change and forestry",T_CO2E,Tonnes of CO2-equivalent,1996,,434444.51,,A,Normal value,3,Thousands,,,,,2,Two,,
DATAFLOW,OECD.ENV.EPI:DSD_AIR_GHG@DF_AIR_GHG(1.0),Air emissions - Greenhouse gas emissions Inventories,I,KOR,Korea,A,Annual,GHG,Greenhouse gases,T_LULU,"Total emissions including land use, land-use change and forestry",T_CO2E,Tonnes of CO2-equivalent,1997,,461309.7,,A,Normal value,3,Thousands,,,,,2,Two,,
DATAFLOW,OECD.ENV.EPI:DSD_AIR_GHG@DF_AIR_GHG(1.0),Air emissions - Greenhouse gas emissions Inventories,I,KOR,Korea,A,Annual,GHG,Greenhouse gases,T_LULU,"Total emissions including land use, land-use change and forestry",T_CO2E,Tonnes of CO2-equivalent,1998,,382516.39,,A,Normal value,3,Thousands,,,,,2,Two,,
DATAFLOW,OECD.ENV.EPI:DSD_AIR_GHG@DF_AIR_GHG(1.0),Air emissions - Greenhouse gas emissions Inventories,I,KOR,Korea,A,Annual,GHG,Greenhouse gases,T_LULU,"Total emissions including land use, land-use change and forestry",T_CO2E,Tonnes of CO2-equivalent,1999,,412346.65,,A,Normal value,3,Thousands,,,,,2,Two,,
DATAFLOW,OECD.ENV.EPI:DSD_AIR_GHG@DF_AIR_GHG(1.0),Air emissions - Greenhouse gas emissions Inventories,I,KOR,Korea,A,Annual,GHG,Greenhouse gases,T_LULU,"Total emissions including land use, land-use change and forestry",T_CO2E,Tonnes of CO2-equivalent,2000,,442646.65,,A,Normal value,3,Thousands,,,,,2,Two,,
DATAFLOW,OECD.ENV.EPI:DSD_AIR_GHG@DF_AIR_GHG(1.0),Air emissions - Greenhouse gas emissions Inventories,I,KOR,Korea,A,Annual,GHG,Greenhouse gases,T_LULU,"Total emissions including land use, land-use change and forestry",T_CO2E,Tonnes of CO2-equivalent,2001,,456481.21,,A,Normal value,3,Thousands,,,,,2,Two,,
DATAFLOW,OECD.ENV.EPI:DSD_AIR_GHG@DF_AIR_GHG(1.0),Air emissions - Greenhouse gas emissions Inventories,I,KOR,Korea,A,Annual,GHG,Greenhouse gases,T_LULU,"Total emissions including land use, land-use change and forestry",T_CO2E,Tonnes of CO2-equivalent,2002,,481113.27,,A,Normal value,3,Thousands,,,,,2,Two,,
DATAFLOW,OECD.ENV.EPI:DSD_AIR_GHG@DF_AIR_GHG(1.0),Air emissions - Greenhouse gas emissions Inventories,I,KOR,Korea,A,Annual,GHG,Greenhouse gases,T_LULU,"Total emissions including land use, land-use change and forestry",T_CO2E,Tonnes of CO2-equivalent,2003,,491949.87,,A,Normal value,3,Thousands,,,,,2,Two,,
DATAFLOW,OECD.ENV.EPI:DSD_AIR_GHG@DF_AIR_GHG(1.0),Air emissions - Greenhouse gas emissions Inventories,I,KOR,Korea,A,Annual,GHG,Greenhouse gases,T_LULU,"Total emissions including land use, land-use change and forestry",T_CO2E,Tonnes of CO2-equivalent,2004,,498793.13,,A,Normal value,3,Thousands,,,,,2,Two,,
DATAFLOW,OECD.ENV.EPI:DSD_AIR_GHG@DF_AIR_GHG(1.0),Air emissions - Greenhouse gas emissions Inventories,I,KOR,Korea,A,Annual,GHG,Greenhouse gases,T_LULU,"Total emissions including land use, land-use change and forestry",T_CO2E,Tonnes of CO2-equivalent,2005,,505212.55,,A,Normal value,3,Thousands,,,,,2,Two,,
DATAFLOW,OECD.ENV.EPI:DSD_AIR_GHG@DF_AIR_GHG(1.0),Air emissions - Greenhouse gas emissions Inventories,I,KOR,Korea,A,Annual,GHG,Greenhouse gases,T_LULU,"Total emissions including land use, land-use change and forestry",T_CO2E,Tonnes of CO2-equivalent,2006,,509621.21,,A,Normal value,3,Thousands,,,,,2,Two,,
DATAFLOW,OECD.ENV.EPI:DSD_AIR_GHG@DF_AIR_GHG(1.0),Air emissions - Greenhouse gas emissions Inventories,I,KOR,Korea,A,Annual,GHG,Greenhouse gases,T_LULU,"Total emissions including land use, land-use change and forestry",T_CO2E,Tonnes of CO2-equivalent,2007,,522355.32,,A,Normal value,3,Thousands,,,,,2,Two,,
DATAFLOW,OECD.ENV.EPI:DSD_AIR_GHG@DF_AIR_GHG(1.0),Air emissions - Greenhouse gas emissions Inventories,I,KOR,Korea,A,Annual,GHG,Greenhouse gases,T_LULU,"Total emissions including land use, land-use change and forestry",T_CO2E,Tonnes of CO2-equivalent,2008,,535012.9,,A,Normal value,3,Thousands,,,,,2,Two,,
DATAFLOW,OECD.ENV.EPI:DSD_AIR_GHG@DF_AIR_GHG(1.0),Air emissions - Greenhouse gas emissions Inventories,I,KOR,Korea,A,Annual,GHG,Greenhouse gases,T_LULU,"Total emissions including land use, land-use change and forestry",T_CO2E,Tonnes of CO2-equivalent,2009,,539202.54,,A,Normal value,3,Thousands,,,,,2,Two,,
DATAFLOW,OECD.ENV.EPI:DSD_AIR_GHG@DF_AIR_GHG(1.0),Air emissions - Greenhouse gas emissions Inventories,I,KOR,Korea,A,Annual,GHG,Greenhouse gases,T_LULU,"Total emissions including land use, land-use change and forestry",T_CO2E,Tonnes of CO2-equivalent,2010,,600041.42,,A,Normal value,3,Thousands,,,,,2,Two,,
DATAFLOW,OECD.ENV.EPI:DSD_AIR_GHG@DF_AIR_GHG(1.0),Air emissions - Greenhouse gas emissions Inventories,I,KOR,Korea,A,Annual,GHG,Greenhouse gases,T_LULU,"Total emissions including land use, land-use change and forestry",T_CO2E,Tonnes of CO2-equivalent,2011,,629525.21,,A,Normal value,3,Thousands,,,,,2,Two,,
DATAFLOW,OECD.ENV.EPI:DSD_AIR_GHG@DF_AIR_GHG(1.0),Air emissions - Greenhouse gas emissions Inventories,I,KOR,Korea,A,Annual,GHG,Greenhouse gases,T_LULU,"Total emissions including land use, land-use change and forestry",T_CO2E,Tonnes of CO2-equivalent,2012,,638791.01,,A,Normal value,3,Thousands,,,,,2,Two,,
DATAFLOW,OECD.ENV.EPI:DSD_AIR_GHG@DF_AIR_GHG(1.0),Air emissions - Greenhouse gas emissions Inventories,I,KOR,Korea,A,Annual,GHG,Greenhouse gases,T_LULU,"Total emissions including land use, land-use change and forestry",T_CO2E,Tonnes of CO2-equivalent,2013,,652281.49,,A,Normal value,3,Thousands,,,,,2,Two,,
DATAFLOW,OECD.ENV.EPI:DSD_AIR_GHG@DF_AIR_GHG(1.0),Air emissions - Greenhouse gas emissions Inventories,I,KOR,Korea,A,Annual,GHG,Greenhouse gases,T_LULU,"Total emissions including land use, land-use change and forestry",T_CO2E,Tonnes of CO2-equivalent,2014,,646222.89,,A,Normal value,3,Thousands,,,,,2,Two,,
DATAFLOW,OECD.ENV.EPI:DSD_AIR_GHG@DF_AIR_GHG(1.0),Air emissions - Greenhouse gas emissions Inventories,I,KOR,Korea,A,Annual,GHG,Greenhouse gases,T_LULU,"Total emissions including land use, land-use change and forestry",T_CO2E,Tonnes of CO2-equivalent,2015,,646065.71,,A,Normal value,3,Thousands,,,,,2,Two,,
DATAFLOW,OECD.ENV.EPI:DSD_AIR_GHG@DF_AIR_GHG(1.0),Air emissions - Greenhouse gas emissions Inventories,I,KOR,Korea,A,Annual,GHG,Greenhouse gases,T_LULU,"Total emissions including land use, land-use change and forestry",T_CO2E,Tonnes of CO2-equivalent,2016,,646753.5,,A,Normal value,3,Thousands,,,,,2,Two,,
DATAFLOW,OECD.ENV.EPI:DSD_AIR_GHG@DF_AIR_GHG(1.0),Air emissions - Greenhouse gas emissions Inventories,I,KOR,Korea,A,Annual,GHG,Greenhouse gases,T_LULU,"Total emissions including land use, land-use change and forestry",T_CO2E,Tonnes of CO2-equivalent,2017,,668956.86,,A,Normal value,3,Thousands,,,,,2,Two,,
DATAFLOW,OECD.ENV.EPI:DSD_AIR_GHG@DF_AIR_GHG(1.0),Air emissions - Greenhouse gas emissions Inventories,I,KOR,Korea,A,Annual,GHG,Greenhouse gases,T_LULU,"Total emissions including land use, land-use change and forestry",T_CO2E,Tonnes of CO2-equivalent,2018,,686643.21,,A,Normal value,3,Thousands,,,,,2,Two,,
DATAFLOW,OECD.ENV.EPI:DSD_AIR_GHG@DF_AIR_GHG(1.0),Air emissions - Greenhouse gas emissions Inventories,I,KOR,Korea,A,Annual,GHG,Greenhouse gases,T_LULU,"Total emissions including land use, land-use change and forestry",T_CO2E,Tonnes of CO2-equivalent,2019,,663503.57,,A,Normal value,3,Thousands,,,,,2,Two,,
DATAFLOW,OECD.ENV.EPI:DSD_AIR_GHG@DF_AIR_GHG(1.0),Air emissions - Greenhouse gas emissions Inventories,I,KOR,Korea,A,Annual,GHG,Greenhouse gases,T_LULU,"Total emissions including land use, land-use change and forestry",T_CO2E,Tonnes of CO2-equivalent,2020,,618347,,A,Normal value,3,Thousands,,,,,2,Two,,
DATAFLOW,OECD.ENV.EPI:DSD_AIR_GHG@DF_AIR_GHG(1.0),Air emissions - Greenhouse gas emissions Inventories,I,MCO,Monaco,A,Annual,GHG,Greenhouse gases,T_LULU,"Total emissions including land use, land-use change and forestry",T_CO2E,Tonnes of CO2-equivalent,1990,,102.35,,A,Normal value,3,Thousands,,,,,2,Two,,
DATAFLOW,OECD.ENV.EPI:DSD_AIR_GHG@DF_AIR_GHG(1.0),Air emissions - Greenhouse gas emissions Inventories,I,MCO,Monaco,A,Annual,GHG,Greenhouse gases,T_LULU,"Total emissions including land use, land-use change and forestry",T_CO2E,Tonnes of CO2-equivalent,1991,,103.2,,A,Normal value,3,Thousands,,,,,2,Two,,
DATAFLOW,OECD.ENV.EPI:DSD_AIR_GHG@DF_AIR_GHG(1.0),Air emissions - Greenhouse gas emissions Inventories,I,MCO,Monaco,A,Annual,GHG,Greenhouse gases,T_LULU,"Total emissions including land use, land-use change and forestry",T_CO2E,Tonnes of CO2-equivalent,1992,,108.84,,A,Normal value,3,Thousands,,,,,2,Two,,
DATAFLOW,OECD.ENV.EPI:DSD_AIR_GHG@DF_AIR_GHG(1.0),Air emissions - Greenhouse gas emissions Inventories,I,MCO,Monaco,A,Annual,GHG,Greenhouse gases,T_LULU,"Total emissions including land use, land-use change and forestry",T_CO2E,Tonnes of CO2-equivalent,1993,,107.99,,A,Normal value,3,Thousands,,,,,2,Two,,
DATAFLOW,OECD.ENV.EPI:DSD_AIR_GHG@DF_AIR_GHG(1.0),Air emissions - Greenhouse gas emissions Inventories,I,MCO,Monaco,A,Annual,GHG,Greenhouse gases,T_LULU,"Total emissions including land use, land-use change and forestry",T_CO2E,Tonnes of CO2-equivalent,1994,,108.69,,A,Normal value,3,Thousands,,,,,2,Two,,
DATAFLOW,OECD.ENV.EPI:DSD_AIR_GHG@DF_AIR_GHG(1.0),Air emissions - Greenhouse gas emissions Inventories,I,MCO,Monaco,A,Annual,GHG,Greenhouse gases,T_LULU,"Total emissions including land use, land-use change and forestry",T_CO2E,Tonnes of CO2-equivalent,1995,,105.32,,A,Normal value,3,Thousands,,,,,2,Two,,
DATAFLOW,OECD.ENV.EPI:DSD_AIR_GHG@DF_AIR_GHG(1.0),Air emissions - Greenhouse gas emissions Inventories,I,MCO,Monaco,A,Annual,GHG,Greenhouse gases,T_LULU,"Total emissions including land use, land-use change and forestry",T_CO2E,Tonnes of CO2-equivalent,1996,,109.11,,A,Normal value,3,Thousands,,,,,2,Two,,
DATAFLOW,OECD.ENV.EPI:DSD_AIR_GHG@DF_AIR_GHG(1.0),Air emissions - Greenhouse gas emissions Inventories,I,MCO,Monaco,A,Annual,GHG,Greenhouse gases,T_LULU,"Total emissions including land use, land-use change and forestry",T_CO2E,Tonnes of CO2-equivalent,1997,,107.74,,A,Normal value,3,Thousands,,,,,2,Two,,
DATAFLOW,OECD.ENV.EPI:DSD_AIR_GHG@DF_AIR_GHG(1.0),Air emissions - Greenhouse gas emissions Inventories,I,MCO,Monaco,A,Annual,GHG,Greenhouse gases,T_LULU,"Total emissions including land use, land-use change and forestry",T_CO2E,Tonnes of CO2-equivalent,1998,,106.84,,A,Normal value,3,Thousands,,,,,2,Two,,
DATAFLOW,OECD.ENV.EPI:DSD_AIR_GHG@DF_AIR_GHG(1.0),Air emissions - Greenhouse gas emissions Inventories,I,MCO,Monaco,A,Annual,GHG,Greenhouse gases,T_LULU,"Total emissions including land use, land-use change and forestry",T_CO2E,Tonnes of CO2-equivalent,1999,,108.05,,A,Normal value,3,Thousands,,,,,2,Two,,
DATAFLOW,OECD.ENV.EPI:DSD_AIR_GHG@DF_AIR_GHG(1.0),Air emissions - Greenhouse gas emissions Inventories,I,MCO,Monaco,A,Annual,GHG,Greenhouse gases,T_LULU,"Total emissions including land use, land-use change and forestry",T_CO2E,Tonnes of CO2-equivalent,2000,,106.19,,A,Normal value,3,Thousands,,,,,2,Two,,
DATAFLOW,OECD.ENV.EPI:DSD_AIR_GHG@DF_AIR_GHG(1.0),Air emissions - Greenhouse gas emissions Inventories,I,MCO,Monaco,A,Annual,GHG,Greenhouse gases,T_LULU,"Total emissions including land use, land-use change and forestry",T_CO2E,Tonnes of CO2-equivalent,2001,,106.63,,A,Normal value,3,Thousands,,,,,2,Two,,
DATAFLOW,OECD.ENV.EPI:DSD_AIR_GHG@DF_AIR_GHG(1.0),Air emissions - Greenhouse gas emissions Inventories,I,MCO,Monaco,A,Annual,GHG,Greenhouse gases,T_LULU,"Total emissions including land use, land-use change and forestry",T_CO2E,Tonnes of CO2-equivalent,2002,,107.02,,A,Normal value,3,Thousands,,,,,2,Two,,
DATAFLOW,OECD.ENV.EPI:DSD_AIR_GHG@DF_AIR_GHG(1.0),Air emissions - Greenhouse gas emissions Inventories,I,MCO,Monaco,A,Annual,GHG,Greenhouse gases,T_LULU,"Total emissions including land use, land-use change and forestry",T_CO2E,Tonnes of CO2-equivalent,2003,,104.01,,A,Normal value,3,Thousands,,,,,2,Two,,
DATAFLOW,OECD.ENV.EPI:DSD_AIR_GHG@DF_AIR_GHG(1.0),Air emissions - Greenhouse gas emissions Inventories,I,MCO,Monaco,A,Annual,GHG,Greenhouse gases,T_LULU,"Total emissions including land use, land-use change and forestry",T_CO2E,Tonnes of CO2-equivalent,2004,,98.83,,A,Normal value,3,Thousands,,,,,2,Two,,
DATAFLOW,OECD.ENV.EPI:DSD_AIR_GHG@DF_AIR_GHG(1.0),Air emissions - Greenhouse gas emissions Inventories,I,MCO,Monaco,A,Annual,GHG,Greenhouse gases,T_LULU,"Total emissions including land use, land-use change and forestry",T_CO2E,Tonnes of CO2-equivalent,2005,,97.66,,A,Normal value,3,Thousands,,,,,2,Two,,
DATAFLOW,OECD.ENV.EPI:DSD_AIR_GHG@DF_AIR_GHG(1.0),Air emissions - Greenhouse gas emissions Inventories,I,MCO,Monaco,A,Annual,GHG,Greenhouse gases,T_LULU,"Total emissions including land use, land-use change and forestry",T_CO2E,Tonnes of CO2-equivalent,2006,,93.25,,A,Normal value,3,Thousands,,,,,2,Two,,
DATAFLOW,OECD.ENV.EPI:DSD_AIR_GHG@DF_AIR_GHG(1.0),Air emissions - Greenhouse gas emissions Inventories,I,MCO,Monaco,A,Annual,GHG,Greenhouse gases,T_LULU,"Total emissions including land use, land-use change and forestry",T_CO2E,Tonnes of CO2-equivalent,2007,,93.03,,A,Normal value,3,Thousands,,,,,2,Two,,
DATAFLOW,OECD.ENV.EPI:DSD_AIR_GHG@DF_AIR_GHG(1.0),Air emissions - Greenhouse gas emissions Inventories,I,MCO,Monaco,A,Annual,GHG,Greenhouse gases,T_LULU,"Total emissions including land use, land-use change and forestry",T_CO2E,Tonnes of CO2-equivalent,2008,,93.72,,A,Normal value,3,Thousands,,,,,2,Two,,
DATAFLOW,OECD.ENV.EPI:DSD_AIR_GHG@DF_AIR_GHG(1.0),Air emissions - Greenhouse gas emissions Inventories,I,MCO,Monaco,A,Annual,GHG,Greenhouse gases,T_LULU,"Total emissions including land use, land-use change and forestry",T_CO2E,Tonnes of CO2-equivalent,2009,,90.06,,A,Normal value,3,Thousands,,,,,2,Two,,
DATAFLOW,OECD.ENV.EPI:DSD_AIR_GHG@DF_AIR_GHG(1.0),Air emissions - Greenhouse gas emissions Inventories,I,MCO,Monaco,A,Annual,GHG,Greenhouse gases,T_LULU,"Total emissions including land use, land-use change and forestry",T_CO2E,Tonnes of CO2-equivalent,2010,,87.68,,A,Normal value,3,Thousands,,,,,2,Two,,
DATAFLOW,OECD.ENV.EPI:DSD_AIR_GHG@DF_AIR_GHG(1.0),Air emissions - Greenhouse gas emissions Inventories,I,MCO,Monaco,A,Annual,GHG,Greenhouse gases,T_LULU,"Total emissions including land use, land-use change and forestry",T_CO2E,Tonnes of CO2-equivalent,2011,,86.21,,A,Normal value,3,Thousands,,,,,2,Two,,
DATAFLOW,OECD.ENV.EPI:DSD_AIR_GHG@DF_AIR_GHG(1.0),Air emissions - Greenhouse gas emissions Inventories,I,MCO,Monaco,A,Annual,GHG,Greenhouse gases,T_LULU,"Total emissions including land use, land-use change and forestry",T_CO2E,Tonnes of CO2-equivalent,2012,,89.06,,A,Normal value,3,Thousands,,,,,2,Two,,
DATAFLOW,OECD.ENV.EPI:DSD_AIR_GHG@DF_AIR_GHG(1.0),Air emissions - Greenhouse gas emissions Inventories,I,MCO,Monaco,A,Annual,GHG,Greenhouse gases,T_LULU,"Total emissions including land use, land-use change and forestry",T_CO2E,Tonnes of CO2-equivalent,2013,,91.05,,A,Normal value,3,Thousands,,,,,2,Two,,
DATAFLOW,OECD.ENV.EPI:DSD_AIR_GHG@DF_AIR_GHG(1.0),Air emissions - Greenhouse gas emissions Inventories,I,MCO,Monaco,A,Annual,GHG,Greenhouse gases,T_LULU,"Total emissions including land use, land-use change and forestry",T_CO2E,Tonnes of CO2-equivalent,2014,,85.13,,A,Normal value,3,Thousands,,,,,2,Two,,
DATAFLOW,OECD.ENV.EPI:DSD_AIR_GHG@DF_AIR_GHG(1.0),Air emissions - Greenhouse gas emissions Inventories,I,MCO,Monaco,A,Annual,GHG,Greenhouse gases,T_LULU,"Total emissions including land use, land-use change and forestry",T_CO2E,Tonnes of CO2-equivalent,2015,,88.26,,A,Normal value,3,Thousands,,,,,2,Two,,
DATAFLOW,OECD.ENV.EPI:DSD_AIR_GHG@DF_AIR_GHG(1.0),Air emissions - Greenhouse gas emissions Inventories,I,MCO,Monaco,A,Annual,GHG,Greenhouse gases,T_LULU,"Total emissions including land use, land-use change and forestry",T_CO2E,Tonnes of CO2-equivalent,2016,,86.37,,A,Normal value,3,Thousands,,,,,2,Two,,
DATAFLOW,OECD.ENV.EPI:DSD_AIR_GHG@DF_AIR_GHG(1.0),Air emissions - Greenhouse gas emissions Inventories,I,MCO,Monaco,A,Annual,GHG,Greenhouse gases,T_LULU,"Total emissions including land use, land-use change and forestry",T_CO2E,Tonnes of CO2-equivalent,2017,,83.27,,A,Normal value,3,Thousands,,,,,2,Two,,
DATAFLOW,OECD.ENV.EPI:DSD_AIR_GHG@DF_AIR_GHG(1.0),Air emissions - Greenhouse gas emissions Inventories,I,MCO,Monaco,A,Annual,GHG,Greenhouse gases,T_LULU,"Total emissions including land use, land-use change and forestry",T_CO2E,Tonnes of CO2-equivalent,2018,,86.6,,A,Normal value,3,Thousands,,,,,2,Two,,
DATAFLOW,OECD.ENV.EPI:DSD_AIR_GHG@DF_AIR_GHG(1.0),Air emissions - Greenhouse gas emissions Inventories,I,MCO,Monaco,A,Annual,GHG,Greenhouse gases,T_LULU,"Total emissions including land use, land-use change and forestry",T_CO2E,Tonnes of CO2-equivalent,2019,,83.06,,A,Normal value,3,Thousands,,,,,2,Two,,
DATAFLOW,OECD.ENV.EPI:DSD_AIR_GHG@DF_AIR_GHG(1.0),Air emissions - Greenhouse gas emissions Inventories,I,MCO,Monaco,A,Annual,GHG,Greenhouse gases,T_LULU,"Total emissions including land use, land-use change and forestry",T_CO2E,Tonnes of CO2-equivalent,2020,,69.69,,A,Normal value,3,Thousands,,,,,2,Two,,
DATAFLOW,OECD.ENV.EPI:DSD_AIR_GHG@DF_AIR_GHG(1.0),Air emissions - Greenhouse gas emissions Inventories,I,MCO,Monaco,A,Annual,GHG,Greenhouse gases,T_LULU,"Total emissions including land use, land-use change and forestry",T_CO2E,Tonnes of CO2-equivalent,2021,,73.56,,A,Normal value,3,Thousands,,,,,2,Two,,
DATAFLOW,OECD.ENV.EPI:DSD_AIR_GHG@DF_AIR_GHG(1.0),Air emissions - Greenhouse gas emissions Inventories,I,UKR,Ukraine,A,Annual,GHG,Greenhouse gases,T_LULU,"Total emissions including land use, land-use change and forestry",T_CO2E,Tonnes of CO2-equivalent,1990,,911393.97,,A,Normal value,3,Thousands,,,,,2,Two,,
DATAFLOW,OECD.ENV.EPI:DSD_AIR_GHG@DF_AIR_GHG(1.0),Air emissions - Greenhouse gas emissions Inventories,I,UKR,Ukraine,A,Annual,GHG,Greenhouse gases,T_LULU,"Total emissions including land use, land-use change and forestry",T_CO2E,Tonnes of CO2-equivalent,1991,,816832.08,,A,Normal value,3,Thousands,,,,,2,Two,,
DATAFLOW,OECD.ENV.EPI:DSD_AIR_GHG@DF_AIR_GHG(1.0),Air emissions - Greenhouse gas emissions Inventories,I,UKR,Ukraine,A,Annual,GHG,Greenhouse gases,T_LULU,"Total emissions including land use, land-use change and forestry",T_CO2E,Tonnes of CO2-equivalent,1992,,761954.26,,A,Normal value,3,Thousands,,,,,2,Two,,
DATAFLOW,OECD.ENV.EPI:DSD_AIR_GHG@DF_AIR_GHG(1.0),Air emissions - Greenhouse gas emissions Inventories,I,UKR,Ukraine,A,Annual,GHG,Greenhouse gases,T_LULU,"Total emissions including land use, land-use change and forestry",T_CO2E,Tonnes of CO2-equivalent,1993,,678270.15,,A,Normal value,3,Thousands,,,,,2,Two,,
DATAFLOW,OECD.ENV.EPI:DSD_AIR_GHG@DF_AIR_GHG(1.0),Air emissions - Greenhouse gas emissions Inventories,I,UKR,Ukraine,A,Annual,GHG,Greenhouse gases,T_LULU,"Total emissions including land use, land-use change and forestry",T_CO2E,Tonnes of CO2-equivalent,1994,,567927.51,,A,Normal value,3,Thousands,,,,,2,Two,,
DATAFLOW,OECD.ENV.EPI:DSD_AIR_GHG@DF_AIR_GHG(1.0),Air emissions - Greenhouse gas emissions Inventories,I,UKR,Ukraine,A,Annual,GHG,Greenhouse gases,T_LULU,"Total emissions including land use, land-use change and forestry",T_CO2E,Tonnes of CO2-equivalent,1995,,529982.34,,A,Normal value,3,Thousands,,,,,2,Two,,
DATAFLOW,OECD.ENV.EPI:DSD_AIR_GHG@DF_AIR_GHG(1.0),Air emissions - Greenhouse gas emissions Inventories,I,UKR,Ukraine,A,Annual,GHG,Greenhouse gases,T_LULU,"Total emissions including land use, land-use change and forestry",T_CO2E,Tonnes of CO2-equivalent,1996,,487696.77,,A,Normal value,3,Thousands,,,,,2,Two,,
DATAFLOW,OECD.ENV.EPI:DSD_AIR_GHG@DF_AIR_GHG(1.0),Air emissions - Greenhouse gas emissions Inventories,I,UKR,Ukraine,A,Annual,GHG,Greenhouse gases,T_LULU,"Total emissions including land use, land-use change and forestry",T_CO2E,Tonnes of CO2-equivalent,1997,,477165.15,,A,Normal value,3,Thousands,,,,,2,Two,,
DATAFLOW,OECD.ENV.EPI:DSD_AIR_GHG@DF_AIR_GHG(1.0),Air emissions - Greenhouse gas emissions Inventories,I,UKR,Ukraine,A,Annual,GHG,Greenhouse gases,T_LULU,"Total emissions including land use, land-use change and forestry",T_CO2E,Tonnes of CO2-equivalent,1998,,452814.71,,A,Normal value,3,Thousands,,,,,2,Two,,
DATAFLOW,OECD.ENV.EPI:DSD_AIR_GHG@DF_AIR_GHG(1.0),Air emissions - Greenhouse gas emissions Inventories,I,UKR,Ukraine,A,Annual,GHG,Greenhouse gases,T_LULU,"Total emissions including land use, land-use change and forestry",T_CO2E,Tonnes of CO2-equivalent,1999,,418752.55,,A,Normal value,3,Thousands,,,,,2,Two,,
DATAFLOW,OECD.ENV.EPI:DSD_AIR_GHG@DF_AIR_GHG(1.0),Air emissions - Greenhouse gas emissions Inventories,I,UKR,Ukraine,A,Annual,GHG,Greenhouse gases,T_LULU,"Total emissions including land use, land-use change and forestry",T_CO2E,Tonnes of CO2-equivalent,2000,,405004.99,,A,Normal value,3,Thousands,,,,,2,Two,,
DATAFLOW,OECD.ENV.EPI:DSD_AIR_GHG@DF_AIR_GHG(1.0),Air emissions - Greenhouse gas emissions Inventories,I,UKR,Ukraine,A,Annual,GHG,Greenhouse gases,T_LULU,"Total emissions including land use, land-use change and forestry",T_CO2E,Tonnes of CO2-equivalent,2001,,428631.82,,A,Normal value,3,Thousands,,,,,2,Two,,
DATAFLOW,OECD.ENV.EPI:DSD_AIR_GHG@DF_AIR_GHG(1.0),Air emissions - Greenhouse gas emissions Inventories,I,UKR,Ukraine,A,Annual,GHG,Greenhouse gases,T_LULU,"Total emissions including land use, land-use change and forestry",T_CO2E,Tonnes of CO2-equivalent,2002,,416233.25,,A,Normal value,3,Thousands,,,,,2,Two,,
DATAFLOW,OECD.ENV.EPI:DSD_AIR_GHG@DF_AIR_GHG(1.0),Air emissions - Greenhouse gas emissions Inventories,I,UKR,Ukraine,A,Annual,GHG,Greenhouse gases,T_LULU,"Total emissions including land use, land-use change and forestry",T_CO2E,Tonnes of CO2-equivalent,2003,,419058.42,,A,Normal value,3,Thousands,,,,,2,Two,,
DATAFLOW,OECD.ENV.EPI:DSD_AIR_GHG@DF_AIR_GHG(1.0),Air emissions - Greenhouse gas emissions Inventories,I,UKR,Ukraine,A,Annual,GHG,Greenhouse gases,T_LULU,"Total emissions including land use, land-use change and forestry",T_CO2E,Tonnes of CO2-equivalent,2004,,433545.64,,A,Normal value,3,Thousands,,,,,2,Two,,
DATAFLOW,OECD.ENV.EPI:DSD_AIR_GHG@DF_AIR_GHG(1.0),Air emissions - Greenhouse gas emissions Inventories,I,UKR,Ukraine,A,Annual,GHG,Greenhouse gases,T_LULU,"Total emissions including land use, land-use change and forestry",T_CO2E,Tonnes of CO2-equivalent,2005,,433455.73,,A,Normal value,3,Thousands,,,,,2,Two,,
DATAFLOW,OECD.ENV.EPI:DSD_AIR_GHG@DF_AIR_GHG(1.0),Air emissions - Greenhouse gas emissions Inventories,I,UKR,Ukraine,A,Annual,GHG,Greenhouse gases,T_LULU,"Total emissions including land use, land-use change and forestry",T_CO2E,Tonnes of CO2-equivalent,2006,,448037.29,,A,Normal value,3,Thousands,,,,,2,Two,,
DATAFLOW,OECD.ENV.EPI:DSD_AIR_GHG@DF_AIR_GHG(1.0),Air emissions - Greenhouse gas emissions Inventories,I,UKR,Ukraine,A,Annual,GHG,Greenhouse gases,T_LULU,"Total emissions including land use, land-use change and forestry",T_CO2E,Tonnes of CO2-equivalent,2007,,449344.36,,A,Normal value,3,Thousands,,,,,2,Two,,
DATAFLOW,OECD.ENV.EPI:DSD_AIR_GHG@DF_AIR_GHG(1.0),Air emissions - Greenhouse gas emissions Inventories,I,UKR,Ukraine,A,Annual,GHG,Greenhouse gases,T_LULU,"Total emissions including land use, land-use change and forestry",T_CO2E,Tonnes of CO2-equivalent,2008,,451991.11,,A,Normal value,3,Thousands,,,,,2,Two,,
DATAFLOW,OECD.ENV.EPI:DSD_AIR_GHG@DF_AIR_GHG(1.0),Air emissions - Greenhouse gas emissions Inventories,I,UKR,Ukraine,A,Annual,GHG,Greenhouse gases,T_LULU,"Total emissions including land use, land-use change and forestry",T_CO2E,Tonnes of CO2-equivalent,2009,,385785.27,,A,Normal value,3,Thousands,,,,,2,Two,,
DATAFLOW,OECD.ENV.EPI:DSD_AIR_GHG@DF_AIR_GHG(1.0),Air emissions - Greenhouse gas emissions Inventories,I,UKR,Ukraine,A,Annual,GHG,Greenhouse gases,T_LULU,"Total emissions including land use, land-use change and forestry",T_CO2E,Tonnes of CO2-equivalent,2010,,398348.95,,A,Normal value,3,Thousands,,,,,2,Two,,
DATAFLOW,OECD.ENV.EPI:DSD_AIR_GHG@DF_AIR_GHG(1.0),Air emissions - Greenhouse gas emissions Inventories,I,UKR,Ukraine,A,Annual,GHG,Greenhouse gases,T_LULU,"Total emissions including land use, land-use change and forestry",T_CO2E,Tonnes of CO2-equivalent,2011,,437358.73,,A,Normal value,3,Thousands,,,,,2,Two,,
DATAFLOW,OECD.ENV.EPI:DSD_AIR_GHG@DF_AIR_GHG(1.0),Air emissions - Greenhouse gas emissions Inventories,I,UKR,Ukraine,A,Annual,GHG,Greenhouse gases,T_LULU,"Total emissions including land use, land-use change and forestry",T_CO2E,Tonnes of CO2-equivalent,2012,,422863.48,,A,Normal value,3,Thousands,,,,,2,Two,,
DATAFLOW,OECD.ENV.EPI:DSD_AIR_GHG@DF_AIR_GHG(1.0),Air emissions - Greenhouse gas emissions Inventories,I,UKR,Ukraine,A,Annual,GHG,Greenhouse gases,T_LULU,"Total emissions including land use, land-use change and forestry",T_CO2E,Tonnes of CO2-equivalent,2013,,428229.92,,A,Normal value,3,Thousands,,,,,2,Two,,
DATAFLOW,OECD.ENV.EPI:DSD_AIR_GHG@DF_AIR_GHG(1.0),Air emissions - Greenhouse gas emissions Inventories,I,UKR,Ukraine,A,Annual,GHG,Greenhouse gases,T_LULU,"Total emissions including land use, land-use change and forestry",T_CO2E,Tonnes of CO2-equivalent,2014,,382823.46,,A,Normal value,3,Thousands,,,,,2,Two,,
DATAFLOW,OECD.ENV.EPI:DSD_AIR_GHG@DF_AIR_GHG(1.0),Air emissions - Greenhouse gas emissions Inventories,I,UKR,Ukraine,A,Annual,GHG,Greenhouse gases,T_LULU,"Total emissions including land use, land-use change and forestry",T_CO2E,Tonnes of CO2-equivalent,2015,,338908.73,,A,Normal value,3,Thousands,,,,,2,Two,,
DATAFLOW,OECD.ENV.EPI:DSD_AIR_GHG@DF_AIR_GHG(1.0),Air emissions - Greenhouse gas emissions Inventories,I,UKR,Ukraine,A,Annual,GHG,Greenhouse gases,T_LULU,"Total emissions including land use, land-use change and forestry",T_CO2E,Tonnes of CO2-equivalent,2016,,361957.6,,A,Normal value,3,Thousands,,,,,2,Two,,
DATAFLOW,OECD.ENV.EPI:DSD_AIR_GHG@DF_AIR_GHG(1.0),Air emissions - Greenhouse gas emissions Inventories,I,UKR,Ukraine,A,Annual,GHG,Greenhouse gases,T_LULU,"Total emissions including land use, land-use change and forestry",T_CO2E,Tonnes of CO2-equivalent,2017,,336726.31,,A,Normal value,3,Thousands,,,,,2,Two,,
DATAFLOW,OECD.ENV.EPI:DSD_AIR_GHG@DF_AIR_GHG(1.0),Air emissions - Greenhouse gas emissions Inventories,I,UKR,Ukraine,A,Annual,GHG,Greenhouse gases,T_LULU,"Total emissions including land use, land-use change and forestry",T_CO2E,Tonnes of CO2-equivalent,2018,,364731.32,,A,Normal value,3,Thousands,,,,,2,Two,,
DATAFLOW,OECD.ENV.EPI:DSD_AIR_GHG@DF_AIR_GHG(1.0),Air emissions - Greenhouse gas emissions Inventories,I,UKR,Ukraine,A,Annual,GHG,Greenhouse gases,T_LULU,"Total emissions including land use, land-use change and forestry",T_CO2E,Tonnes of CO2-equivalent,2019,,357449.86,,A,Normal value,3,Thousands,,,,,2,Two,,
DATAFLOW,OECD.ENV.EPI:DSD_AIR_GHG@DF_AIR_GHG(1.0),Air emissions - Greenhouse gas emissions Inventories,I,UKR,Ukraine,A,Annual,GHG,Greenhouse gases,T_LULU,"Total emissions including land use, land-use change and forestry",T_CO2E,Tonnes of CO2-equivalent,2020,,317632.04,,A,Normal value,3,Thousands,,,,,2,Two,,
DATAFLOW,OECD.ENV.EPI:DSD_AIR_GHG@DF_AIR_GHG(1.0),Air emissions - Greenhouse gas emissions Inventories,I,UKR,Ukraine,A,Annual,GHG,Greenhouse gases,T_LULU,"Total emissions including land use, land-use change and forestry",T_CO2E,Tonnes of CO2-equivalent,2021,,341489.13,,A,Normal value,3,Thousands,,,,,2,Two,,
DATAFLOW,OECD.ENV.EPI:DSD_AIR_GHG@DF_AIR_GHG(1.0),Air emissions - Greenhouse gas emissions Inventories,I,ISL,Iceland,A,Annual,GHG,Greenhouse gases,T_LULU,"Total emissions including land use, land-use change and forestry",T_CO2E,Tonnes of CO2-equivalent,1990,,13291.65,,A,Normal value,3,Thousands,,,,,2,Two,,
DATAFLOW,OECD.ENV.EPI:DSD_AIR_GHG@DF_AIR_GHG(1.0),Air emissions - Greenhouse gas emissions Inventories,I,ISL,Iceland,A,Annual,GHG,Greenhouse gases,T_LULU,"Total emissions including land use, land-use change and forestry",T_CO2E,Tonnes of CO2-equivalent,1991,,13093.23,,A,Normal value,3,Thousands,,,,,2,Two,,
DATAFLOW,OECD.ENV.EPI:DSD_AIR_GHG@DF_AIR_GHG(1.0),Air emissions - Greenhouse gas emissions Inventories,I,ISL,Iceland,A,Annual,GHG,Greenhouse gases,T_LULU,"Total emissions including land use, land-use change and forestry",T_CO2E,Tonnes of CO2-equivalent,1992,,13018.6,,A,Normal value,3,Thousands,,,,,2,Two,,
DATAFLOW,OECD.ENV.EPI:DSD_AIR_GHG@DF_AIR_GHG(1.0),Air emissions - Greenhouse gas emissions Inventories,I,ISL,Iceland,A,Annual,GHG,Greenhouse gases,T_LULU,"Total emissions including land use, land-use change and forestry",T_CO2E,Tonnes of CO2-equivalent,1993,,13099.09,,A,Normal value,3,Thousands,,,,,2,Two,,
DATAFLOW,OECD.ENV.EPI:DSD_AIR_GHG@DF_AIR_GHG(1.0),Air emissions - Greenhouse gas emissions Inventories,I,ISL,Iceland,A,Annual,GHG,Greenhouse gases,T_LULU,"Total emissions including land use, land-use change and forestry",T_CO2E,Tonnes of CO2-equivalent,1994,,13022.39,,A,Normal value,3,Thousands,,,,,2,Two,,
DATAFLOW,OECD.ENV.EPI:DSD_AIR_GHG@DF_AIR_GHG(1.0),Air emissions - Greenhouse gas emissions Inventories,I,ISL,Iceland,A,Annual,GHG,Greenhouse gases,T_LULU,"Total emissions including land use, land-use change and forestry",T_CO2E,Tonnes of CO2-equivalent,1995,,13141.85,,A,Normal value,3,Thousands,,,,,2,Two,,
DATAFLOW,OECD.ENV.EPI:DSD_AIR_GHG@DF_AIR_GHG(1.0),Air emissions - Greenhouse gas emissions Inventories,I,ISL,Iceland,A,Annual,GHG,Greenhouse gases,T_LULU,"Total emissions including land use, land-use change and forestry",T_CO2E,Tonnes of CO2-equivalent,1996,,13199.99,,A,Normal value,3,Thousands,,,,,2,Two,,
DATAFLOW,OECD.ENV.EPI:DSD_AIR_GHG@DF_AIR_GHG(1.0),Air emissions - Greenhouse gas emissions Inventories,I,ISL,Iceland,A,Annual,GHG,Greenhouse gases,T_LULU,"Total emissions including land use, land-use change and forestry",T_CO2E,Tonnes of CO2-equivalent,1997,,13356.68,,A,Normal value,3,Thousands,,,,,2,Two,,
DATAFLOW,OECD.ENV.EPI:DSD_AIR_GHG@DF_AIR_GHG(1.0),Air emissions - Greenhouse gas emissions Inventories,I,ISL,Iceland,A,Annual,GHG,Greenhouse gases,T_LULU,"Total emissions including land use, land-use change and forestry",T_CO2E,Tonnes of CO2-equivalent,1998,,13492.19,,A,Normal value,3,Thousands,,,,,2,Two,,
DATAFLOW,OECD.ENV.EPI:DSD_AIR_GHG@DF_AIR_GHG(1.0),Air emissions - Greenhouse gas emissions Inventories,I,ISL,Iceland,A,Annual,GHG,Greenhouse gases,T_LULU,"Total emissions including land use, land-use change and forestry",T_CO2E,Tonnes of CO2-equivalent,1999,,13716.31,,A,Normal value,3,Thousands,,,,,2,Two,,
DATAFLOW,OECD.ENV.EPI:DSD_AIR_GHG@DF_AIR_GHG(1.0),Air emissions - Greenhouse gas emissions Inventories,I,ISL,Iceland,A,Annual,GHG,Greenhouse gases,T_LULU,"Total emissions including land use, land-use change and forestry",T_CO2E,Tonnes of CO2-equivalent,2000,,13758.04,,A,Normal value,3,Thousands,,,,,2,Two,,
DATAFLOW,OECD.ENV.EPI:DSD_AIR_GHG@DF_AIR_GHG(1.0),Air emissions - Greenhouse gas emissions Inventories,I,ISL,Iceland,A,Annual,GHG,Greenhouse gases,T_LULU,"Total emissions including land use, land-use change and forestry",T_CO2E,Tonnes of CO2-equivalent,2001,,13666.2,,A,Normal value,3,Thousands,,,,,2,Two,,
DATAFLOW,OECD.ENV.EPI:DSD_AIR_GHG@DF_AIR_GHG(1.0),Air emissions - Greenhouse gas emissions Inventories,I,ISL,Iceland,A,Annual,GHG,Greenhouse gases,T_LULU,"Total emissions including land use, land-use change and forestry",T_CO2E,Tonnes of CO2-equivalent,2002,,13777.74,,A,Normal value,3,Thousands,,,,,2,Two,,
DATAFLOW,OECD.ENV.EPI:DSD_AIR_GHG@DF_AIR_GHG(1.0),Air emissions - Greenhouse gas emissions Inventories,I,ISL,Iceland,A,Annual,GHG,Greenhouse gases,T_LULU,"Total emissions including land use, land-use change and forestry",T_CO2E,Tonnes of CO2-equivalent,2003,,13740.31,,A,Normal value,3,Thousands,,,,,2,Two,,
DATAFLOW,OECD.ENV.EPI:DSD_AIR_GHG@DF_AIR_GHG(1.0),Air emissions - Greenhouse gas emissions Inventories,I,ISL,Iceland,A,Annual,GHG,Greenhouse gases,T_LULU,"Total emissions including land use, land-use change and forestry",T_CO2E,Tonnes of CO2-equivalent,2004,,13845.75,,A,Normal value,3,Thousands,,,,,2,Two,,
DATAFLOW,OECD.ENV.EPI:DSD_AIR_GHG@DF_AIR_GHG(1.0),Air emissions - Greenhouse gas emissions Inventories,I,ISL,Iceland,A,Annual,GHG,Greenhouse gases,T_LULU,"Total emissions including land use, land-use change and forestry",T_CO2E,Tonnes of CO2-equivalent,2005,,13694.68,,A,Normal value,3,Thousands,,,,,2,Two,,
DATAFLOW,OECD.ENV.EPI:DSD_AIR_GHG@DF_AIR_GHG(1.0),Air emissions - Greenhouse gas emissions Inventories,I,ISL,Iceland,A,Annual,GHG,Greenhouse gases,T_LULU,"Total emissions including land use, land-use change and forestry",T_CO2E,Tonnes of CO2-equivalent,2006,,14317.71,,A,Normal value,3,Thousands,,,,,2,Two,,
DATAFLOW,OECD.ENV.EPI:DSD_AIR_GHG@DF_AIR_GHG(1.0),Air emissions - Greenhouse gas emissions Inventories,I,ISL,Iceland,A,Annual,GHG,Greenhouse gases,T_LULU,"Total emissions including land use, land-use change and forestry",T_CO2E,Tonnes of CO2-equivalent,2007,,14526.33,,A,Normal value,3,Thousands,,,,,2,Two,,
DATAFLOW,OECD.ENV.EPI:DSD_AIR_GHG@DF_AIR_GHG(1.0),Air emissions - Greenhouse gas emissions Inventories,I,ISL,Iceland,A,Annual,GHG,Greenhouse gases,T_LULU,"Total emissions including land use, land-use change and forestry",T_CO2E,Tonnes of CO2-equivalent,2008,,14950.39,,A,Normal value,3,Thousands,,,,,2,Two,,
DATAFLOW,OECD.ENV.EPI:DSD_AIR_GHG@DF_AIR_GHG(1.0),Air emissions - Greenhouse gas emissions Inventories,I,ISL,Iceland,A,Annual,GHG,Greenhouse gases,T_LULU,"Total emissions including land use, land-use change and forestry",T_CO2E,Tonnes of CO2-equivalent,2009,,14634.43,,A,Normal value,3,Thousands,,,,,2,Two,,
DATAFLOW,OECD.ENV.EPI:DSD_AIR_GHG@DF_AIR_GHG(1.0),Air emissions - Greenhouse gas emissions Inventories,I,ISL,Iceland,A,Annual,GHG,Greenhouse gases,T_LULU,"Total emissions including land use, land-use change and forestry",T_CO2E,Tonnes of CO2-equivalent,2010,,14502.59,,A,Normal value,3,Thousands,,,,,2,Two,,
DATAFLOW,OECD.ENV.EPI:DSD_AIR_GHG@DF_AIR_GHG(1.0),Air emissions - Greenhouse gas emissions Inventories,I,ISL,Iceland,A,Annual,GHG,Greenhouse gases,T_LULU,"Total emissions including land use, land-use change and forestry",T_CO2E,Tonnes of CO2-equivalent,2011,,14261.66,,A,Normal value,3,Thousands,,,,,2,Two,,
DATAFLOW,OECD.ENV.EPI:DSD_AIR_GHG@DF_AIR_GHG(1.0),Air emissions - Greenhouse gas emissions Inventories,I,ISL,Iceland,A,Annual,GHG,Greenhouse gases,T_LULU,"Total emissions including land use, land-use change and forestry",T_CO2E,Tonnes of CO2-equivalent,2012,,14250,,A,Normal value,3,Thousands,,,,,2,Two,,
DATAFLOW,OECD.ENV.EPI:DSD_AIR_GHG@DF_AIR_GHG(1.0),Air emissions - Greenhouse gas emissions Inventories,I,ISL,Iceland,A,Annual,GHG,Greenhouse gases,T_LULU,"Total emissions including land use, land-use change and forestry",T_CO2E,Tonnes of CO2-equivalent,2013,,14244.18,,A,Normal value,3,Thousands,,,,,2,Two,,
DATAFLOW,OECD.ENV.EPI:DSD_AIR_GHG@DF_AIR_GHG(1.0),Air emissions - Greenhouse gas emissions Inventories,I,ISL,Iceland,A,Annual,GHG,Greenhouse gases,T_LULU,"Total emissions including land use, land-use change and forestry",T_CO2E,Tonnes of CO2-equivalent,2014,,14216.59,,A,Normal value,3,Thousands,,,,,2,Two,,
DATAFLOW,OECD.ENV.EPI:DSD_AIR_GHG@DF_AIR_GHG(1.0),Air emissions - Greenhouse gas emissions Inventories,I,ISL,Iceland,A,Annual,GHG,Greenhouse gases,T_LULU,"Total emissions including land use, land-use change and forestry",T_CO2E,Tonnes of CO2-equivalent,2015,,14278.56,,A,Normal value,3,Thousands,,,,,2,Two,,
DATAFLOW,OECD.ENV.EPI:DSD_AIR_GHG@DF_AIR_GHG(1.0),Air emissions - Greenhouse gas emissions Inventories,I,ISL,Iceland,A,Annual,GHG,Greenhouse gases,T_LULU,"Total emissions including land use, land-use change and forestry",T_CO2E,Tonnes of CO2-equivalent,2016,,14191.99,,A,Normal value,3,Thousands,,,,,2,Two,,
DATAFLOW,OECD.ENV.EPI:DSD_AIR_GHG@DF_AIR_GHG(1.0),Air emissions - Greenhouse gas emissions Inventories,I,ISL,Iceland,A,Annual,GHG,Greenhouse gases,T_LULU,"Total emissions including land use, land-use change and forestry",T_CO2E,Tonnes of CO2-equivalent,2017,,14235.97,,A,Normal value,3,Thousands,,,,,2,Two,,
DATAFLOW,OECD.ENV.EPI:DSD_AIR_GHG@DF_AIR_GHG(1.0),Air emissions - Greenhouse gas emissions Inventories,I,ISL,Iceland,A,Annual,GHG,Greenhouse gases,T_LULU,"Total emissions including land use, land-use change and forestry",T_CO2E,Tonnes of CO2-equivalent,2018,,14280.12,,A,Normal value,3,Thousands,,,,,2,Two,,
DATAFLOW,OECD.ENV.EPI:DSD_AIR_GHG@DF_AIR_GHG(1.0),Air emissions - Greenhouse gas emissions Inventories,I,ISL,Iceland,A,Annual,GHG,Greenhouse gases,T_LULU,"Total emissions including land use, land-use change and forestry",T_CO2E,Tonnes of CO2-equivalent,2019,,14134.23,,A,Normal value,3,Thousands,,,,,2,Two,,
DATAFLOW,OECD.ENV.EPI:DSD_AIR_GHG@DF_AIR_GHG(1.0),Air emissions - Greenhouse gas emissions Inventories,I,ISL,Iceland,A,Annual,GHG,Greenhouse gases,T_LULU,"Total emissions including land use, land-use change and forestry",T_CO2E,Tonnes of CO2-equivalent,2020,,13941.84,,A,Normal value,3,Thousands,,,,,2,Two,,
DATAFLOW,OECD.ENV.EPI:DSD_AIR_GHG@DF_AIR_GHG(1.0),Air emissions - Greenhouse gas emissions Inventories,I,ISL,Iceland,A,Annual,GHG,Greenhouse gases,T_LULU,"Total emissions including land use, land-use change and forestry",T_CO2E,Tonnes of CO2-equivalent,2021,,14060.07,,A,Normal value,3,Thousands,,,,,2,Two,,
DATAFLOW,OECD.ENV.EPI:DSD_AIR_GHG@DF_AIR_GHG(1.0),Air emissions - Greenhouse gas emissions Inventories,I,ISR,Israel,A,Annual,GHG,Greenhouse gases,T_LULU,"Total emissions including land use, land-use change and forestry",T_CO2E,Tonnes of CO2-equivalent,1996,,57283,,A,Normal value,3,Thousands,,,,,2,Two,,
DATAFLOW,OECD.ENV.EPI:DSD_AIR_GHG@DF_AIR_GHG(1.0),Air emissions - Greenhouse gas emissions Inventories,I,ISR,Israel,A,Annual,GHG,Greenhouse gases,T_LULU,"Total emissions including land use, land-use change and forestry",T_CO2E,Tonnes of CO2-equivalent,2000,,66950.33,,A,Normal value,3,Thousands,,,,,2,Two,,
DATAFLOW,OECD.ENV.EPI:DSD_AIR_GHG@DF_AIR_GHG(1.0),Air emissions - Greenhouse gas emissions Inventories,I,ISR,Israel,A,Annual,GHG,Greenhouse gases,T_LULU,"Total emissions including land use, land-use change and forestry",T_CO2E,Tonnes of CO2-equivalent,2003,,69026.250955058,,A,Normal value,3,Thousands,,,,,2,Two,,
DATAFLOW,OECD.ENV.EPI:DSD_AIR_GHG@DF_AIR_GHG(1.0),Air emissions - Greenhouse gas emissions Inventories,I,ISR,Israel,A,Annual,GHG,Greenhouse gases,T_LULU,"Total emissions including land use, land-use change and forestry",T_CO2E,Tonnes of CO2-equivalent,2004,,69318.610130394,,A,Normal value,3,Thousands,,,,,2,Two,,
DATAFLOW,OECD.ENV.EPI:DSD_AIR_GHG@DF_AIR_GHG(1.0),Air emissions - Greenhouse gas emissions Inventories,I,ISR,Israel,A,Annual,GHG,Greenhouse gases,T_LULU,"Total emissions including land use, land-use change and forestry",T_CO2E,Tonnes of CO2-equivalent,2005,,69806.854701532,,A,Normal value,3,Thousands,,,,,2,Two,,
DATAFLOW,OECD.ENV.EPI:DSD_AIR_GHG@DF_AIR_GHG(1.0),Air emissions - Greenhouse gas emissions Inventories,I,ISR,Israel,A,Annual,GHG,Greenhouse gases,T_LULU,"Total emissions including land use, land-use change and forestry",T_CO2E,Tonnes of CO2-equivalent,2006,,71163.949397753,,A,Normal value,3,Thousands,,,,,2,Two,,
DATAFLOW,OECD.ENV.EPI:DSD_AIR_GHG@DF_AIR_GHG(1.0),Air emissions - Greenhouse gas emissions Inventories,I,ISR,Israel,A,Annual,GHG,Greenhouse gases,T_LULU,"Total emissions including land use, land-use change and forestry",T_CO2E,Tonnes of CO2-equivalent,2007,,74353.695291551,,A,Normal value,3,Thousands,,,,,2,Two,,
DATAFLOW,OECD.ENV.EPI:DSD_AIR_GHG@DF_AIR_GHG(1.0),Air emissions - Greenhouse gas emissions Inventories,I,ISR,Israel,A,Annual,GHG,Greenhouse gases,T_LULU,"Total emissions including land use, land-use change and forestry",T_CO2E,Tonnes of CO2-equivalent,2008,,75796.596677074,,A,Normal value,3,Thousands,,,,,2,Two,,
DATAFLOW,OECD.ENV.EPI:DSD_AIR_GHG@DF_AIR_GHG(1.0),Air emissions - Greenhouse gas emissions Inventories,I,ISR,Israel,A,Annual,GHG,Greenhouse gases,T_LULU,"Total emissions including land use, land-use change and forestry",T_CO2E,Tonnes of CO2-equivalent,2009,,72090.371819439,,A,Normal value,3,Thousands,,,,,2,Two,,
DATAFLOW,OECD.ENV.EPI:DSD_AIR_GHG@DF_AIR_GHG(1.0),Air emissions - Greenhouse gas emissions Inventories,I,ISR,Israel,A,Annual,GHG,Greenhouse gases,T_LULU,"Total emissions including land use, land-use change and forestry",T_CO2E,Tonnes of CO2-equivalent,2010,,74829.956744556,,A,Normal value,3,Thousands,,,,,2,Two,,
DATAFLOW,OECD.ENV.EPI:DSD_AIR_GHG@DF_AIR_GHG(1.0),Air emissions - Greenhouse gas emissions Inventories,I,ISR,Israel,A,Annual,GHG,Greenhouse gases,T_LULU,"Total emissions including land use, land-use change and forestry",T_CO2E,Tonnes of CO2-equivalent,2011,,77308.153059539,,A,Normal value,3,Thousands,,,,,2,Two,,
DATAFLOW,OECD.ENV.EPI:DSD_AIR_GHG@DF_AIR_GHG(1.0),Air emissions - Greenhouse gas emissions Inventories,I,ISR,Israel,A,Annual,GHG,Greenhouse gases,T_LULU,"Total emissions including land use, land-use change and forestry",T_CO2E,Tonnes of CO2-equivalent,2012,,83050.038431911,,A,Normal value,3,Thousands,,,,,2,Two,,
DATAFLOW,OECD.ENV.EPI:DSD_AIR_GHG@DF_AIR_GHG(1.0),Air emissions - Greenhouse gas emissions Inventories,I,ISR,Israel,A,Annual,GHG,Greenhouse gases,T_LULU,"Total emissions including land use, land-use change and forestry",T_CO2E,Tonnes of CO2-equivalent,2013,,77526.880549973,,A,Normal value,3,Thousands,,,,,2,Two,,
DATAFLOW,OECD.ENV.EPI:DSD_AIR_GHG@DF_AIR_GHG(1.0),Air emissions - Greenhouse gas emissions Inventories,I,ISR,Israel,A,Annual,GHG,Greenhouse gases,T_LULU,"Total emissions including land use, land-use change and forestry",T_CO2E,Tonnes of CO2-equivalent,2014,,75372.443111167,,A,Normal value,3,Thousands,,,,,2,Two,,
DATAFLOW,OECD.ENV.EPI:DSD_AIR_GHG@DF_AIR_GHG(1.0),Air emissions - Greenhouse gas emissions Inventories,I,ISR,Israel,A,Annual,GHG,Greenhouse gases,T_LULU,"Total emissions including land use, land-use change and forestry",T_CO2E,Tonnes of CO2-equivalent,2015,,78592.999673103,,A,Normal value,3,Thousands,,,,,2,Two,,
DATAFLOW,OECD.ENV.EPI:DSD_AIR_GHG@DF_AIR_GHG(1.0),Air emissions - Greenhouse gas emissions Inventories,I,ISR,Israel,A,Annual,GHG,Greenhouse gases,T_LULU,"Total emissions including land use, land-use change and forestry",T_CO2E,Tonnes of CO2-equivalent,2016,,78412.90253425,,A,Normal value,3,Thousands,,,,,2,Two,,
DATAFLOW,OECD.ENV.EPI:DSD_AIR_GHG@DF_AIR_GHG(1.0),Air emissions - Greenhouse gas emissions Inventories,I,ISR,Israel,A,Annual,GHG,Greenhouse gases,T_LULU,"Total emissions including land use, land-use change and forestry",T_CO2E,Tonnes of CO2-equivalent,2017,,77655.517565023,,A,Normal value,3,Thousands,,,,,2,Two,,
DATAFLOW,OECD.ENV.EPI:DSD_AIR_GHG@DF_AIR_GHG(1.0),Air emissions - Greenhouse gas emissions Inventories,I,ISR,Israel,A,Annual,GHG,Greenhouse gases,T_LULU,"Total emissions including land use, land-use change and forestry",T_CO2E,Tonnes of CO2-equivalent,2018,,78031.236660044,,A,Normal value,3,Thousands,,,,,2,Two,,
DATAFLOW,OECD.ENV.EPI:DSD_AIR_GHG@DF_AIR_GHG(1.0),Air emissions - Greenhouse gas emissions Inventories,I,ISR,Israel,A,Annual,GHG,Greenhouse gases,T_LULU,"Total emissions including land use, land-use change and forestry",T_CO2E,Tonnes of CO2-equivalent,2019,,78888.058529917,,A,Normal value,3,Thousands,,,,,2,Two,,
DATAFLOW,OECD.ENV.EPI:DSD_AIR_GHG@DF_AIR_GHG(1.0),Air emissions - Greenhouse gas emissions Inventories,I,ISR,Israel,A,Annual,GHG,Greenhouse gases,T_LULU,"Total emissions including land use, land-use change and forestry",T_CO2E,Tonnes of CO2-equivalent,2020,,77414.682271836,,A,Normal value,3,Thousands,,,,,2,Two,,
DATAFLOW,OECD.ENV.EPI:DSD_AIR_GHG@DF_AIR_GHG(1.0),Air emissions - Greenhouse gas emissions Inventories,I,IRN,Iran,A,Annual,GHG,Greenhouse gases,T_LULU,"Total emissions including land use, land-use change and forestry",T_CO2E,Tonnes of CO2-equivalent,1994,,417011.52,,A,Normal value,3,Thousands,,,,,2,Two,,
DATAFLOW,OECD.ENV.EPI:DSD_AIR_GHG@DF_AIR_GHG(1.0),Air emissions - Greenhouse gas emissions Inventories,I,IRN,Iran,A,Annual,GHG,Greenhouse gases,T_LULU,"Total emissions including land use, land-use change and forestry",T_CO2E,Tonnes of CO2-equivalent,2000,,492954.67,,A,Normal value,3,Thousands,,,,,2,Two,,
DATAFLOW,OECD.ENV.EPI:DSD_AIR_GHG@DF_AIR_GHG(1.0),Air emissions - Greenhouse gas emissions Inventories,I,OECDE,OECD Europe,A,Annual,GHG,Greenhouse gases,T_LULU,"Total emissions including land use, land-use change and forestry",T_CO2E,Tonnes of CO2-equivalent,1988,,,,A,Normal value,3,Thousands,,,,,2,Two,,
DATAFLOW,OECD.ENV.EPI:DSD_AIR_GHG@DF_AIR_GHG(1.0),Air emissions - Greenhouse gas emissions Inventories,I,OECDE,OECD Europe,A,Annual,GHG,Greenhouse gases,T_LULU,"Total emissions including land use, land-use change and forestry",T_CO2E,Tonnes of CO2-equivalent,1989,,,,A,Normal value,3,Thousands,,,,,2,Two,,
DATAFLOW,OECD.ENV.EPI:DSD_AIR_GHG@DF_AIR_GHG(1.0),Air emissions - Greenhouse gas emissions Inventories,I,OECDE,OECD Europe,A,Annual,GHG,Greenhouse gases,T_LULU,"Total emissions including land use, land-use change and forestry",T_CO2E,Tonnes of CO2-equivalent,1990,,5390088.94,,A,Normal value,3,Thousands,,,,,2,Two,,
DATAFLOW,OECD.ENV.EPI:DSD_AIR_GHG@DF_AIR_GHG(1.0),Air emissions - Greenhouse gas emissions Inventories,I,OECDE,OECD Europe,A,Annual,GHG,Greenhouse gases,T_LULU,"Total emissions including land use, land-use change and forestry",T_CO2E,Tonnes of CO2-equivalent,1991,,5264455.03,,A,Normal value,3,Thousands,,,,,2,Two,,
DATAFLOW,OECD.ENV.EPI:DSD_AIR_GHG@DF_AIR_GHG(1.0),Air emissions - Greenhouse gas emissions Inventories,I,OECDE,OECD Europe,A,Annual,GHG,Greenhouse gases,T_LULU,"Total emissions including land use, land-use change and forestry",T_CO2E,Tonnes of CO2-equivalent,1992,,5148198.66,,A,Normal value,3,Thousands,,,,,2,Two,,
DATAFLOW,OECD.ENV.EPI:DSD_AIR_GHG@DF_AIR_GHG(1.0),Air emissions - Greenhouse gas emissions Inventories,I,OECDE,OECD Europe,A,Annual,GHG,Greenhouse gases,T_LULU,"Total emissions including land use, land-use change and forestry",T_CO2E,Tonnes of CO2-equivalent,1993,,5053695.81,,A,Normal value,3,Thousands,,,,,2,Two,,
DATAFLOW,OECD.ENV.EPI:DSD_AIR_GHG@DF_AIR_GHG(1.0),Air emissions - Greenhouse gas emissions Inventories,I,OECDE,OECD Europe,A,Annual,GHG,Greenhouse gases,T_LULU,"Total emissions including land use, land-use change and forestry",T_CO2E,Tonnes of CO2-equivalent,1994,,5030116.09,,A,Normal value,3,Thousands,,,,,2,Two,,
DATAFLOW,OECD.ENV.EPI:DSD_AIR_GHG@DF_AIR_GHG(1.0),Air emissions - Greenhouse gas emissions Inventories,I,OECDE,OECD Europe,A,Annual,GHG,Greenhouse gases,T_LULU,"Total emissions including land use, land-use change and forestry",T_CO2E,Tonnes of CO2-equivalent,1995,,5052716.69,,A,Normal value,3,Thousands,,,,,2,Two,,
DATAFLOW,OECD.ENV.EPI:DSD_AIR_GHG@DF_AIR_GHG(1.0),Air emissions - Greenhouse gas emissions Inventories,I,OECDE,OECD Europe,A,Annual,GHG,Greenhouse gases,T_LULU,"Total emissions including land use, land-use change and forestry",T_CO2E,Tonnes of CO2-equivalent,1996,,5161869.25,,A,Normal value,3,Thousands,,,,,2,Two,,
DATAFLOW,OECD.ENV.EPI:DSD_AIR_GHG@DF_AIR_GHG(1.0),Air emissions - Greenhouse gas emissions Inventories,I,OECDE,OECD Europe,A,Annual,GHG,Greenhouse gases,T_LULU,"Total emissions including land use, land-use change and forestry",T_CO2E,Tonnes of CO2-equivalent,1997,,5091881.59,,A,Normal value,3,Thousands,,,,,2,Two,,
DATAFLOW,OECD.ENV.EPI:DSD_AIR_GHG@DF_AIR_GHG(1.0),Air emissions - Greenhouse gas emissions Inventories,I,OECDE,OECD Europe,A,Annual,GHG,Greenhouse gases,T_LULU,"Total emissions including land use, land-use change and forestry",T_CO2E,Tonnes of CO2-equivalent,1998,,5061481.03,,A,Normal value,3,Thousands,,,,,2,Two,,
DATAFLOW,OECD.ENV.EPI:DSD_AIR_GHG@DF_AIR_GHG(1.0),Air emissions - Greenhouse gas emissions Inventories,I,OECDE,OECD Europe,A,Annual,GHG,Greenhouse gases,T_LULU,"Total emissions including land use, land-use change and forestry",T_CO2E,Tonnes of CO2-equivalent,1999,,4963006.34,,A,Normal value,3,Thousands,,,,,2,Two,,
DATAFLOW,OECD.ENV.EPI:DSD_AIR_GHG@DF_AIR_GHG(1.0),Air emissions - Greenhouse gas emissions Inventories,I,OECDE,OECD Europe,A,Annual,GHG,Greenhouse gases,T_LULU,"Total emissions including land use, land-use change and forestry",T_CO2E,Tonnes of CO2-equivalent,2000,,5037229.81,,A,Normal value,3,Thousands,,,,,2,Two,,
DATAFLOW,OECD.ENV.EPI:DSD_AIR_GHG@DF_AIR_GHG(1.0),Air emissions - Greenhouse gas emissions Inventories,I,OECDE,OECD Europe,A,Annual,GHG,Greenhouse gases,T_LULU,"Total emissions including land use, land-use change and forestry",T_CO2E,Tonnes of CO2-equivalent,2001,,5004108.56,,A,Normal value,3,Thousands,,,,,2,Two,,
DATAFLOW,OECD.ENV.EPI:DSD_AIR_GHG@DF_AIR_GHG(1.0),Air emissions - Greenhouse gas emissions Inventories,I,OECDE,OECD Europe,A,Annual,GHG,Greenhouse gases,T_LULU,"Total emissions including land use, land-use change and forestry",T_CO2E,Tonnes of CO2-equivalent,2002,,5000813.81,,A,Normal value,3,Thousands,,,,,2,Two,,
DATAFLOW,OECD.ENV.EPI:DSD_AIR_GHG@DF_AIR_GHG(1.0),Air emissions - Greenhouse gas emissions Inventories,I,OECDE,OECD Europe,A,Annual,GHG,Greenhouse gases,T_LULU,"Total emissions including land use, land-use change and forestry",T_CO2E,Tonnes of CO2-equivalent,2003,,5101084.13,,A,Normal value,3,Thousands,,,,,2,Two,,
DATAFLOW,OECD.ENV.EPI:DSD_AIR_GHG@DF_AIR_GHG(1.0),Air emissions - Greenhouse gas emissions Inventories,I,OECDE,OECD Europe,A,Annual,GHG,Greenhouse gases,T_LULU,"Total emissions including land use, land-use change and forestry",T_CO2E,Tonnes of CO2-equivalent,2004,,5077384.72,,A,Normal value,3,Thousands,,,,,2,Two,,
DATAFLOW,OECD.ENV.EPI:DSD_AIR_GHG@DF_AIR_GHG(1.0),Air emissions - Greenhouse gas emissions Inventories,I,OECDE,OECD Europe,A,Annual,GHG,Greenhouse gases,T_LULU,"Total emissions including land use, land-use change and forestry",T_CO2E,Tonnes of CO2-equivalent,2005,,5073769.78,,A,Normal value,3,Thousands,,,,,2,Two,,
DATAFLOW,OECD.ENV.EPI:DSD_AIR_GHG@DF_AIR_GHG(1.0),Air emissions - Greenhouse gas emissions Inventories,I,OECDE,OECD Europe,A,Annual,GHG,Greenhouse gases,T_LULU,"Total emissions including land use, land-use change and forestry",T_CO2E,Tonnes of CO2-equivalent,2006,,5066752.03,,A,Normal value,3,Thousands,,,,,2,Two,,
DATAFLOW,OECD.ENV.EPI:DSD_AIR_GHG@DF_AIR_GHG(1.0),Air emissions - Greenhouse gas emissions Inventories,I,OECDE,OECD Europe,A,Annual,GHG,Greenhouse gases,T_LULU,"Total emissions including land use, land-use change and forestry",T_CO2E,Tonnes of CO2-equivalent,2007,,5094783.72,,A,Normal value,3,Thousands,,,,,2,Two,,
DATAFLOW,OECD.ENV.EPI:DSD_AIR_GHG@DF_AIR_GHG(1.0),Air emissions - Greenhouse gas emissions Inventories,I,OECDE,OECD Europe,A,Annual,GHG,Greenhouse gases,T_LULU,"Total emissions including land use, land-use change and forestry",T_CO2E,Tonnes of CO2-equivalent,2008,,4937295.47,,A,Normal value,3,Thousands,,,,,2,Two,,
DATAFLOW,OECD.ENV.EPI:DSD_AIR_GHG@DF_AIR_GHG(1.0),Air emissions - Greenhouse gas emissions Inventories,I,OECDE,OECD Europe,A,Annual,GHG,Greenhouse gases,T_LULU,"Total emissions including land use, land-use change and forestry",T_CO2E,Tonnes of CO2-equivalent,2009,,4588638.81,,A,Normal value,3,Thousands,,,,,2,Two,,
DATAFLOW,OECD.ENV.EPI:DSD_AIR_GHG@DF_AIR_GHG(1.0),Air emissions - Greenhouse gas emissions Inventories,I,OECDE,OECD Europe,A,Annual,GHG,Greenhouse gases,T_LULU,"Total emissions including land use, land-use change and forestry",T_CO2E,Tonnes of CO2-equivalent,2010,,4703070.5,,A,Normal value,3,Thousands,,,,,2,Two,,
DATAFLOW,OECD.ENV.EPI:DSD_AIR_GHG@DF_AIR_GHG(1.0),Air emissions - Greenhouse gas emissions Inventories,I,OECDE,OECD Europe,A,Annual,GHG,Greenhouse gases,T_LULU,"Total emissions including land use, land-use change and forestry",T_CO2E,Tonnes of CO2-equivalent,2011,,4558064.38,,A,Normal value,3,Thousands,,,,,2,Two,,
DATAFLOW,OECD.ENV.EPI:DSD_AIR_GHG@DF_AIR_GHG(1.0),Air emissions - Greenhouse gas emissions Inventories,I,OECDE,OECD Europe,A,Annual,GHG,Greenhouse gases,T_LULU,"Total emissions including land use, land-use change and forestry",T_CO2E,Tonnes of CO2-equivalent,2012,,4539334.72,,A,Normal value,3,Thousands,,,,,2,Two,,
DATAFLOW,OECD.ENV.EPI:DSD_AIR_GHG@DF_AIR_GHG(1.0),Air emissions - Greenhouse gas emissions Inventories,I,OECDE,OECD Europe,A,Annual,GHG,Greenhouse gases,T_LULU,"Total emissions including land use, land-use change and forestry",T_CO2E,Tonnes of CO2-equivalent,2013,,4448954.72,,A,Normal value,3,Thousands,,,,,2,Two,,
DATAFLOW,OECD.ENV.EPI:DSD_AIR_GHG@DF_AIR_GHG(1.0),Air emissions - Greenhouse gas emissions Inventories,I,OECDE,OECD Europe,A,Annual,GHG,Greenhouse gases,T_LULU,"Total emissions including land use, land-use change and forestry",T_CO2E,Tonnes of CO2-equivalent,2014,,4313781.03,,A,Normal value,3,Thousands,,,,,2,Two,,
DATAFLOW,OECD.ENV.EPI:DSD_AIR_GHG@DF_AIR_GHG(1.0),Air emissions - Greenhouse gas emissions Inventories,I,OECDE,OECD Europe,A,Annual,GHG,Greenhouse gases,T_LULU,"Total emissions including land use, land-use change and forestry",T_CO2E,Tonnes of CO2-equivalent,2015,,4365770.16,,A,Normal value,3,Thousands,,,,,2,Two,,
DATAFLOW,OECD.ENV.EPI:DSD_AIR_GHG@DF_AIR_GHG(1.0),Air emissions - Greenhouse gas emissions Inventories,I,OECDE,OECD Europe,A,Annual,GHG,Greenhouse gases,T_LULU,"Total emissions including land use, land-use change and forestry",T_CO2E,Tonnes of CO2-equivalent,2016,,4380297.59,,A,Normal value,3,Thousands,,,,,2,Two,,
DATAFLOW,OECD.ENV.EPI:DSD_AIR_GHG@DF_AIR_GHG(1.0),Air emissions - Greenhouse gas emissions Inventories,I,OECDE,OECD Europe,A,Annual,GHG,Greenhouse gases,T_LULU,"Total emissions including land use, land-use change and forestry",T_CO2E,Tonnes of CO2-equivalent,2017,,4476734.81,,A,Normal value,3,Thousands,,,,,2,Two,,
DATAFLOW,OECD.ENV.EPI:DSD_AIR_GHG@DF_AIR_GHG(1.0),Air emissions - Greenhouse gas emissions Inventories,I,OECDE,OECD Europe,A,Annual,GHG,Greenhouse gases,T_LULU,"Total emissions including land use, land-use change and forestry",T_CO2E,Tonnes of CO2-equivalent,2018,,4374563,,A,Normal value,3,Thousands,,,,,2,Two,,
DATAFLOW,OECD.ENV.EPI:DSD_AIR_GHG@DF_AIR_GHG(1.0),Air emissions - Greenhouse gas emissions Inventories,I,OECDE,OECD Europe,A,Annual,GHG,Greenhouse gases,T_LULU,"Total emissions including land use, land-use change and forestry",T_CO2E,Tonnes of CO2-equivalent,2019,,4206006.91,,A,Normal value,3,Thousands,,,,,2,Two,,
DATAFLOW,OECD.ENV.EPI:DSD_AIR_GHG@DF_AIR_GHG(1.0),Air emissions - Greenhouse gas emissions Inventories,I,OECDE,OECD Europe,A,Annual,GHG,Greenhouse gases,T_LULU,"Total emissions including land use, land-use change and forestry",T_CO2E,Tonnes of CO2-equivalent,2020,,3902355.19,,A,Normal value,3,Thousands,,,,,2,Two,,
DATAFLOW,OECD.ENV.EPI:DSD_AIR_GHG@DF_AIR_GHG(1.0),Air emissions - Greenhouse gas emissions Inventories,I,OECDE,OECD Europe,A,Annual,GHG,Greenhouse gases,T_LULU,"Total emissions including land use, land-use change and forestry",T_CO2E,Tonnes of CO2-equivalent,2021,,4145319.5,,A,Normal value,3,Thousands,,,,,2,Two,,
DATAFLOW,OECD.ENV.EPI:DSD_AIR_GHG@DF_AIR_GHG(1.0),Air emissions - Greenhouse gas emissions Inventories,I,EU27_2020,European Union (27 countries from 01/02/2020),A,Annual,GHG,Greenhouse gases,T_LULU,"Total emissions including land use, land-use change and forestry",T_CO2E,Tonnes of CO2-equivalent,1990,,4651758.22,,A,Normal value,3,Thousands,,,,,2,Two,,
DATAFLOW,OECD.ENV.EPI:DSD_AIR_GHG@DF_AIR_GHG(1.0),Air emissions - Greenhouse gas emissions Inventories,I,EU27_2020,European Union (27 countries from 01/02/2020),A,Annual,GHG,Greenhouse gases,T_LULU,"Total emissions including land use, land-use change and forestry",T_CO2E,Tonnes of CO2-equivalent,1991,,4444097.43,,A,Normal value,3,Thousands,,,,,2,Two,,
DATAFLOW,OECD.ENV.EPI:DSD_AIR_GHG@DF_AIR_GHG(1.0),Air emissions - Greenhouse gas emissions Inventories,I,EU27_2020,European Union (27 countries from 01/02/2020),A,Annual,GHG,Greenhouse gases,T_LULU,"Total emissions including land use, land-use change and forestry",T_CO2E,Tonnes of CO2-equivalent,1992,,4319589.05,,A,Normal value,3,Thousands,,,,,2,Two,,
DATAFLOW,OECD.ENV.EPI:DSD_AIR_GHG@DF_AIR_GHG(1.0),Air emissions - Greenhouse gas emissions Inventories,I,EU27_2020,European Union (27 countries from 01/02/2020),A,Annual,GHG,Greenhouse gases,T_LULU,"Total emissions including land use, land-use change and forestry",T_CO2E,Tonnes of CO2-equivalent,1993,,4226448.74,,A,Normal value,3,Thousands,,,,,2,Two,,
DATAFLOW,OECD.ENV.EPI:DSD_AIR_GHG@DF_AIR_GHG(1.0),Air emissions - Greenhouse gas emissions Inventories,I,EU27_2020,European Union (27 countries from 01/02/2020),A,Annual,GHG,Greenhouse gases,T_LULU,"Total emissions including land use, land-use change and forestry",T_CO2E,Tonnes of CO2-equivalent,1994,,4211668.02,,A,Normal value,3,Thousands,,,,,2,Two,,
DATAFLOW,OECD.ENV.EPI:DSD_AIR_GHG@DF_AIR_GHG(1.0),Air emissions - Greenhouse gas emissions Inventories,I,EU27_2020,European Union (27 countries from 01/02/2020),A,Annual,GHG,Greenhouse gases,T_LULU,"Total emissions including land use, land-use change and forestry",T_CO2E,Tonnes of CO2-equivalent,1995,,4238250.48,,A,Normal value,3,Thousands,,,,,2,Two,,
DATAFLOW,OECD.ENV.EPI:DSD_AIR_GHG@DF_AIR_GHG(1.0),Air emissions - Greenhouse gas emissions Inventories,I,EU27_2020,European Union (27 countries from 01/02/2020),A,Annual,GHG,Greenhouse gases,T_LULU,"Total emissions including land use, land-use change and forestry",T_CO2E,Tonnes of CO2-equivalent,1996,,4311144.78,,A,Normal value,3,Thousands,,,,,2,Two,,
DATAFLOW,OECD.ENV.EPI:DSD_AIR_GHG@DF_AIR_GHG(1.0),Air emissions - Greenhouse gas emissions Inventories,I,EU27_2020,European Union (27 countries from 01/02/2020),A,Annual,GHG,Greenhouse gases,T_LULU,"Total emissions including land use, land-use change and forestry",T_CO2E,Tonnes of CO2-equivalent,1997,,4247544.69,,A,Normal value,3,Thousands,,,,,2,Two,,
DATAFLOW,OECD.ENV.EPI:DSD_AIR_GHG@DF_AIR_GHG(1.0),Air emissions - Greenhouse gas emissions Inventories,I,EU27_2020,European Union (27 countries from 01/02/2020),A,Annual,GHG,Greenhouse gases,T_LULU,"Total emissions including land use, land-use change and forestry",T_CO2E,Tonnes of CO2-equivalent,1998,,4195150.04,,A,Normal value,3,Thousands,,,,,2,Two,,
DATAFLOW,OECD.ENV.EPI:DSD_AIR_GHG@DF_AIR_GHG(1.0),Air emissions - Greenhouse gas emissions Inventories,I,EU27_2020,European Union (27 countries from 01/02/2020),A,Annual,GHG,Greenhouse gases,T_LULU,"Total emissions including land use, land-use change and forestry",T_CO2E,Tonnes of CO2-equivalent,1999,,4105216.48,,A,Normal value,3,Thousands,,,,,2,Two,,
DATAFLOW,OECD.ENV.EPI:DSD_AIR_GHG@DF_AIR_GHG(1.0),Air emissions - Greenhouse gas emissions Inventories,I,EU27_2020,European Union (27 countries from 01/02/2020),A,Annual,GHG,Greenhouse gases,T_LULU,"Total emissions including land use, land-use change and forestry",T_CO2E,Tonnes of CO2-equivalent,2000,,4142748.23,,A,Normal value,3,Thousands,,,,,2,Two,,
DATAFLOW,OECD.ENV.EPI:DSD_AIR_GHG@DF_AIR_GHG(1.0),Air emissions - Greenhouse gas emissions Inventories,I,EU27_2020,European Union (27 countries from 01/02/2020),A,Annual,GHG,Greenhouse gases,T_LULU,"Total emissions including land use, land-use change and forestry",T_CO2E,Tonnes of CO2-equivalent,2001,,4142209.79,,A,Normal value,3,Thousands,,,,,2,Two,,
DATAFLOW,OECD.ENV.EPI:DSD_AIR_GHG@DF_AIR_GHG(1.0),Air emissions - Greenhouse gas emissions Inventories,I,EU27_2020,European Union (27 countries from 01/02/2020),A,Annual,GHG,Greenhouse gases,T_LULU,"Total emissions including land use, land-use change and forestry",T_CO2E,Tonnes of CO2-equivalent,2002,,4158107.71,,A,Normal value,3,Thousands,,,,,2,Two,,
DATAFLOW,OECD.ENV.EPI:DSD_AIR_GHG@DF_AIR_GHG(1.0),Air emissions - Greenhouse gas emissions Inventories,I,EU27_2020,European Union (27 countries from 01/02/2020),A,Annual,GHG,Greenhouse gases,T_LULU,"Total emissions including land use, land-use change and forestry",T_CO2E,Tonnes of CO2-equivalent,2003,,4250729.69,,A,Normal value,3,Thousands,,,,,2,Two,,
DATAFLOW,OECD.ENV.EPI:DSD_AIR_GHG@DF_AIR_GHG(1.0),Air emissions - Greenhouse gas emissions Inventories,I,EU27_2020,European Union (27 countries from 01/02/2020),A,Annual,GHG,Greenhouse gases,T_LULU,"Total emissions including land use, land-use change and forestry",T_CO2E,Tonnes of CO2-equivalent,2004,,4214237.76,,A,Normal value,3,Thousands,,,,,2,Two,,
DATAFLOW,OECD.ENV.EPI:DSD_AIR_GHG@DF_AIR_GHG(1.0),Air emissions - Greenhouse gas emissions Inventories,I,EU27_2020,European Union (27 countries from 01/02/2020),A,Annual,GHG,Greenhouse gases,T_LULU,"Total emissions including land use, land-use change and forestry",T_CO2E,Tonnes of CO2-equivalent,2005,,4195186.82,,A,Normal value,3,Thousands,,,,,2,Two,,
DATAFLOW,OECD.ENV.EPI:DSD_AIR_GHG@DF_AIR_GHG(1.0),Air emissions - Greenhouse gas emissions Inventories,I,EU27_2020,European Union (27 countries from 01/02/2020),A,Annual,GHG,Greenhouse gases,T_LULU,"Total emissions including land use, land-use change and forestry",T_CO2E,Tonnes of CO2-equivalent,2006,,4182107.99,,A,Normal value,3,Thousands,,,,,2,Two,,
DATAFLOW,OECD.ENV.EPI:DSD_AIR_GHG@DF_AIR_GHG(1.0),Air emissions - Greenhouse gas emissions Inventories,I,EU27_2020,European Union (27 countries from 01/02/2020),A,Annual,GHG,Greenhouse gases,T_LULU,"Total emissions including land use, land-use change and forestry",T_CO2E,Tonnes of CO2-equivalent,2007,,4197693.25,,A,Normal value,3,Thousands,,,,,2,Two,,
DATAFLOW,OECD.ENV.EPI:DSD_AIR_GHG@DF_AIR_GHG(1.0),Air emissions - Greenhouse gas emissions Inventories,I,EU27_2020,European Union (27 countries from 01/02/2020),A,Annual,GHG,Greenhouse gases,T_LULU,"Total emissions including land use, land-use change and forestry",T_CO2E,Tonnes of CO2-equivalent,2008,,4059809.08,,A,Normal value,3,Thousands,,,,,2,Two,,
DATAFLOW,OECD.ENV.EPI:DSD_AIR_GHG@DF_AIR_GHG(1.0),Air emissions - Greenhouse gas emissions Inventories,I,EU27_2020,European Union (27 countries from 01/02/2020),A,Annual,GHG,Greenhouse gases,T_LULU,"Total emissions including land use, land-use change and forestry",T_CO2E,Tonnes of CO2-equivalent,2009,,3742006.37,,A,Normal value,3,Thousands,,,,,2,Two,,
DATAFLOW,OECD.ENV.EPI:DSD_AIR_GHG@DF_AIR_GHG(1.0),Air emissions - Greenhouse gas emissions Inventories,I,EU27_2020,European Union (27 countries from 01/02/2020),A,Annual,GHG,Greenhouse gases,T_LULU,"Total emissions including land use, land-use change and forestry",T_CO2E,Tonnes of CO2-equivalent,2010,,3824203.94,,A,Normal value,3,Thousands,,,,,2,Two,,
DATAFLOW,OECD.ENV.EPI:DSD_AIR_GHG@DF_AIR_GHG(1.0),Air emissions - Greenhouse gas emissions Inventories,I,EU27_2020,European Union (27 countries from 01/02/2020),A,Annual,GHG,Greenhouse gases,T_LULU,"Total emissions including land use, land-use change and forestry",T_CO2E,Tonnes of CO2-equivalent,2011,,3718746.36,,A,Normal value,3,Thousands,,,,,2,Two,,
DATAFLOW,OECD.ENV.EPI:DSD_AIR_GHG@DF_AIR_GHG(1.0),Air emissions - Greenhouse gas emissions Inventories,I,EU27_2020,European Union (27 countries from 01/02/2020),A,Annual,GHG,Greenhouse gases,T_LULU,"Total emissions including land use, land-use change and forestry",T_CO2E,Tonnes of CO2-equivalent,2012,,3649077.3,,A,Normal value,3,Thousands,,,,,2,Two,,
DATAFLOW,OECD.ENV.EPI:DSD_AIR_GHG@DF_AIR_GHG(1.0),Air emissions - Greenhouse gas emissions Inventories,I,EU27_2020,European Union (27 countries from 01/02/2020),A,Annual,GHG,Greenhouse gases,T_LULU,"Total emissions including land use, land-use change and forestry",T_CO2E,Tonnes of CO2-equivalent,2013,,3562588.49,,A,Normal value,3,Thousands,,,,,2,Two,,
DATAFLOW,OECD.ENV.EPI:DSD_AIR_GHG@DF_AIR_GHG(1.0),Air emissions - Greenhouse gas emissions Inventories,I,EU27_2020,European Union (27 countries from 01/02/2020),A,Annual,GHG,Greenhouse gases,T_LULU,"Total emissions including land use, land-use change and forestry",T_CO2E,Tonnes of CO2-equivalent,2014,,3436530.29,,A,Normal value,3,Thousands,,,,,2,Two,,
DATAFLOW,OECD.ENV.EPI:DSD_AIR_GHG@DF_AIR_GHG(1.0),Air emissions - Greenhouse gas emissions Inventories,I,EU27_2020,European Union (27 countries from 01/02/2020),A,Annual,GHG,Greenhouse gases,T_LULU,"Total emissions including land use, land-use change and forestry",T_CO2E,Tonnes of CO2-equivalent,2015,,3486637.64,,A,Normal value,3,Thousands,,,,,2,Two,,
DATAFLOW,OECD.ENV.EPI:DSD_AIR_GHG@DF_AIR_GHG(1.0),Air emissions - Greenhouse gas emissions Inventories,I,EU27_2020,European Union (27 countries from 01/02/2020),A,Annual,GHG,Greenhouse gases,T_LULU,"Total emissions including land use, land-use change and forestry",T_CO2E,Tonnes of CO2-equivalent,2016,,3492920.12,,A,Normal value,3,Thousands,,,,,2,Two,,
DATAFLOW,OECD.ENV.EPI:DSD_AIR_GHG@DF_AIR_GHG(1.0),Air emissions - Greenhouse gas emissions Inventories,I,EU27_2020,European Union (27 countries from 01/02/2020),A,Annual,GHG,Greenhouse gases,T_LULU,"Total emissions including land use, land-use change and forestry",T_CO2E,Tonnes of CO2-equivalent,2017,,3582981.15,,A,Normal value,3,Thousands,,,,,2,Two,,
DATAFLOW,OECD.ENV.EPI:DSD_AIR_GHG@DF_AIR_GHG(1.0),Air emissions - Greenhouse gas emissions Inventories,I,EU27_2020,European Union (27 countries from 01/02/2020),A,Annual,GHG,Greenhouse gases,T_LULU,"Total emissions including land use, land-use change and forestry",T_CO2E,Tonnes of CO2-equivalent,2018,,3489866.85,,A,Normal value,3,Thousands,,,,,2,Two,,
DATAFLOW,OECD.ENV.EPI:DSD_AIR_GHG@DF_AIR_GHG(1.0),Air emissions - Greenhouse gas emissions Inventories,I,EU27_2020,European Union (27 countries from 01/02/2020),A,Annual,GHG,Greenhouse gases,T_LULU,"Total emissions including land use, land-use change and forestry",T_CO2E,Tonnes of CO2-equivalent,2019,,3340941.98,,A,Normal value,3,Thousands,,,,,2,Two,,
DATAFLOW,OECD.ENV.EPI:DSD_AIR_GHG@DF_AIR_GHG(1.0),Air emissions - Greenhouse gas emissions Inventories,I,EU27_2020,European Union (27 countries from 01/02/2020),A,Annual,GHG,Greenhouse gases,T_LULU,"Total emissions including land use, land-use change and forestry",T_CO2E,Tonnes of CO2-equivalent,2020,,3059425.55,,A,Normal value,3,Thousands,,,,,2,Two,,
DATAFLOW,OECD.ENV.EPI:DSD_AIR_GHG@DF_AIR_GHG(1.0),Air emissions - Greenhouse gas emissions Inventories,I,EU27_2020,European Union (27 countries from 01/02/2020),A,Annual,GHG,Greenhouse gases,T_LULU,"Total emissions including land use, land-use change and forestry",T_CO2E,Tonnes of CO2-equivalent,2021,,3238409.42,,A,Normal value,3,Thousands,,,,,2,Two,,
DATAFLOW,OECD.ENV.EPI:DSD_AIR_GHG@DF_AIR_GHG(1.0),Air emissions - Greenhouse gas emissions Inventories,I,GBR,United Kingdom,A,Annual,GHG,Greenhouse gases,T_LULU,"Total emissions including land use, land-use change and forestry",T_CO2E,Tonnes of CO2-equivalent,1990,,817454.32,,A,Normal value,3,Thousands,,,,,2,Two,,
DATAFLOW,OECD.ENV.EPI:DSD_AIR_GHG@DF_AIR_GHG(1.0),Air emissions - Greenhouse gas emissions Inventories,I,GBR,United Kingdom,A,Annual,GHG,Greenhouse gases,T_LULU,"Total emissions including land use, land-use change and forestry",T_CO2E,Tonnes of CO2-equivalent,1991,,825813.54,,A,Normal value,3,Thousands,,,,,2,Two,,
DATAFLOW,OECD.ENV.EPI:DSD_AIR_GHG@DF_AIR_GHG(1.0),Air emissions - Greenhouse gas emissions Inventories,I,GBR,United Kingdom,A,Annual,GHG,Greenhouse gases,T_LULU,"Total emissions including land use, land-use change and forestry",T_CO2E,Tonnes of CO2-equivalent,1992,,804700.09,,A,Normal value,3,Thousands,,,,,2,Two,,
DATAFLOW,OECD.ENV.EPI:DSD_AIR_GHG@DF_AIR_GHG(1.0),Air emissions - Greenhouse gas emissions Inventories,I,GBR,United Kingdom,A,Annual,GHG,Greenhouse gases,T_LULU,"Total emissions including land use, land-use change and forestry",T_CO2E,Tonnes of CO2-equivalent,1993,,785148.47,,A,Normal value,3,Thousands,,,,,2,Two,,
DATAFLOW,OECD.ENV.EPI:DSD_AIR_GHG@DF_AIR_GHG(1.0),Air emissions - Greenhouse gas emissions Inventories,I,GBR,United Kingdom,A,Annual,GHG,Greenhouse gases,T_LULU,"Total emissions including land use, land-use change and forestry",T_CO2E,Tonnes of CO2-equivalent,1994,,772526.13,,A,Normal value,3,Thousands,,,,,2,Two,,
DATAFLOW,OECD.ENV.EPI:DSD_AIR_GHG@DF_AIR_GHG(1.0),Air emissions - Greenhouse gas emissions Inventories,I,GBR,United Kingdom,A,Annual,GHG,Greenhouse gases,T_LULU,"Total emissions including land use, land-use change and forestry",T_CO2E,Tonnes of CO2-equivalent,1995,,766462.63,,A,Normal value,3,Thousands,,,,,2,Two,,
DATAFLOW,OECD.ENV.EPI:DSD_AIR_GHG@DF_AIR_GHG(1.0),Air emissions - Greenhouse gas emissions Inventories,I,GBR,United Kingdom,A,Annual,GHG,Greenhouse gases,T_LULU,"Total emissions including land use, land-use change and forestry",T_CO2E,Tonnes of CO2-equivalent,1996,,786184.49,,A,Normal value,3,Thousands,,,,,2,Two,,
DATAFLOW,OECD.ENV.EPI:DSD_AIR_GHG@DF_AIR_GHG(1.0),Air emissions - Greenhouse gas emissions Inventories,I,GBR,United Kingdom,A,Annual,GHG,Greenhouse gases,T_LULU,"Total emissions including land use, land-use change and forestry",T_CO2E,Tonnes of CO2-equivalent,1997,,761472.91,,A,Normal value,3,Thousands,,,,,2,Two,,
DATAFLOW,OECD.ENV.EPI:DSD_AIR_GHG@DF_AIR_GHG(1.0),Air emissions - Greenhouse gas emissions Inventories,I,GBR,United Kingdom,A,Annual,GHG,Greenhouse gases,T_LULU,"Total emissions including land use, land-use change and forestry",T_CO2E,Tonnes of CO2-equivalent,1998,,759255.33,,A,Normal value,3,Thousands,,,,,2,Two,,
DATAFLOW,OECD.ENV.EPI:DSD_AIR_GHG@DF_AIR_GHG(1.0),Air emissions - Greenhouse gas emissions Inventories,I,GBR,United Kingdom,A,Annual,GHG,Greenhouse gases,T_LULU,"Total emissions including land use, land-use change and forestry",T_CO2E,Tonnes of CO2-equivalent,1999,,730371.9,,A,Normal value,3,Thousands,,,,,2,Two,,
DATAFLOW,OECD.ENV.EPI:DSD_AIR_GHG@DF_AIR_GHG(1.0),Air emissions - Greenhouse gas emissions Inventories,I,GBR,United Kingdom,A,Annual,GHG,Greenhouse gases,T_LULU,"Total emissions including land use, land-use change and forestry",T_CO2E,Tonnes of CO2-equivalent,2000,,730246.29,,A,Normal value,3,Thousands,,,,,2,Two,,
DATAFLOW,OECD.ENV.EPI:DSD_AIR_GHG@DF_AIR_GHG(1.0),Air emissions - Greenhouse gas emissions Inventories,I,GBR,United Kingdom,A,Annual,GHG,Greenhouse gases,T_LULU,"Total emissions including land use, land-use change and forestry",T_CO2E,Tonnes of CO2-equivalent,2001,,732743.22,,A,Normal value,3,Thousands,,,,,2,Two,,
DATAFLOW,OECD.ENV.EPI:DSD_AIR_GHG@DF_AIR_GHG(1.0),Air emissions - Greenhouse gas emissions Inventories,I,GBR,United Kingdom,A,Annual,GHG,Greenhouse gases,T_LULU,"Total emissions including land use, land-use change and forestry",T_CO2E,Tonnes of CO2-equivalent,2002,,710728.18,,A,Normal value,3,Thousands,,,,,2,Two,,
DATAFLOW,OECD.ENV.EPI:DSD_AIR_GHG@DF_AIR_GHG(1.0),Air emissions - Greenhouse gas emissions Inventories,I,GBR,United Kingdom,A,Annual,GHG,Greenhouse gases,T_LULU,"Total emissions including land use, land-use change and forestry",T_CO2E,Tonnes of CO2-equivalent,2003,,716018.63,,A,Normal value,3,Thousands,,,,,2,Two,,
DATAFLOW,OECD.ENV.EPI:DSD_AIR_GHG@DF_AIR_GHG(1.0),Air emissions - Greenhouse gas emissions Inventories,I,GBR,United Kingdom,A,Annual,GHG,Greenhouse gases,T_LULU,"Total emissions including land use, land-use change and forestry",T_CO2E,Tonnes of CO2-equivalent,2004,,711783.83,,A,Normal value,3,Thousands,,,,,2,Two,,
DATAFLOW,OECD.ENV.EPI:DSD_AIR_GHG@DF_AIR_GHG(1.0),Air emissions - Greenhouse gas emissions Inventories,I,GBR,United Kingdom,A,Annual,GHG,Greenhouse gases,T_LULU,"Total emissions including land use, land-use change and forestry",T_CO2E,Tonnes of CO2-equivalent,2005,,703077.06,,A,Normal value,3,Thousands,,,,,2,Two,,
DATAFLOW,OECD.ENV.EPI:DSD_AIR_GHG@DF_AIR_GHG(1.0),Air emissions - Greenhouse gas emissions Inventories,I,GBR,United Kingdom,A,Annual,GHG,Greenhouse gases,T_LULU,"Total emissions including land use, land-use change and forestry",T_CO2E,Tonnes of CO2-equivalent,2006,,695269.33,,A,Normal value,3,Thousands,,,,,2,Two,,
DATAFLOW,OECD.ENV.EPI:DSD_AIR_GHG@DF_AIR_GHG(1.0),Air emissions - Greenhouse gas emissions Inventories,I,GBR,United Kingdom,A,Annual,GHG,Greenhouse gases,T_LULU,"Total emissions including land use, land-use change and forestry",T_CO2E,Tonnes of CO2-equivalent,2007,,682762.62,,A,Normal value,3,Thousands,,,,,2,Two,,
DATAFLOW,OECD.ENV.EPI:DSD_AIR_GHG@DF_AIR_GHG(1.0),Air emissions - Greenhouse gas emissions Inventories,I,GBR,United Kingdom,A,Annual,GHG,Greenhouse gases,T_LULU,"Total emissions including land use, land-use change and forestry",T_CO2E,Tonnes of CO2-equivalent,2008,,660627.04,,A,Normal value,3,Thousands,,,,,2,Two,,
DATAFLOW,OECD.ENV.EPI:DSD_AIR_GHG@DF_AIR_GHG(1.0),Air emissions - Greenhouse gas emissions Inventories,I,GBR,United Kingdom,A,Annual,GHG,Greenhouse gases,T_LULU,"Total emissions including land use, land-use change and forestry",T_CO2E,Tonnes of CO2-equivalent,2009,,603716.73,,A,Normal value,3,Thousands,,,,,2,Two,,
DATAFLOW,OECD.ENV.EPI:DSD_AIR_GHG@DF_AIR_GHG(1.0),Air emissions - Greenhouse gas emissions Inventories,I,GBR,United Kingdom,A,Annual,GHG,Greenhouse gases,T_LULU,"Total emissions including land use, land-use change and forestry",T_CO2E,Tonnes of CO2-equivalent,2010,,617481.95,,A,Normal value,3,Thousands,,,,,2,Two,,
DATAFLOW,OECD.ENV.EPI:DSD_AIR_GHG@DF_AIR_GHG(1.0),Air emissions - Greenhouse gas emissions Inventories,I,GBR,United Kingdom,A,Annual,GHG,Greenhouse gases,T_LULU,"Total emissions including land use, land-use change and forestry",T_CO2E,Tonnes of CO2-equivalent,2011,,571393.77,,A,Normal value,3,Thousands,,,,,2,Two,,
DATAFLOW,OECD.ENV.EPI:DSD_AIR_GHG@DF_AIR_GHG(1.0),Air emissions - Greenhouse gas emissions Inventories,I,GBR,United Kingdom,A,Annual,GHG,Greenhouse gases,T_LULU,"Total emissions including land use, land-use change and forestry",T_CO2E,Tonnes of CO2-equivalent,2012,,587662.05,,A,Normal value,3,Thousands,,,,,2,Two,,
DATAFLOW,OECD.ENV.EPI:DSD_AIR_GHG@DF_AIR_GHG(1.0),Air emissions - Greenhouse gas emissions Inventories,I,GBR,United Kingdom,A,Annual,GHG,Greenhouse gases,T_LULU,"Total emissions including land use, land-use change and forestry",T_CO2E,Tonnes of CO2-equivalent,2013,,573318.94,,A,Normal value,3,Thousands,,,,,2,Two,,
DATAFLOW,OECD.ENV.EPI:DSD_AIR_GHG@DF_AIR_GHG(1.0),Air emissions - Greenhouse gas emissions Inventories,I,GBR,United Kingdom,A,Annual,GHG,Greenhouse gases,T_LULU,"Total emissions including land use, land-use change and forestry",T_CO2E,Tonnes of CO2-equivalent,2014,,532315.18,,A,Normal value,3,Thousands,,,,,2,Two,,
DATAFLOW,OECD.ENV.EPI:DSD_AIR_GHG@DF_AIR_GHG(1.0),Air emissions - Greenhouse gas emissions Inventories,I,GBR,United Kingdom,A,Annual,GHG,Greenhouse gases,T_LULU,"Total emissions including land use, land-use change and forestry",T_CO2E,Tonnes of CO2-equivalent,2015,,514969.71,,A,Normal value,3,Thousands,,,,,2,Two,,
DATAFLOW,OECD.ENV.EPI:DSD_AIR_GHG@DF_AIR_GHG(1.0),Air emissions - Greenhouse gas emissions Inventories,I,GBR,United Kingdom,A,Annual,GHG,Greenhouse gases,T_LULU,"Total emissions including land use, land-use change and forestry",T_CO2E,Tonnes of CO2-equivalent,2016,,489458.29,,A,Normal value,3,Thousands,,,,,2,Two,,
DATAFLOW,OECD.ENV.EPI:DSD_AIR_GHG@DF_AIR_GHG(1.0),Air emissions - Greenhouse gas emissions Inventories,I,GBR,United Kingdom,A,Annual,GHG,Greenhouse gases,T_LULU,"Total emissions including land use, land-use change and forestry",T_CO2E,Tonnes of CO2-equivalent,2017,,477763.27,,A,Normal value,3,Thousands,,,,,2,Two,,
DATAFLOW,OECD.ENV.EPI:DSD_AIR_GHG@DF_AIR_GHG(1.0),Air emissions - Greenhouse gas emissions Inventories,I,GBR,United Kingdom,A,Annual,GHG,Greenhouse gases,T_LULU,"Total emissions including land use, land-use change and forestry",T_CO2E,Tonnes of CO2-equivalent,2018,,469377.03,,A,Normal value,3,Thousands,,,,,2,Two,,
DATAFLOW,OECD.ENV.EPI:DSD_AIR_GHG@DF_AIR_GHG(1.0),Air emissions - Greenhouse gas emissions Inventories,I,GBR,United Kingdom,A,Annual,GHG,Greenhouse gases,T_LULU,"Total emissions including land use, land-use change and forestry",T_CO2E,Tonnes of CO2-equivalent,2019,,455063.02,,A,Normal value,3,Thousands,,,,,2,Two,,
DATAFLOW,OECD.ENV.EPI:DSD_AIR_GHG@DF_AIR_GHG(1.0),Air emissions - Greenhouse gas emissions Inventories,I,GBR,United Kingdom,A,Annual,GHG,Greenhouse gases,T_LULU,"Total emissions including land use, land-use change and forestry",T_CO2E,Tonnes of CO2-equivalent,2020,,410224.04,,A,Normal value,3,Thousands,,,,,2,Two,,
DATAFLOW,OECD.ENV.EPI:DSD_AIR_GHG@DF_AIR_GHG(1.0),Air emissions - Greenhouse gas emissions Inventories,I,GBR,United Kingdom,A,Annual,GHG,Greenhouse gases,T_LULU,"Total emissions including land use, land-use change and forestry",T_CO2E,Tonnes of CO2-equivalent,2021,,430653.74,,A,Normal value,3,Thousands,,,,,2,Two,,
DATAFLOW,OECD.ENV.EPI:DSD_AIR_GHG@DF_AIR_GHG(1.0),Air emissions - Greenhouse gas emissions Inventories,I,LTU,Lithuania,A,Annual,GHG,Greenhouse gases,T_LULU,"Total emissions including land use, land-use change and forestry",T_CO2E,Tonnes of CO2-equivalent,1990,,42786.66,,A,Normal value,3,Thousands,,,,,2,Two,,
DATAFLOW,OECD.ENV.EPI:DSD_AIR_GHG@DF_AIR_GHG(1.0),Air emissions - Greenhouse gas emissions Inventories,I,LTU,Lithuania,A,Annual,GHG,Greenhouse gases,T_LULU,"Total emissions including land use, land-use change and forestry",T_CO2E,Tonnes of CO2-equivalent,1991,,44433.21,,A,Normal value,3,Thousands,,,,,2,Two,,
DATAFLOW,OECD.ENV.EPI:DSD_AIR_GHG@DF_AIR_GHG(1.0),Air emissions - Greenhouse gas emissions Inventories,I,LTU,Lithuania,A,Annual,GHG,Greenhouse gases,T_LULU,"Total emissions including land use, land-use change and forestry",T_CO2E,Tonnes of CO2-equivalent,1992,,25627.35,,A,Normal value,3,Thousands,,,,,2,Two,,
DATAFLOW,OECD.ENV.EPI:DSD_AIR_GHG@DF_AIR_GHG(1.0),Air emissions - Greenhouse gas emissions Inventories,I,LTU,Lithuania,A,Annual,GHG,Greenhouse gases,T_LULU,"Total emissions including land use, land-use change and forestry",T_CO2E,Tonnes of CO2-equivalent,1993,,18546.49,,A,Normal value,3,Thousands,,,,,2,Two,,
DATAFLOW,OECD.ENV.EPI:DSD_AIR_GHG@DF_AIR_GHG(1.0),Air emissions - Greenhouse gas emissions Inventories,I,LTU,Lithuania,A,Annual,GHG,Greenhouse gases,T_LULU,"Total emissions including land use, land-use change and forestry",T_CO2E,Tonnes of CO2-equivalent,1994,,17642.67,,A,Normal value,3,Thousands,,,,,2,Two,,
DATAFLOW,OECD.ENV.EPI:DSD_AIR_GHG@DF_AIR_GHG(1.0),Air emissions - Greenhouse gas emissions Inventories,I,LTU,Lithuania,A,Annual,GHG,Greenhouse gases,T_LULU,"Total emissions including land use, land-use change and forestry",T_CO2E,Tonnes of CO2-equivalent,1995,,17884.82,,A,Normal value,3,Thousands,,,,,2,Two,,
DATAFLOW,OECD.ENV.EPI:DSD_AIR_GHG@DF_AIR_GHG(1.0),Air emissions - Greenhouse gas emissions Inventories,I,LTU,Lithuania,A,Annual,GHG,Greenhouse gases,T_LULU,"Total emissions including land use, land-use change and forestry",T_CO2E,Tonnes of CO2-equivalent,1996,,24403.35,,A,Normal value,3,Thousands,,,,,2,Two,,
DATAFLOW,OECD.ENV.EPI:DSD_AIR_GHG@DF_AIR_GHG(1.0),Air emissions - Greenhouse gas emissions Inventories,I,LTU,Lithuania,A,Annual,GHG,Greenhouse gases,T_LULU,"Total emissions including land use, land-use change and forestry",T_CO2E,Tonnes of CO2-equivalent,1997,,22736.13,,A,Normal value,3,Thousands,,,,,2,Two,,
DATAFLOW,OECD.ENV.EPI:DSD_AIR_GHG@DF_AIR_GHG(1.0),Air emissions - Greenhouse gas emissions Inventories,I,LTU,Lithuania,A,Annual,GHG,Greenhouse gases,T_LULU,"Total emissions including land use, land-use change and forestry",T_CO2E,Tonnes of CO2-equivalent,1998,,16038.36,,A,Normal value,3,Thousands,,,,,2,Two,,
DATAFLOW,OECD.ENV.EPI:DSD_AIR_GHG@DF_AIR_GHG(1.0),Air emissions - Greenhouse gas emissions Inventories,I,LTU,Lithuania,A,Annual,GHG,Greenhouse gases,T_LULU,"Total emissions including land use, land-use change and forestry",T_CO2E,Tonnes of CO2-equivalent,1999,,13909.37,,A,Normal value,3,Thousands,,,,,2,Two,,
DATAFLOW,OECD.ENV.EPI:DSD_AIR_GHG@DF_AIR_GHG(1.0),Air emissions - Greenhouse gas emissions Inventories,I,LTU,Lithuania,A,Annual,GHG,Greenhouse gases,T_LULU,"Total emissions including land use, land-use change and forestry",T_CO2E,Tonnes of CO2-equivalent,2000,,10013.65,,A,Normal value,3,Thousands,,,,,2,Two,,
DATAFLOW,OECD.ENV.EPI:DSD_AIR_GHG@DF_AIR_GHG(1.0),Air emissions - Greenhouse gas emissions Inventories,I,LTU,Lithuania,A,Annual,GHG,Greenhouse gases,T_LULU,"Total emissions including land use, land-use change and forestry",T_CO2E,Tonnes of CO2-equivalent,2001,,12956.86,,A,Normal value,3,Thousands,,,,,2,Two,,
DATAFLOW,OECD.ENV.EPI:DSD_AIR_GHG@DF_AIR_GHG(1.0),Air emissions - Greenhouse gas emissions Inventories,I,LTU,Lithuania,A,Annual,GHG,Greenhouse gases,T_LULU,"Total emissions including land use, land-use change and forestry",T_CO2E,Tonnes of CO2-equivalent,2002,,14269.07,,A,Normal value,3,Thousands,,,,,2,Two,,
DATAFLOW,OECD.ENV.EPI:DSD_AIR_GHG@DF_AIR_GHG(1.0),Air emissions - Greenhouse gas emissions Inventories,I,LTU,Lithuania,A,Annual,GHG,Greenhouse gases,T_LULU,"Total emissions including land use, land-use change and forestry",T_CO2E,Tonnes of CO2-equivalent,2003,,15198.97,,A,Normal value,3,Thousands,,,,,2,Two,,
DATAFLOW,OECD.ENV.EPI:DSD_AIR_GHG@DF_AIR_GHG(1.0),Air emissions - Greenhouse gas emissions Inventories,I,LTU,Lithuania,A,Annual,GHG,Greenhouse gases,T_LULU,"Total emissions including land use, land-use change and forestry",T_CO2E,Tonnes of CO2-equivalent,2004,,16545.33,,A,Normal value,3,Thousands,,,,,2,Two,,
DATAFLOW,OECD.ENV.EPI:DSD_AIR_GHG@DF_AIR_GHG(1.0),Air emissions - Greenhouse gas emissions Inventories,I,LTU,Lithuania,A,Annual,GHG,Greenhouse gases,T_LULU,"Total emissions including land use, land-use change and forestry",T_CO2E,Tonnes of CO2-equivalent,2005,,18286.99,,A,Normal value,3,Thousands,,,,,2,Two,,
DATAFLOW,OECD.ENV.EPI:DSD_AIR_GHG@DF_AIR_GHG(1.0),Air emissions - Greenhouse gas emissions Inventories,I,LTU,Lithuania,A,Annual,GHG,Greenhouse gases,T_LULU,"Total emissions including land use, land-use change and forestry",T_CO2E,Tonnes of CO2-equivalent,2006,,19029.31,,A,Normal value,3,Thousands,,,,,2,Two,,
DATAFLOW,OECD.ENV.EPI:DSD_AIR_GHG@DF_AIR_GHG(1.0),Air emissions - Greenhouse gas emissions Inventories,I,LTU,Lithuania,A,Annual,GHG,Greenhouse gases,T_LULU,"Total emissions including land use, land-use change and forestry",T_CO2E,Tonnes of CO2-equivalent,2007,,19198.76,,A,Normal value,3,Thousands,,,,,2,Two,,
DATAFLOW,OECD.ENV.EPI:DSD_AIR_GHG@DF_AIR_GHG(1.0),Air emissions - Greenhouse gas emissions Inventories,I,LTU,Lithuania,A,Annual,GHG,Greenhouse gases,T_LULU,"Total emissions including land use, land-use change and forestry",T_CO2E,Tonnes of CO2-equivalent,2008,,17583.63,,A,Normal value,3,Thousands,,,,,2,Two,,
DATAFLOW,OECD.ENV.EPI:DSD_AIR_GHG@DF_AIR_GHG(1.0),Air emissions - Greenhouse gas emissions Inventories,I,LTU,Lithuania,A,Annual,GHG,Greenhouse gases,T_LULU,"Total emissions including land use, land-use change and forestry",T_CO2E,Tonnes of CO2-equivalent,2009,,12565.93,,A,Normal value,3,Thousands,,,,,2,Two,,
DATAFLOW,OECD.ENV.EPI:DSD_AIR_GHG@DF_AIR_GHG(1.0),Air emissions - Greenhouse gas emissions Inventories,I,LTU,Lithuania,A,Annual,GHG,Greenhouse gases,T_LULU,"Total emissions including land use, land-use change and forestry",T_CO2E,Tonnes of CO2-equivalent,2010,,10376.21,,A,Normal value,3,Thousands,,,,,2,Two,,
DATAFLOW,OECD.ENV.EPI:DSD_AIR_GHG@DF_AIR_GHG(1.0),Air emissions - Greenhouse gas emissions Inventories,I,LTU,Lithuania,A,Annual,GHG,Greenhouse gases,T_LULU,"Total emissions including land use, land-use change and forestry",T_CO2E,Tonnes of CO2-equivalent,2011,,10540.59,,A,Normal value,3,Thousands,,,,,2,Two,,
DATAFLOW,OECD.ENV.EPI:DSD_AIR_GHG@DF_AIR_GHG(1.0),Air emissions - Greenhouse gas emissions Inventories,I,LTU,Lithuania,A,Annual,GHG,Greenhouse gases,T_LULU,"Total emissions including land use, land-use change and forestry",T_CO2E,Tonnes of CO2-equivalent,2012,,10893.68,,A,Normal value,3,Thousands,,,,,2,Two,,
DATAFLOW,OECD.ENV.EPI:DSD_AIR_GHG@DF_AIR_GHG(1.0),Air emissions - Greenhouse gas emissions Inventories,I,LTU,Lithuania,A,Annual,GHG,Greenhouse gases,T_LULU,"Total emissions including land use, land-use change and forestry",T_CO2E,Tonnes of CO2-equivalent,2013,,10373.87,,A,Normal value,3,Thousands,,,,,2,Two,,
DATAFLOW,OECD.ENV.EPI:DSD_AIR_GHG@DF_AIR_GHG(1.0),Air emissions - Greenhouse gas emissions Inventories,I,LTU,Lithuania,A,Annual,GHG,Greenhouse gases,T_LULU,"Total emissions including land use, land-use change and forestry",T_CO2E,Tonnes of CO2-equivalent,2014,,11071.61,,A,Normal value,3,Thousands,,,,,2,Two,,
DATAFLOW,OECD.ENV.EPI:DSD_AIR_GHG@DF_AIR_GHG(1.0),Air emissions - Greenhouse gas emissions Inventories,I,LTU,Lithuania,A,Annual,GHG,Greenhouse gases,T_LULU,"Total emissions including land use, land-use change and forestry",T_CO2E,Tonnes of CO2-equivalent,2015,,12201.64,,A,Normal value,3,Thousands,,,,,2,Two,,
DATAFLOW,OECD.ENV.EPI:DSD_AIR_GHG@DF_AIR_GHG(1.0),Air emissions - Greenhouse gas emissions Inventories,I,LTU,Lithuania,A,Annual,GHG,Greenhouse gases,T_LULU,"Total emissions including land use, land-use change and forestry",T_CO2E,Tonnes of CO2-equivalent,2016,,13084.87,,A,Normal value,3,Thousands,,,,,2,Two,,
DATAFLOW,OECD.ENV.EPI:DSD_AIR_GHG@DF_AIR_GHG(1.0),Air emissions - Greenhouse gas emissions Inventories,I,LTU,Lithuania,A,Annual,GHG,Greenhouse gases,T_LULU,"Total emissions including land use, land-use change and forestry",T_CO2E,Tonnes of CO2-equivalent,2017,,13793.28,,A,Normal value,3,Thousands,,,,,2,Two,,
DATAFLOW,OECD.ENV.EPI:DSD_AIR_GHG@DF_AIR_GHG(1.0),Air emissions - Greenhouse gas emissions Inventories,I,LTU,Lithuania,A,Annual,GHG,Greenhouse gases,T_LULU,"Total emissions including land use, land-use change and forestry",T_CO2E,Tonnes of CO2-equivalent,2018,,14430.51,,A,Normal value,3,Thousands,,,,,2,Two,,
DATAFLOW,OECD.ENV.EPI:DSD_AIR_GHG@DF_AIR_GHG(1.0),Air emissions - Greenhouse gas emissions Inventories,I,LTU,Lithuania,A,Annual,GHG,Greenhouse gases,T_LULU,"Total emissions including land use, land-use change and forestry",T_CO2E,Tonnes of CO2-equivalent,2019,,14361.95,,A,Normal value,3,Thousands,,,,,2,Two,,
DATAFLOW,OECD.ENV.EPI:DSD_AIR_GHG@DF_AIR_GHG(1.0),Air emissions - Greenhouse gas emissions Inventories,I,LTU,Lithuania,A,Annual,GHG,Greenhouse gases,T_LULU,"Total emissions including land use, land-use change and forestry",T_CO2E,Tonnes of CO2-equivalent,2020,,13529.66,,A,Normal value,3,Thousands,,,,,2,Two,,
DATAFLOW,OECD.ENV.EPI:DSD_AIR_GHG@DF_AIR_GHG(1.0),Air emissions - Greenhouse gas emissions Inventories,I,LTU,Lithuania,A,Annual,GHG,Greenhouse gases,T_LULU,"Total emissions including land use, land-use change and forestry",T_CO2E,Tonnes of CO2-equivalent,2021,,14160.62,,A,Normal value,3,Thousands,,,,,2,Two,,
DATAFLOW,OECD.ENV.EPI:DSD_AIR_GHG@DF_AIR_GHG(1.0),Air emissions - Greenhouse gas emissions Inventories,I,DNK,Denmark,A,Annual,GHG,Greenhouse gases,T_LULU,"Total emissions including land use, land-use change and forestry",T_CO2E,Tonnes of CO2-equivalent,1990,,78751.96,,A,Normal value,3,Thousands,,,,,2,Two,,
DATAFLOW,OECD.ENV.EPI:DSD_AIR_GHG@DF_AIR_GHG(1.0),Air emissions - Greenhouse gas emissions Inventories,I,DNK,Denmark,A,Annual,GHG,Greenhouse gases,T_LULU,"Total emissions including land use, land-use change and forestry",T_CO2E,Tonnes of CO2-equivalent,1991,,88679.79,,A,Normal value,3,Thousands,,,,,2,Two,,
DATAFLOW,OECD.ENV.EPI:DSD_AIR_GHG@DF_AIR_GHG(1.0),Air emissions - Greenhouse gas emissions Inventories,I,DNK,Denmark,A,Annual,GHG,Greenhouse gases,T_LULU,"Total emissions including land use, land-use change and forestry",T_CO2E,Tonnes of CO2-equivalent,1992,,83690.06,,A,Normal value,3,Thousands,,,,,2,Two,,
DATAFLOW,OECD.ENV.EPI:DSD_AIR_GHG@DF_AIR_GHG(1.0),Air emissions - Greenhouse gas emissions Inventories,I,DNK,Denmark,A,Annual,GHG,Greenhouse gases,T_LULU,"Total emissions including land use, land-use change and forestry",T_CO2E,Tonnes of CO2-equivalent,1993,,84506.06,,A,Normal value,3,Thousands,,,,,2,Two,,
DATAFLOW,OECD.ENV.EPI:DSD_AIR_GHG@DF_AIR_GHG(1.0),Air emissions - Greenhouse gas emissions Inventories,I,DNK,Denmark,A,Annual,GHG,Greenhouse gases,T_LULU,"Total emissions including land use, land-use change and forestry",T_CO2E,Tonnes of CO2-equivalent,1994,,87979.88,,A,Normal value,3,Thousands,,,,,2,Two,,
DATAFLOW,OECD.ENV.EPI:DSD_AIR_GHG@DF_AIR_GHG(1.0),Air emissions - Greenhouse gas emissions Inventories,I,DNK,Denmark,A,Annual,GHG,Greenhouse gases,T_LULU,"Total emissions including land use, land-use change and forestry",T_CO2E,Tonnes of CO2-equivalent,1995,,85210.53,,A,Normal value,3,Thousands,,,,,2,Two,,
DATAFLOW,OECD.ENV.EPI:DSD_AIR_GHG@DF_AIR_GHG(1.0),Air emissions - Greenhouse gas emissions Inventories,I,DNK,Denmark,A,Annual,GHG,Greenhouse gases,T_LULU,"Total emissions including land use, land-use change and forestry",T_CO2E,Tonnes of CO2-equivalent,1996,,97733.59,,A,Normal value,3,Thousands,,,,,2,Two,,
DATAFLOW,OECD.ENV.EPI:DSD_AIR_GHG@DF_AIR_GHG(1.0),Air emissions - Greenhouse gas emissions Inventories,I,DNK,Denmark,A,Annual,GHG,Greenhouse gases,T_LULU,"Total emissions including land use, land-use change and forestry",T_CO2E,Tonnes of CO2-equivalent,1997,,88676.4,,A,Normal value,3,Thousands,,,,,2,Two,,
DATAFLOW,OECD.ENV.EPI:DSD_AIR_GHG@DF_AIR_GHG(1.0),Air emissions - Greenhouse gas emissions Inventories,I,DNK,Denmark,A,Annual,GHG,Greenhouse gases,T_LULU,"Total emissions including land use, land-use change and forestry",T_CO2E,Tonnes of CO2-equivalent,1998,,84609.3,,A,Normal value,3,Thousands,,,,,2,Two,,
DATAFLOW,OECD.ENV.EPI:DSD_AIR_GHG@DF_AIR_GHG(1.0),Air emissions - Greenhouse gas emissions Inventories,I,DNK,Denmark,A,Annual,GHG,Greenhouse gases,T_LULU,"Total emissions including land use, land-use change and forestry",T_CO2E,Tonnes of CO2-equivalent,1999,,82274.18,,A,Normal value,3,Thousands,,,,,2,Two,,
DATAFLOW,OECD.ENV.EPI:DSD_AIR_GHG@DF_AIR_GHG(1.0),Air emissions - Greenhouse gas emissions Inventories,I,DNK,Denmark,A,Annual,GHG,Greenhouse gases,T_LULU,"Total emissions including land use, land-use change and forestry",T_CO2E,Tonnes of CO2-equivalent,2000,,77865.83,,A,Normal value,3,Thousands,,,,,2,Two,,
DATAFLOW,OECD.ENV.EPI:DSD_AIR_GHG@DF_AIR_GHG(1.0),Air emissions - Greenhouse gas emissions Inventories,I,DNK,Denmark,A,Annual,GHG,Greenhouse gases,T_LULU,"Total emissions including land use, land-use change and forestry",T_CO2E,Tonnes of CO2-equivalent,2001,,79111.73,,A,Normal value,3,Thousands,,,,,2,Two,,
DATAFLOW,OECD.ENV.EPI:DSD_AIR_GHG@DF_AIR_GHG(1.0),Air emissions - Greenhouse gas emissions Inventories,I,DNK,Denmark,A,Annual,GHG,Greenhouse gases,T_LULU,"Total emissions including land use, land-use change and forestry",T_CO2E,Tonnes of CO2-equivalent,2002,,79600.77,,A,Normal value,3,Thousands,,,,,2,Two,,
DATAFLOW,OECD.ENV.EPI:DSD_AIR_GHG@DF_AIR_GHG(1.0),Air emissions - Greenhouse gas emissions Inventories,I,DNK,Denmark,A,Annual,GHG,Greenhouse gases,T_LULU,"Total emissions including land use, land-use change and forestry",T_CO2E,Tonnes of CO2-equivalent,2003,,84476.16,,A,Normal value,3,Thousands,,,,,2,Two,,
DATAFLOW,OECD.ENV.EPI:DSD_AIR_GHG@DF_AIR_GHG(1.0),Air emissions - Greenhouse gas emissions Inventories,I,DNK,Denmark,A,Annual,GHG,Greenhouse gases,T_LULU,"Total emissions including land use, land-use change and forestry",T_CO2E,Tonnes of CO2-equivalent,2004,,78273.99,,A,Normal value,3,Thousands,,,,,2,Two,,
DATAFLOW,OECD.ENV.EPI:DSD_AIR_GHG@DF_AIR_GHG(1.0),Air emissions - Greenhouse gas emissions Inventories,I,DNK,Denmark,A,Annual,GHG,Greenhouse gases,T_LULU,"Total emissions including land use, land-use change and forestry",T_CO2E,Tonnes of CO2-equivalent,2005,,73928.18,,A,Normal value,3,Thousands,,,,,2,Two,,
DATAFLOW,OECD.ENV.EPI:DSD_AIR_GHG@DF_AIR_GHG(1.0),Air emissions - Greenhouse gas emissions Inventories,I,DNK,Denmark,A,Annual,GHG,Greenhouse gases,T_LULU,"Total emissions including land use, land-use change and forestry",T_CO2E,Tonnes of CO2-equivalent,2006,,81844.05,,A,Normal value,3,Thousands,,,,,2,Two,,
DATAFLOW,OECD.ENV.EPI:DSD_AIR_GHG@DF_AIR_GHG(1.0),Air emissions - Greenhouse gas emissions Inventories,I,DNK,Denmark,A,Annual,GHG,Greenhouse gases,T_LULU,"Total emissions including land use, land-use change and forestry",T_CO2E,Tonnes of CO2-equivalent,2007,,77515.77,,A,Normal value,3,Thousands,,,,,2,Two,,
DATAFLOW,OECD.ENV.EPI:DSD_AIR_GHG@DF_AIR_GHG(1.0),Air emissions - Greenhouse gas emissions Inventories,I,DNK,Denmark,A,Annual,GHG,Greenhouse gases,T_LULU,"Total emissions including land use, land-use change and forestry",T_CO2E,Tonnes of CO2-equivalent,2008,,72491.09,,A,Normal value,3,Thousands,,,,,2,Two,,
DATAFLOW,OECD.ENV.EPI:DSD_AIR_GHG@DF_AIR_GHG(1.0),Air emissions - Greenhouse gas emissions Inventories,I,DNK,Denmark,A,Annual,GHG,Greenhouse gases,T_LULU,"Total emissions including land use, land-use change and forestry",T_CO2E,Tonnes of CO2-equivalent,2009,,69028.48,,A,Normal value,3,Thousands,,,,,2,Two,,
DATAFLOW,OECD.ENV.EPI:DSD_AIR_GHG@DF_AIR_GHG(1.0),Air emissions - Greenhouse gas emissions Inventories,I,DNK,Denmark,A,Annual,GHG,Greenhouse gases,T_LULU,"Total emissions including land use, land-use change and forestry",T_CO2E,Tonnes of CO2-equivalent,2010,,68410.61,,A,Normal value,3,Thousands,,,,,2,Two,,
DATAFLOW,OECD.ENV.EPI:DSD_AIR_GHG@DF_AIR_GHG(1.0),Air emissions - Greenhouse gas emissions Inventories,I,DNK,Denmark,A,Annual,GHG,Greenhouse gases,T_LULU,"Total emissions including land use, land-use change and forestry",T_CO2E,Tonnes of CO2-equivalent,2011,,62653.24,,A,Normal value,3,Thousands,,,,,2,Two,,
DATAFLOW,OECD.ENV.EPI:DSD_AIR_GHG@DF_AIR_GHG(1.0),Air emissions - Greenhouse gas emissions Inventories,I,DNK,Denmark,A,Annual,GHG,Greenhouse gases,T_LULU,"Total emissions including land use, land-use change and forestry",T_CO2E,Tonnes of CO2-equivalent,2012,,57622.5,,A,Normal value,3,Thousands,,,,,2,Two,,
DATAFLOW,OECD.ENV.EPI:DSD_AIR_GHG@DF_AIR_GHG(1.0),Air emissions - Greenhouse gas emissions Inventories,I,DNK,Denmark,A,Annual,GHG,Greenhouse gases,T_LULU,"Total emissions including land use, land-use change and forestry",T_CO2E,Tonnes of CO2-equivalent,2013,,58978.12,,A,Normal value,3,Thousands,,,,,2,Two,,
DATAFLOW,OECD.ENV.EPI:DSD_AIR_GHG@DF_AIR_GHG(1.0),Air emissions - Greenhouse gas emissions Inventories,I,DNK,Denmark,A,Annual,GHG,Greenhouse gases,T_LULU,"Total emissions including land use, land-use change and forestry",T_CO2E,Tonnes of CO2-equivalent,2014,,55518.81,,A,Normal value,3,Thousands,,,,,2,Two,,
DATAFLOW,OECD.ENV.EPI:DSD_AIR_GHG@DF_AIR_GHG(1.0),Air emissions - Greenhouse gas emissions Inventories,I,DNK,Denmark,A,Annual,GHG,Greenhouse gases,T_LULU,"Total emissions including land use, land-use change and forestry",T_CO2E,Tonnes of CO2-equivalent,2015,,51719.93,,A,Normal value,3,Thousands,,,,,2,Two,,
DATAFLOW,OECD.ENV.EPI:DSD_AIR_GHG@DF_AIR_GHG(1.0),Air emissions - Greenhouse gas emissions Inventories,I,DNK,Denmark,A,Annual,GHG,Greenhouse gases,T_LULU,"Total emissions including land use, land-use change and forestry",T_CO2E,Tonnes of CO2-equivalent,2016,,54873.11,,A,Normal value,3,Thousands,,,,,2,Two,,
DATAFLOW,OECD.ENV.EPI:DSD_AIR_GHG@DF_AIR_GHG(1.0),Air emissions - Greenhouse gas emissions Inventories,I,DNK,Denmark,A,Annual,GHG,Greenhouse gases,T_LULU,"Total emissions including land use, land-use change and forestry",T_CO2E,Tonnes of CO2-equivalent,2017,,52690.41,,A,Normal value,3,Thousands,,,,,2,Two,,
DATAFLOW,OECD.ENV.EPI:DSD_AIR_GHG@DF_AIR_GHG(1.0),Air emissions - Greenhouse gas emissions Inventories,I,DNK,Denmark,A,Annual,GHG,Greenhouse gases,T_LULU,"Total emissions including land use, land-use change and forestry",T_CO2E,Tonnes of CO2-equivalent,2018,,54547.11,,A,Normal value,3,Thousands,,,,,2,Two,,
DATAFLOW,OECD.ENV.EPI:DSD_AIR_GHG@DF_AIR_GHG(1.0),Air emissions - Greenhouse gas emissions Inventories,I,DNK,Denmark,A,Annual,GHG,Greenhouse gases,T_LULU,"Total emissions including land use, land-use change and forestry",T_CO2E,Tonnes of CO2-equivalent,2019,,49931.69,,A,Normal value,3,Thousands,,,,,2,Two,,
DATAFLOW,OECD.ENV.EPI:DSD_AIR_GHG@DF_AIR_GHG(1.0),Air emissions - Greenhouse gas emissions Inventories,I,DNK,Denmark,A,Annual,GHG,Greenhouse gases,T_LULU,"Total emissions including land use, land-use change and forestry",T_CO2E,Tonnes of CO2-equivalent,2020,,47621.76,,A,Normal value,3,Thousands,,,,,2,Two,,
DATAFLOW,OECD.ENV.EPI:DSD_AIR_GHG@DF_AIR_GHG(1.0),Air emissions - Greenhouse gas emissions Inventories,I,DNK,Denmark,A,Annual,GHG,Greenhouse gases,T_LULU,"Total emissions including land use, land-use change and forestry",T_CO2E,Tonnes of CO2-equivalent,2021,,47971.93,,A,Normal value,3,Thousands,,,,,2,Two,,
DATAFLOW,OECD.ENV.EPI:DSD_AIR_GHG@DF_AIR_GHG(1.0),Air emissions - Greenhouse gas emissions Inventories,I,FIN,Finland,A,Annual,GHG,Greenhouse gases,T_LULU,"Total emissions including land use, land-use change and forestry",T_CO2E,Tonnes of CO2-equivalent,1990,,45280.9,,A,Normal value,3,Thousands,,,,,2,Two,,
DATAFLOW,OECD.ENV.EPI:DSD_AIR_GHG@DF_AIR_GHG(1.0),Air emissions - Greenhouse gas emissions Inventories,I,FIN,Finland,A,Annual,GHG,Greenhouse gases,T_LULU,"Total emissions including land use, land-use change and forestry",T_CO2E,Tonnes of CO2-equivalent,1991,,30804.02,,A,Normal value,3,Thousands,,,,,2,Two,,
DATAFLOW,OECD.ENV.EPI:DSD_AIR_GHG@DF_AIR_GHG(1.0),Air emissions - Greenhouse gas emissions Inventories,I,FIN,Finland,A,Annual,GHG,Greenhouse gases,T_LULU,"Total emissions including land use, land-use change and forestry",T_CO2E,Tonnes of CO2-equivalent,1992,,35430.32,,A,Normal value,3,Thousands,,,,,2,Two,,
DATAFLOW,OECD.ENV.EPI:DSD_AIR_GHG@DF_AIR_GHG(1.0),Air emissions - Greenhouse gas emissions Inventories,I,FIN,Finland,A,Annual,GHG,Greenhouse gases,T_LULU,"Total emissions including land use, land-use change and forestry",T_CO2E,Tonnes of CO2-equivalent,1993,,36979.49,,A,Normal value,3,Thousands,,,,,2,Two,,
DATAFLOW,OECD.ENV.EPI:DSD_AIR_GHG@DF_AIR_GHG(1.0),Air emissions - Greenhouse gas emissions Inventories,I,FIN,Finland,A,Annual,GHG,Greenhouse gases,T_LULU,"Total emissions including land use, land-use change and forestry",T_CO2E,Tonnes of CO2-equivalent,1994,,49335.9,,A,Normal value,3,Thousands,,,,,2,Two,,
DATAFLOW,OECD.ENV.EPI:DSD_AIR_GHG@DF_AIR_GHG(1.0),Air emissions - Greenhouse gas emissions Inventories,I,FIN,Finland,A,Annual,GHG,Greenhouse gases,T_LULU,"Total emissions including land use, land-use change and forestry",T_CO2E,Tonnes of CO2-equivalent,1995,,46913.53,,A,Normal value,3,Thousands,,,,,2,Two,,
DATAFLOW,OECD.ENV.EPI:DSD_AIR_GHG@DF_AIR_GHG(1.0),Air emissions - Greenhouse gas emissions Inventories,I,FIN,Finland,A,Annual,GHG,Greenhouse gases,T_LULU,"Total emissions including land use, land-use change and forestry",T_CO2E,Tonnes of CO2-equivalent,1996,,46536.56,,A,Normal value,3,Thousands,,,,,2,Two,,
DATAFLOW,OECD.ENV.EPI:DSD_AIR_GHG@DF_AIR_GHG(1.0),Air emissions - Greenhouse gas emissions Inventories,I,FIN,Finland,A,Annual,GHG,Greenhouse gases,T_LULU,"Total emissions including land use, land-use change and forestry",T_CO2E,Tonnes of CO2-equivalent,1997,,49804.72,,A,Normal value,3,Thousands,,,,,2,Two,,
DATAFLOW,OECD.ENV.EPI:DSD_AIR_GHG@DF_AIR_GHG(1.0),Air emissions - Greenhouse gas emissions Inventories,I,FIN,Finland,A,Annual,GHG,Greenhouse gases,T_LULU,"Total emissions including land use, land-use change and forestry",T_CO2E,Tonnes of CO2-equivalent,1998,,48104.05,,A,Normal value,3,Thousands,,,,,2,Two,,
DATAFLOW,OECD.ENV.EPI:DSD_AIR_GHG@DF_AIR_GHG(1.0),Air emissions - Greenhouse gas emissions Inventories,I,FIN,Finland,A,Annual,GHG,Greenhouse gases,T_LULU,"Total emissions including land use, land-use change and forestry",T_CO2E,Tonnes of CO2-equivalent,1999,,47177.08,,A,Normal value,3,Thousands,,,,,2,Two,,
DATAFLOW,OECD.ENV.EPI:DSD_AIR_GHG@DF_AIR_GHG(1.0),Air emissions - Greenhouse gas emissions Inventories,I,FIN,Finland,A,Annual,GHG,Greenhouse gases,T_LULU,"Total emissions including land use, land-use change and forestry",T_CO2E,Tonnes of CO2-equivalent,2000,,45685.4,,A,Normal value,3,Thousands,,,,,2,Two,,
DATAFLOW,OECD.ENV.EPI:DSD_AIR_GHG@DF_AIR_GHG(1.0),Air emissions - Greenhouse gas emissions Inventories,I,FIN,Finland,A,Annual,GHG,Greenhouse gases,T_LULU,"Total emissions including land use, land-use change and forestry",T_CO2E,Tonnes of CO2-equivalent,2001,,50293.4,,A,Normal value,3,Thousands,,,,,2,Two,,
DATAFLOW,OECD.ENV.EPI:DSD_AIR_GHG@DF_AIR_GHG(1.0),Air emissions - Greenhouse gas emissions Inventories,I,FIN,Finland,A,Annual,GHG,Greenhouse gases,T_LULU,"Total emissions including land use, land-use change and forestry",T_CO2E,Tonnes of CO2-equivalent,2002,,51539.38,,A,Normal value,3,Thousands,,,,,2,Two,,
DATAFLOW,OECD.ENV.EPI:DSD_AIR_GHG@DF_AIR_GHG(1.0),Air emissions - Greenhouse gas emissions Inventories,I,FIN,Finland,A,Annual,GHG,Greenhouse gases,T_LULU,"Total emissions including land use, land-use change and forestry",T_CO2E,Tonnes of CO2-equivalent,2003,,58622.64,,A,Normal value,3,Thousands,,,,,2,Two,,
DATAFLOW,OECD.ENV.EPI:DSD_AIR_GHG@DF_AIR_GHG(1.0),Air emissions - Greenhouse gas emissions Inventories,I,FIN,Finland,A,Annual,GHG,Greenhouse gases,T_LULU,"Total emissions including land use, land-use change and forestry",T_CO2E,Tonnes of CO2-equivalent,2004,,53365.79,,A,Normal value,3,Thousands,,,,,2,Two,,
DATAFLOW,OECD.ENV.EPI:DSD_AIR_GHG@DF_AIR_GHG(1.0),Air emissions - Greenhouse gas emissions Inventories,I,FIN,Finland,A,Annual,GHG,Greenhouse gases,T_LULU,"Total emissions including land use, land-use change and forestry",T_CO2E,Tonnes of CO2-equivalent,2005,,41256.92,,A,Normal value,3,Thousands,,,,,2,Two,,
DATAFLOW,OECD.ENV.EPI:DSD_AIR_GHG@DF_AIR_GHG(1.0),Air emissions - Greenhouse gas emissions Inventories,I,FIN,Finland,A,Annual,GHG,Greenhouse gases,T_LULU,"Total emissions including land use, land-use change and forestry",T_CO2E,Tonnes of CO2-equivalent,2006,,48761.35,,A,Normal value,3,Thousands,,,,,2,Two,,
DATAFLOW,OECD.ENV.EPI:DSD_AIR_GHG@DF_AIR_GHG(1.0),Air emissions - Greenhouse gas emissions Inventories,I,FIN,Finland,A,Annual,GHG,Greenhouse gases,T_LULU,"Total emissions including land use, land-use change and forestry",T_CO2E,Tonnes of CO2-equivalent,2007,,56730.91,,A,Normal value,3,Thousands,,,,,2,Two,,
DATAFLOW,OECD.ENV.EPI:DSD_AIR_GHG@DF_AIR_GHG(1.0),Air emissions - Greenhouse gas emissions Inventories,I,FIN,Finland,A,Annual,GHG,Greenhouse gases,T_LULU,"Total emissions including land use, land-use change and forestry",T_CO2E,Tonnes of CO2-equivalent,2008,,45999.69,,A,Normal value,3,Thousands,,,,,2,Two,,
DATAFLOW,OECD.ENV.EPI:DSD_AIR_GHG@DF_AIR_GHG(1.0),Air emissions - Greenhouse gas emissions Inventories,I,FIN,Finland,A,Annual,GHG,Greenhouse gases,T_LULU,"Total emissions including land use, land-use change and forestry",T_CO2E,Tonnes of CO2-equivalent,2009,,30144.8,,A,Normal value,3,Thousands,,,,,2,Two,,
DATAFLOW,OECD.ENV.EPI:DSD_AIR_GHG@DF_AIR_GHG(1.0),Air emissions - Greenhouse gas emissions Inventories,I,FIN,Finland,A,Annual,GHG,Greenhouse gases,T_LULU,"Total emissions including land use, land-use change and forestry",T_CO2E,Tonnes of CO2-equivalent,2010,,49529.48,,A,Normal value,3,Thousands,,,,,2,Two,,
DATAFLOW,OECD.ENV.EPI:DSD_AIR_GHG@DF_AIR_GHG(1.0),Air emissions - Greenhouse gas emissions Inventories,I,FIN,Finland,A,Annual,GHG,Greenhouse gases,T_LULU,"Total emissions including land use, land-use change and forestry",T_CO2E,Tonnes of CO2-equivalent,2011,,42513.22,,A,Normal value,3,Thousands,,,,,2,Two,,
DATAFLOW,OECD.ENV.EPI:DSD_AIR_GHG@DF_AIR_GHG(1.0),Air emissions - Greenhouse gas emissions Inventories,I,FIN,Finland,A,Annual,GHG,Greenhouse gases,T_LULU,"Total emissions including land use, land-use change and forestry",T_CO2E,Tonnes of CO2-equivalent,2012,,35208.58,,A,Normal value,3,Thousands,,,,,2,Two,,
DATAFLOW,OECD.ENV.EPI:DSD_AIR_GHG@DF_AIR_GHG(1.0),Air emissions - Greenhouse gas emissions Inventories,I,FIN,Finland,A,Annual,GHG,Greenhouse gases,T_LULU,"Total emissions including land use, land-use change and forestry",T_CO2E,Tonnes of CO2-equivalent,2013,,42427.87,,A,Normal value,3,Thousands,,,,,2,Two,,
DATAFLOW,OECD.ENV.EPI:DSD_AIR_GHG@DF_AIR_GHG(1.0),Air emissions - Greenhouse gas emissions Inventories,I,FIN,Finland,A,Annual,GHG,Greenhouse gases,T_LULU,"Total emissions including land use, land-use change and forestry",T_CO2E,Tonnes of CO2-equivalent,2014,,37758.79,,A,Normal value,3,Thousands,,,,,2,Two,,
DATAFLOW,OECD.ENV.EPI:DSD_AIR_GHG@DF_AIR_GHG(1.0),Air emissions - Greenhouse gas emissions Inventories,I,FIN,Finland,A,Annual,GHG,Greenhouse gases,T_LULU,"Total emissions including land use, land-use change and forestry",T_CO2E,Tonnes of CO2-equivalent,2015,,38309.68,,A,Normal value,3,Thousands,,,,,2,Two,,
DATAFLOW,OECD.ENV.EPI:DSD_AIR_GHG@DF_AIR_GHG(1.0),Air emissions - Greenhouse gas emissions Inventories,I,FIN,Finland,A,Annual,GHG,Greenhouse gases,T_LULU,"Total emissions including land use, land-use change and forestry",T_CO2E,Tonnes of CO2-equivalent,2016,,44419.57,,A,Normal value,3,Thousands,,,,,2,Two,,
DATAFLOW,OECD.ENV.EPI:DSD_AIR_GHG@DF_AIR_GHG(1.0),Air emissions - Greenhouse gas emissions Inventories,I,FIN,Finland,A,Annual,GHG,Greenhouse gases,T_LULU,"Total emissions including land use, land-use change and forestry",T_CO2E,Tonnes of CO2-equivalent,2017,,44007.42,,A,Normal value,3,Thousands,,,,,2,Two,,
DATAFLOW,OECD.ENV.EPI:DSD_AIR_GHG@DF_AIR_GHG(1.0),Air emissions - Greenhouse gas emissions Inventories,I,FIN,Finland,A,Annual,GHG,Greenhouse gases,T_LULU,"Total emissions including land use, land-use change and forestry",T_CO2E,Tonnes of CO2-equivalent,2018,,54150.5,,A,Normal value,3,Thousands,,,,,2,Two,,
DATAFLOW,OECD.ENV.EPI:DSD_AIR_GHG@DF_AIR_GHG(1.0),Air emissions - Greenhouse gas emissions Inventories,I,FIN,Finland,A,Annual,GHG,Greenhouse gases,T_LULU,"Total emissions including land use, land-use change and forestry",T_CO2E,Tonnes of CO2-equivalent,2019,,46009.78,,A,Normal value,3,Thousands,,,,,2,Two,,
DATAFLOW,OECD.ENV.EPI:DSD_AIR_GHG@DF_AIR_GHG(1.0),Air emissions - Greenhouse gas emissions Inventories,I,FIN,Finland,A,Annual,GHG,Greenhouse gases,T_LULU,"Total emissions including land use, land-use change and forestry",T_CO2E,Tonnes of CO2-equivalent,2020,,38643.31,,A,Normal value,3,Thousands,,,,,2,Two,,
DATAFLOW,OECD.ENV.EPI:DSD_AIR_GHG@DF_AIR_GHG(1.0),Air emissions - Greenhouse gas emissions Inventories,I,FIN,Finland,A,Annual,GHG,Greenhouse gases,T_LULU,"Total emissions including land use, land-use change and forestry",T_CO2E,Tonnes of CO2-equivalent,2021,,48286.1,,A,Normal value,3,Thousands,,,,,2,Two,,
DATAFLOW,OECD.ENV.EPI:DSD_AIR_GHG@DF_AIR_GHG(1.0),Air emissions - Greenhouse gas emissions Inventories,I,MEX,Mexico,A,Annual,GHG,Greenhouse gases,T_LULU,"Total emissions including land use, land-use change and forestry",T_CO2E,Tonnes of CO2-equivalent,1990,,467413.1237966,,A,Normal value,3,Thousands,,,,,2,Two,,
DATAFLOW,OECD.ENV.EPI:DSD_AIR_GHG@DF_AIR_GHG(1.0),Air emissions - Greenhouse gas emissions Inventories,I,MEX,Mexico,A,Annual,GHG,Greenhouse gases,T_LULU,"Total emissions including land use, land-use change and forestry",T_CO2E,Tonnes of CO2-equivalent,1991,,477528.92912978,,A,Normal value,3,Thousands,,,,,2,Two,,
DATAFLOW,OECD.ENV.EPI:DSD_AIR_GHG@DF_AIR_GHG(1.0),Air emissions - Greenhouse gas emissions Inventories,I,MEX,Mexico,A,Annual,GHG,Greenhouse gases,T_LULU,"Total emissions including land use, land-use change and forestry",T_CO2E,Tonnes of CO2-equivalent,1992,,479929.69293002,,A,Normal value,3,Thousands,,,,,2,Two,,
DATAFLOW,OECD.ENV.EPI:DSD_AIR_GHG@DF_AIR_GHG(1.0),Air emissions - Greenhouse gas emissions Inventories,I,MEX,Mexico,A,Annual,GHG,Greenhouse gases,T_LULU,"Total emissions including land use, land-use change and forestry",T_CO2E,Tonnes of CO2-equivalent,1993,,483660.29160314,,A,Normal value,3,Thousands,,,,,2,Two,,
DATAFLOW,OECD.ENV.EPI:DSD_AIR_GHG@DF_AIR_GHG(1.0),Air emissions - Greenhouse gas emissions Inventories,I,MEX,Mexico,A,Annual,GHG,Greenhouse gases,T_LULU,"Total emissions including land use, land-use change and forestry",T_CO2E,Tonnes of CO2-equivalent,1994,,513962.00058197,,A,Normal value,3,Thousands,,,,,2,Two,,
DATAFLOW,OECD.ENV.EPI:DSD_AIR_GHG@DF_AIR_GHG(1.0),Air emissions - Greenhouse gas emissions Inventories,I,MEX,Mexico,A,Annual,GHG,Greenhouse gases,T_LULU,"Total emissions including land use, land-use change and forestry",T_CO2E,Tonnes of CO2-equivalent,1995,,503565.2516323,,A,Normal value,3,Thousands,,,,,2,Two,,
DATAFLOW,OECD.ENV.EPI:DSD_AIR_GHG@DF_AIR_GHG(1.0),Air emissions - Greenhouse gas emissions Inventories,I,MEX,Mexico,A,Annual,GHG,Greenhouse gases,T_LULU,"Total emissions including land use, land-use change and forestry",T_CO2E,Tonnes of CO2-equivalent,1996,,520544.40418727,,A,Normal value,3,Thousands,,,,,2,Two,,
DATAFLOW,OECD.ENV.EPI:DSD_AIR_GHG@DF_AIR_GHG(1.0),Air emissions - Greenhouse gas emissions Inventories,I,MEX,Mexico,A,Annual,GHG,Greenhouse gases,T_LULU,"Total emissions including land use, land-use change and forestry",T_CO2E,Tonnes of CO2-equivalent,1997,,545797.28223517,,A,Normal value,3,Thousands,,,,,2,Two,,
DATAFLOW,OECD.ENV.EPI:DSD_AIR_GHG@DF_AIR_GHG(1.0),Air emissions - Greenhouse gas emissions Inventories,I,MEX,Mexico,A,Annual,GHG,Greenhouse gases,T_LULU,"Total emissions including land use, land-use change and forestry",T_CO2E,Tonnes of CO2-equivalent,1998,,569164.53173994,,A,Normal value,3,Thousands,,,,,2,Two,,
DATAFLOW,OECD.ENV.EPI:DSD_AIR_GHG@DF_AIR_GHG(1.0),Air emissions - Greenhouse gas emissions Inventories,I,MEX,Mexico,A,Annual,GHG,Greenhouse gases,T_LULU,"Total emissions including land use, land-use change and forestry",T_CO2E,Tonnes of CO2-equivalent,1999,,557365.51284705,,A,Normal value,3,Thousands,,,,,2,Two,,
DATAFLOW,OECD.ENV.EPI:DSD_AIR_GHG@DF_AIR_GHG(1.0),Air emissions - Greenhouse gas emissions Inventories,I,MEX,Mexico,A,Annual,GHG,Greenhouse gases,T_LULU,"Total emissions including land use, land-use change and forestry",T_CO2E,Tonnes of CO2-equivalent,2000,,369924.81543438,,A,Normal value,3,Thousands,,,,,2,Two,,
DATAFLOW,OECD.ENV.EPI:DSD_AIR_GHG@DF_AIR_GHG(1.0),Air emissions - Greenhouse gas emissions Inventories,I,MEX,Mexico,A,Annual,GHG,Greenhouse gases,T_LULU,"Total emissions including land use, land-use change and forestry",T_CO2E,Tonnes of CO2-equivalent,2001,,371241.3981392,,A,Normal value,3,Thousands,,,,,2,Two,,
DATAFLOW,OECD.ENV.EPI:DSD_AIR_GHG@DF_AIR_GHG(1.0),Air emissions - Greenhouse gas emissions Inventories,I,MEX,Mexico,A,Annual,GHG,Greenhouse gases,T_LULU,"Total emissions including land use, land-use change and forestry",T_CO2E,Tonnes of CO2-equivalent,2002,,407964.74408295,,A,Normal value,3,Thousands,,,,,2,Two,,
DATAFLOW,OECD.ENV.EPI:DSD_AIR_GHG@DF_AIR_GHG(1.0),Air emissions - Greenhouse gas emissions Inventories,I,MEX,Mexico,A,Annual,GHG,Greenhouse gases,T_LULU,"Total emissions including land use, land-use change and forestry",T_CO2E,Tonnes of CO2-equivalent,2003,,405714.97417105,,A,Normal value,3,Thousands,,,,,2,Two,,
DATAFLOW,OECD.ENV.EPI:DSD_AIR_GHG@DF_AIR_GHG(1.0),Air emissions - Greenhouse gas emissions Inventories,I,MEX,Mexico,A,Annual,GHG,Greenhouse gases,T_LULU,"Total emissions including land use, land-use change and forestry",T_CO2E,Tonnes of CO2-equivalent,2004,,420627.80557531,,A,Normal value,3,Thousands,,,,,2,Two,,
DATAFLOW,OECD.ENV.EPI:DSD_AIR_GHG@DF_AIR_GHG(1.0),Air emissions - Greenhouse gas emissions Inventories,I,MEX,Mexico,A,Annual,GHG,Greenhouse gases,T_LULU,"Total emissions including land use, land-use change and forestry",T_CO2E,Tonnes of CO2-equivalent,2005,,437015.31659212,,A,Normal value,3,Thousands,,,,,2,Two,,
DATAFLOW,OECD.ENV.EPI:DSD_AIR_GHG@DF_AIR_GHG(1.0),Air emissions - Greenhouse gas emissions Inventories,I,MEX,Mexico,A,Annual,GHG,Greenhouse gases,T_LULU,"Total emissions including land use, land-use change and forestry",T_CO2E,Tonnes of CO2-equivalent,2006,,449187.77919023,,A,Normal value,3,Thousands,,,,,2,Two,,
DATAFLOW,OECD.ENV.EPI:DSD_AIR_GHG@DF_AIR_GHG(1.0),Air emissions - Greenhouse gas emissions Inventories,I,MEX,Mexico,A,Annual,GHG,Greenhouse gases,T_LULU,"Total emissions including land use, land-use change and forestry",T_CO2E,Tonnes of CO2-equivalent,2007,,491864.69515755,,A,Normal value,3,Thousands,,,,,2,Two,,
DATAFLOW,OECD.ENV.EPI:DSD_AIR_GHG@DF_AIR_GHG(1.0),Air emissions - Greenhouse gas emissions Inventories,I,MEX,Mexico,A,Annual,GHG,Greenhouse gases,T_LULU,"Total emissions including land use, land-use change and forestry",T_CO2E,Tonnes of CO2-equivalent,2008,,538490.75185788,,A,Normal value,3,Thousands,,,,,2,Two,,
DATAFLOW,OECD.ENV.EPI:DSD_AIR_GHG@DF_AIR_GHG(1.0),Air emissions - Greenhouse gas emissions Inventories,I,MEX,Mexico,A,Annual,GHG,Greenhouse gases,T_LULU,"Total emissions including land use, land-use change and forestry",T_CO2E,Tonnes of CO2-equivalent,2009,,542233.7009217,,A,Normal value,3,Thousands,,,,,2,Two,,
DATAFLOW,OECD.ENV.EPI:DSD_AIR_GHG@DF_AIR_GHG(1.0),Air emissions - Greenhouse gas emissions Inventories,I,MEX,Mexico,A,Annual,GHG,Greenhouse gases,T_LULU,"Total emissions including land use, land-use change and forestry",T_CO2E,Tonnes of CO2-equivalent,2010,,531100.52680859,,A,Normal value,3,Thousands,,,,,2,Two,,
DATAFLOW,OECD.ENV.EPI:DSD_AIR_GHG@DF_AIR_GHG(1.0),Air emissions - Greenhouse gas emissions Inventories,I,MEX,Mexico,A,Annual,GHG,Greenhouse gases,T_LULU,"Total emissions including land use, land-use change and forestry",T_CO2E,Tonnes of CO2-equivalent,2011,,554017.40529711,,A,Normal value,3,Thousands,,,,,2,Two,,
DATAFLOW,OECD.ENV.EPI:DSD_AIR_GHG@DF_AIR_GHG(1.0),Air emissions - Greenhouse gas emissions Inventories,I,MEX,Mexico,A,Annual,GHG,Greenhouse gases,T_LULU,"Total emissions including land use, land-use change and forestry",T_CO2E,Tonnes of CO2-equivalent,2012,,536631.84577984,,A,Normal value,3,Thousands,,,,,2,Two,,
DATAFLOW,OECD.ENV.EPI:DSD_AIR_GHG@DF_AIR_GHG(1.0),Air emissions - Greenhouse gas emissions Inventories,I,MEX,Mexico,A,Annual,GHG,Greenhouse gases,T_LULU,"Total emissions including land use, land-use change and forestry",T_CO2E,Tonnes of CO2-equivalent,2013,,548655.5786908,,A,Normal value,3,Thousands,,,,,2,Two,,
DATAFLOW,OECD.ENV.EPI:DSD_AIR_GHG@DF_AIR_GHG(1.0),Air emissions - Greenhouse gas emissions Inventories,I,MEX,Mexico,A,Annual,GHG,Greenhouse gases,T_LULU,"Total emissions including land use, land-use change and forestry",T_CO2E,Tonnes of CO2-equivalent,2014,,553531.63435446,,A,Normal value,3,Thousands,,,,,2,Two,,
DATAFLOW,OECD.ENV.EPI:DSD_AIR_GHG@DF_AIR_GHG(1.0),Air emissions - Greenhouse gas emissions Inventories,I,MEX,Mexico,A,Annual,GHG,Greenhouse gases,T_LULU,"Total emissions including land use, land-use change and forestry",T_CO2E,Tonnes of CO2-equivalent,2015,,552405.7769678,,A,Normal value,3,Thousands,,,,,2,Two,,
DATAFLOW,OECD.ENV.EPI:DSD_AIR_GHG@DF_AIR_GHG(1.0),Air emissions - Greenhouse gas emissions Inventories,I,MEX,Mexico,A,Annual,GHG,Greenhouse gases,T_LULU,"Total emissions including land use, land-use change and forestry",T_CO2E,Tonnes of CO2-equivalent,2016,,600401.40910331,,A,Normal value,3,Thousands,,,,,2,Two,,
DATAFLOW,OECD.ENV.EPI:DSD_AIR_GHG@DF_AIR_GHG(1.0),Air emissions - Greenhouse gas emissions Inventories,I,MEX,Mexico,A,Annual,GHG,Greenhouse gases,T_LULU,"Total emissions including land use, land-use change and forestry",T_CO2E,Tonnes of CO2-equivalent,2017,,552378.5927887,,A,Normal value,3,Thousands,,,,,2,Two,,
DATAFLOW,OECD.ENV.EPI:DSD_AIR_GHG@DF_AIR_GHG(1.0),Air emissions - Greenhouse gas emissions Inventories,I,MEX,Mexico,A,Annual,GHG,Greenhouse gases,T_LULU,"Total emissions including land use, land-use change and forestry",T_CO2E,Tonnes of CO2-equivalent,2018,,569873.71022953,,A,Normal value,3,Thousands,,,,,2,Two,,
DATAFLOW,OECD.ENV.EPI:DSD_AIR_GHG@DF_AIR_GHG(1.0),Air emissions - Greenhouse gas emissions Inventories,I,MEX,Mexico,A,Annual,GHG,Greenhouse gases,T_LULU,"Total emissions including land use, land-use change and forestry",T_CO2E,Tonnes of CO2-equivalent,2019,,534688.60010193,,A,Normal value,3,Thousands,,,,,2,Two,,
DATAFLOW,OECD.ENV.EPI:DSD_AIR_GHG@DF_AIR_GHG(1.0),Air emissions - Greenhouse gas emissions Inventories,I,CAN,Canada,A,Annual,GHG,Greenhouse gases,T_LULU,"Total emissions including land use, land-use change and forestry",T_CO2E,Tonnes of CO2-equivalent,1990,,524095.8,,A,Normal value,3,Thousands,,,,,2,Two,,
DATAFLOW,OECD.ENV.EPI:DSD_AIR_GHG@DF_AIR_GHG(1.0),Air emissions - Greenhouse gas emissions Inventories,I,CAN,Canada,A,Annual,GHG,Greenhouse gases,T_LULU,"Total emissions including land use, land-use change and forestry",T_CO2E,Tonnes of CO2-equivalent,1991,,513549.46,,A,Normal value,3,Thousands,,,,,2,Two,,
DATAFLOW,OECD.ENV.EPI:DSD_AIR_GHG@DF_AIR_GHG(1.0),Air emissions - Greenhouse gas emissions Inventories,I,CAN,Canada,A,Annual,GHG,Greenhouse gases,T_LULU,"Total emissions including land use, land-use change and forestry",T_CO2E,Tonnes of CO2-equivalent,1992,,542230.36,,A,Normal value,3,Thousands,,,,,2,Two,,
DATAFLOW,OECD.ENV.EPI:DSD_AIR_GHG@DF_AIR_GHG(1.0),Air emissions - Greenhouse gas emissions Inventories,I,CAN,Canada,A,Annual,GHG,Greenhouse gases,T_LULU,"Total emissions including land use, land-use change and forestry",T_CO2E,Tonnes of CO2-equivalent,1993,,554003.49,,A,Normal value,3,Thousands,,,,,2,Two,,
DATAFLOW,OECD.ENV.EPI:DSD_AIR_GHG@DF_AIR_GHG(1.0),Air emissions - Greenhouse gas emissions Inventories,I,CAN,Canada,A,Annual,GHG,Greenhouse gases,T_LULU,"Total emissions including land use, land-use change and forestry",T_CO2E,Tonnes of CO2-equivalent,1994,,564964.24,,A,Normal value,3,Thousands,,,,,2,Two,,
DATAFLOW,OECD.ENV.EPI:DSD_AIR_GHG@DF_AIR_GHG(1.0),Air emissions - Greenhouse gas emissions Inventories,I,CAN,Canada,A,Annual,GHG,Greenhouse gases,T_LULU,"Total emissions including land use, land-use change and forestry",T_CO2E,Tonnes of CO2-equivalent,1995,,596703.34,,A,Normal value,3,Thousands,,,,,2,Two,,
DATAFLOW,OECD.ENV.EPI:DSD_AIR_GHG@DF_AIR_GHG(1.0),Air emissions - Greenhouse gas emissions Inventories,I,CAN,Canada,A,Annual,GHG,Greenhouse gases,T_LULU,"Total emissions including land use, land-use change and forestry",T_CO2E,Tonnes of CO2-equivalent,1996,,612866.1,,A,Normal value,3,Thousands,,,,,2,Two,,
DATAFLOW,OECD.ENV.EPI:DSD_AIR_GHG@DF_AIR_GHG(1.0),Air emissions - Greenhouse gas emissions Inventories,I,CAN,Canada,A,Annual,GHG,Greenhouse gases,T_LULU,"Total emissions including land use, land-use change and forestry",T_CO2E,Tonnes of CO2-equivalent,1997,,624806.14,,A,Normal value,3,Thousands,,,,,2,Two,,
DATAFLOW,OECD.ENV.EPI:DSD_AIR_GHG@DF_AIR_GHG(1.0),Air emissions - Greenhouse gas emissions Inventories,I,CAN,Canada,A,Annual,GHG,Greenhouse gases,T_LULU,"Total emissions including land use, land-use change and forestry",T_CO2E,Tonnes of CO2-equivalent,1998,,624897.38,,A,Normal value,3,Thousands,,,,,2,Two,,
DATAFLOW,OECD.ENV.EPI:DSD_AIR_GHG@DF_AIR_GHG(1.0),Air emissions - Greenhouse gas emissions Inventories,I,CAN,Canada,A,Annual,GHG,Greenhouse gases,T_LULU,"Total emissions including land use, land-use change and forestry",T_CO2E,Tonnes of CO2-equivalent,1999,,644872.57,,A,Normal value,3,Thousands,,,,,2,Two,,
DATAFLOW,OECD.ENV.EPI:DSD_AIR_GHG@DF_AIR_GHG(1.0),Air emissions - Greenhouse gas emissions Inventories,I,CAN,Canada,A,Annual,GHG,Greenhouse gases,T_LULU,"Total emissions including land use, land-use change and forestry",T_CO2E,Tonnes of CO2-equivalent,2000,,681687,,A,Normal value,3,Thousands,,,,,2,Two,,
DATAFLOW,OECD.ENV.EPI:DSD_AIR_GHG@DF_AIR_GHG(1.0),Air emissions - Greenhouse gas emissions Inventories,I,CAN,Canada,A,Annual,GHG,Greenhouse gases,T_LULU,"Total emissions including land use, land-use change and forestry",T_CO2E,Tonnes of CO2-equivalent,2001,,663772.59,,A,Normal value,3,Thousands,,,,,2,Two,,
DATAFLOW,OECD.ENV.EPI:DSD_AIR_GHG@DF_AIR_GHG(1.0),Air emissions - Greenhouse gas emissions Inventories,I,CAN,Canada,A,Annual,GHG,Greenhouse gases,T_LULU,"Total emissions including land use, land-use change and forestry",T_CO2E,Tonnes of CO2-equivalent,2002,,703795.18,,A,Normal value,3,Thousands,,,,,2,Two,,
DATAFLOW,OECD.ENV.EPI:DSD_AIR_GHG@DF_AIR_GHG(1.0),Air emissions - Greenhouse gas emissions Inventories,I,CAN,Canada,A,Annual,GHG,Greenhouse gases,T_LULU,"Total emissions including land use, land-use change and forestry",T_CO2E,Tonnes of CO2-equivalent,2003,,723240.39,,A,Normal value,3,Thousands,,,,,2,Two,,
DATAFLOW,OECD.ENV.EPI:DSD_AIR_GHG@DF_AIR_GHG(1.0),Air emissions - Greenhouse gas emissions Inventories,I,CAN,Canada,A,Annual,GHG,Greenhouse gases,T_LULU,"Total emissions including land use, land-use change and forestry",T_CO2E,Tonnes of CO2-equivalent,2004,,724291.8,,A,Normal value,3,Thousands,,,,,2,Two,,
DATAFLOW,OECD.ENV.EPI:DSD_AIR_GHG@DF_AIR_GHG(1.0),Air emissions - Greenhouse gas emissions Inventories,I,CAN,Canada,A,Annual,GHG,Greenhouse gases,T_LULU,"Total emissions including land use, land-use change and forestry",T_CO2E,Tonnes of CO2-equivalent,2005,,726677.68,,A,Normal value,3,Thousands,,,,,2,Two,,
DATAFLOW,OECD.ENV.EPI:DSD_AIR_GHG@DF_AIR_GHG(1.0),Air emissions - Greenhouse gas emissions Inventories,I,CAN,Canada,A,Annual,GHG,Greenhouse gases,T_LULU,"Total emissions including land use, land-use change and forestry",T_CO2E,Tonnes of CO2-equivalent,2006,,705956.52,,A,Normal value,3,Thousands,,,,,2,Two,,
DATAFLOW,OECD.ENV.EPI:DSD_AIR_GHG@DF_AIR_GHG(1.0),Air emissions - Greenhouse gas emissions Inventories,I,CAN,Canada,A,Annual,GHG,Greenhouse gases,T_LULU,"Total emissions including land use, land-use change and forestry",T_CO2E,Tonnes of CO2-equivalent,2007,,731193.6,,A,Normal value,3,Thousands,,,,,2,Two,,
DATAFLOW,OECD.ENV.EPI:DSD_AIR_GHG@DF_AIR_GHG(1.0),Air emissions - Greenhouse gas emissions Inventories,I,CAN,Canada,A,Annual,GHG,Greenhouse gases,T_LULU,"Total emissions including land use, land-use change and forestry",T_CO2E,Tonnes of CO2-equivalent,2008,,709425.26,,A,Normal value,3,Thousands,,,,,2,Two,,
DATAFLOW,OECD.ENV.EPI:DSD_AIR_GHG@DF_AIR_GHG(1.0),Air emissions - Greenhouse gas emissions Inventories,I,CAN,Canada,A,Annual,GHG,Greenhouse gases,T_LULU,"Total emissions including land use, land-use change and forestry",T_CO2E,Tonnes of CO2-equivalent,2009,,640754.2,,A,Normal value,3,Thousands,,,,,2,Two,,
DATAFLOW,OECD.ENV.EPI:DSD_AIR_GHG@DF_AIR_GHG(1.0),Air emissions - Greenhouse gas emissions Inventories,I,CAN,Canada,A,Annual,GHG,Greenhouse gases,T_LULU,"Total emissions including land use, land-use change and forestry",T_CO2E,Tonnes of CO2-equivalent,2010,,683694.55,,A,Normal value,3,Thousands,,,,,2,Two,,
DATAFLOW,OECD.ENV.EPI:DSD_AIR_GHG@DF_AIR_GHG(1.0),Air emissions - Greenhouse gas emissions Inventories,I,CAN,Canada,A,Annual,GHG,Greenhouse gases,T_LULU,"Total emissions including land use, land-use change and forestry",T_CO2E,Tonnes of CO2-equivalent,2011,,699362.82,,A,Normal value,3,Thousands,,,,,2,Two,,
DATAFLOW,OECD.ENV.EPI:DSD_AIR_GHG@DF_AIR_GHG(1.0),Air emissions - Greenhouse gas emissions Inventories,I,CAN,Canada,A,Annual,GHG,Greenhouse gases,T_LULU,"Total emissions including land use, land-use change and forestry",T_CO2E,Tonnes of CO2-equivalent,2012,,695184.01,,A,Normal value,3,Thousands,,,,,2,Two,,
DATAFLOW,OECD.ENV.EPI:DSD_AIR_GHG@DF_AIR_GHG(1.0),Air emissions - Greenhouse gas emissions Inventories,I,CAN,Canada,A,Annual,GHG,Greenhouse gases,T_LULU,"Total emissions including land use, land-use change and forestry",T_CO2E,Tonnes of CO2-equivalent,2013,,703363.1,,A,Normal value,3,Thousands,,,,,2,Two,,
DATAFLOW,OECD.ENV.EPI:DSD_AIR_GHG@DF_AIR_GHG(1.0),Air emissions - Greenhouse gas emissions Inventories,I,CAN,Canada,A,Annual,GHG,Greenhouse gases,T_LULU,"Total emissions including land use, land-use change and forestry",T_CO2E,Tonnes of CO2-equivalent,2014,,680879.49,,A,Normal value,3,Thousands,,,,,2,Two,,
DATAFLOW,OECD.ENV.EPI:DSD_AIR_GHG@DF_AIR_GHG(1.0),Air emissions - Greenhouse gas emissions Inventories,I,CAN,Canada,A,Annual,GHG,Greenhouse gases,T_LULU,"Total emissions including land use, land-use change and forestry",T_CO2E,Tonnes of CO2-equivalent,2015,,722942.17,,A,Normal value,3,Thousands,,,,,2,Two,,
DATAFLOW,OECD.ENV.EPI:DSD_AIR_GHG@DF_AIR_GHG(1.0),Air emissions - Greenhouse gas emissions Inventories,I,CAN,Canada,A,Annual,GHG,Greenhouse gases,T_LULU,"Total emissions including land use, land-use change and forestry",T_CO2E,Tonnes of CO2-equivalent,2016,,693972.03,,A,Normal value,3,Thousands,,,,,2,Two,,
DATAFLOW,OECD.ENV.EPI:DSD_AIR_GHG@DF_AIR_GHG(1.0),Air emissions - Greenhouse gas emissions Inventories,I,CAN,Canada,A,Annual,GHG,Greenhouse gases,T_LULU,"Total emissions including land use, land-use change and forestry",T_CO2E,Tonnes of CO2-equivalent,2017,,696007.19,,A,Normal value,3,Thousands,,,,,2,Two,,
DATAFLOW,OECD.ENV.EPI:DSD_AIR_GHG@DF_AIR_GHG(1.0),Air emissions - Greenhouse gas emissions Inventories,I,CAN,Canada,A,Annual,GHG,Greenhouse gases,T_LULU,"Total emissions including land use, land-use change and forestry",T_CO2E,Tonnes of CO2-equivalent,2018,,713322.13,,A,Normal value,3,Thousands,,,,,2,Two,,
DATAFLOW,OECD.ENV.EPI:DSD_AIR_GHG@DF_AIR_GHG(1.0),Air emissions - Greenhouse gas emissions Inventories,I,CAN,Canada,A,Annual,GHG,Greenhouse gases,T_LULU,"Total emissions including land use, land-use change and forestry",T_CO2E,Tonnes of CO2-equivalent,2019,,704858.18,,A,Normal value,3,Thousands,,,,,2,Two,,
DATAFLOW,OECD.ENV.EPI:DSD_AIR_GHG@DF_AIR_GHG(1.0),Air emissions - Greenhouse gas emissions Inventories,I,CAN,Canada,A,Annual,GHG,Greenhouse gases,T_LULU,"Total emissions including land use, land-use change and forestry",T_CO2E,Tonnes of CO2-equivalent,2020,,645400.71,,A,Normal value,3,Thousands,,,,,2,Two,,
DATAFLOW,OECD.ENV.EPI:DSD_AIR_GHG@DF_AIR_GHG(1.0),Air emissions - Greenhouse gas emissions Inventories,I,CAN,Canada,A,Annual,GHG,Greenhouse gases,T_LULU,"Total emissions including land use, land-use change and forestry",T_CO2E,Tonnes of CO2-equivalent,2021,,653125.73,,A,Normal value,3,Thousands,,,,,2,Two,,
DATAFLOW,OECD.ENV.EPI:DSD_AIR_GHG@DF_AIR_GHG(1.0),Air emissions - Greenhouse gas emissions Inventories,I,PRT,Portugal,A,Annual,GHG,Greenhouse gases,T_LULU,"Total emissions including land use, land-use change and forestry",T_CO2E,Tonnes of CO2-equivalent,1990,,66611.14,,A,Normal value,3,Thousands,,,,,2,Two,,
DATAFLOW,OECD.ENV.EPI:DSD_AIR_GHG@DF_AIR_GHG(1.0),Air emissions - Greenhouse gas emissions Inventories,I,PRT,Portugal,A,Annual,GHG,Greenhouse gases,T_LULU,"Total emissions including land use, land-use change and forestry",T_CO2E,Tonnes of CO2-equivalent,1991,,59166.3,,A,Normal value,3,Thousands,,,,,2,Two,,
DATAFLOW,OECD.ENV.EPI:DSD_AIR_GHG@DF_AIR_GHG(1.0),Air emissions - Greenhouse gas emissions Inventories,I,PRT,Portugal,A,Annual,GHG,Greenhouse gases,T_LULU,"Total emissions including land use, land-use change and forestry",T_CO2E,Tonnes of CO2-equivalent,1992,,56375.84,,A,Normal value,3,Thousands,,,,,2,Two,,
DATAFLOW,OECD.ENV.EPI:DSD_AIR_GHG@DF_AIR_GHG(1.0),Air emissions - Greenhouse gas emissions Inventories,I,PRT,Portugal,A,Annual,GHG,Greenhouse gases,T_LULU,"Total emissions including land use, land-use change and forestry",T_CO2E,Tonnes of CO2-equivalent,1993,,54052.77,,A,Normal value,3,Thousands,,,,,2,Two,,
DATAFLOW,OECD.ENV.EPI:DSD_AIR_GHG@DF_AIR_GHG(1.0),Air emissions - Greenhouse gas emissions Inventories,I,PRT,Portugal,A,Annual,GHG,Greenhouse gases,T_LULU,"Total emissions including land use, land-use change and forestry",T_CO2E,Tonnes of CO2-equivalent,1994,,55826.38,,A,Normal value,3,Thousands,,,,,2,Two,,
DATAFLOW,OECD.ENV.EPI:DSD_AIR_GHG@DF_AIR_GHG(1.0),Air emissions - Greenhouse gas emissions Inventories,I,PRT,Portugal,A,Annual,GHG,Greenhouse gases,T_LULU,"Total emissions including land use, land-use change and forestry",T_CO2E,Tonnes of CO2-equivalent,1995,,59114.93,,A,Normal value,3,Thousands,,,,,2,Two,,
DATAFLOW,OECD.ENV.EPI:DSD_AIR_GHG@DF_AIR_GHG(1.0),Air emissions - Greenhouse gas emissions Inventories,I,PRT,Portugal,A,Annual,GHG,Greenhouse gases,T_LULU,"Total emissions including land use, land-use change and forestry",T_CO2E,Tonnes of CO2-equivalent,1996,,57954.77,,A,Normal value,3,Thousands,,,,,2,Two,,
DATAFLOW,OECD.ENV.EPI:DSD_AIR_GHG@DF_AIR_GHG(1.0),Air emissions - Greenhouse gas emissions Inventories,I,PRT,Portugal,A,Annual,GHG,Greenhouse gases,T_LULU,"Total emissions including land use, land-use change and forestry",T_CO2E,Tonnes of CO2-equivalent,1997,,60102.8,,A,Normal value,3,Thousands,,,,,2,Two,,
DATAFLOW,OECD.ENV.EPI:DSD_AIR_GHG@DF_AIR_GHG(1.0),Air emissions - Greenhouse gas emissions Inventories,I,PRT,Portugal,A,Annual,GHG,Greenhouse gases,T_LULU,"Total emissions including land use, land-use change and forestry",T_CO2E,Tonnes of CO2-equivalent,1998,,65350.53,,A,Normal value,3,Thousands,,,,,2,Two,,
DATAFLOW,OECD.ENV.EPI:DSD_AIR_GHG@DF_AIR_GHG(1.0),Air emissions - Greenhouse gas emissions Inventories,I,PRT,Portugal,A,Annual,GHG,Greenhouse gases,T_LULU,"Total emissions including land use, land-use change and forestry",T_CO2E,Tonnes of CO2-equivalent,1999,,72965.48,,A,Normal value,3,Thousands,,,,,2,Two,,
DATAFLOW,OECD.ENV.EPI:DSD_AIR_GHG@DF_AIR_GHG(1.0),Air emissions - Greenhouse gas emissions Inventories,I,PRT,Portugal,A,Annual,GHG,Greenhouse gases,T_LULU,"Total emissions including land use, land-use change and forestry",T_CO2E,Tonnes of CO2-equivalent,2000,,80373.56,,A,Normal value,3,Thousands,,,,,2,Two,,
DATAFLOW,OECD.ENV.EPI:DSD_AIR_GHG@DF_AIR_GHG(1.0),Air emissions - Greenhouse gas emissions Inventories,I,PRT,Portugal,A,Annual,GHG,Greenhouse gases,T_LULU,"Total emissions including land use, land-use change and forestry",T_CO2E,Tonnes of CO2-equivalent,2001,,73598.52,,A,Normal value,3,Thousands,,,,,2,Two,,
DATAFLOW,OECD.ENV.EPI:DSD_AIR_GHG@DF_AIR_GHG(1.0),Air emissions - Greenhouse gas emissions Inventories,I,PRT,Portugal,A,Annual,GHG,Greenhouse gases,T_LULU,"Total emissions including land use, land-use change and forestry",T_CO2E,Tonnes of CO2-equivalent,2002,,78480.37,,A,Normal value,3,Thousands,,,,,2,Two,,
DATAFLOW,OECD.ENV.EPI:DSD_AIR_GHG@DF_AIR_GHG(1.0),Air emissions - Greenhouse gas emissions Inventories,I,PRT,Portugal,A,Annual,GHG,Greenhouse gases,T_LULU,"Total emissions including land use, land-use change and forestry",T_CO2E,Tonnes of CO2-equivalent,2003,,86228.9,,A,Normal value,3,Thousands,,,,,2,Two,,
DATAFLOW,OECD.ENV.EPI:DSD_AIR_GHG@DF_AIR_GHG(1.0),Air emissions - Greenhouse gas emissions Inventories,I,PRT,Portugal,A,Annual,GHG,Greenhouse gases,T_LULU,"Total emissions including land use, land-use change and forestry",T_CO2E,Tonnes of CO2-equivalent,2004,,80133.8,,A,Normal value,3,Thousands,,,,,2,Two,,
DATAFLOW,OECD.ENV.EPI:DSD_AIR_GHG@DF_AIR_GHG(1.0),Air emissions - Greenhouse gas emissions Inventories,I,PRT,Portugal,A,Annual,GHG,Greenhouse gases,T_LULU,"Total emissions including land use, land-use change and forestry",T_CO2E,Tonnes of CO2-equivalent,2005,,89978.51,,A,Normal value,3,Thousands,,,,,2,Two,,
DATAFLOW,OECD.ENV.EPI:DSD_AIR_GHG@DF_AIR_GHG(1.0),Air emissions - Greenhouse gas emissions Inventories,I,PRT,Portugal,A,Annual,GHG,Greenhouse gases,T_LULU,"Total emissions including land use, land-use change and forestry",T_CO2E,Tonnes of CO2-equivalent,2006,,79712.3,,A,Normal value,3,Thousands,,,,,2,Two,,
DATAFLOW,OECD.ENV.EPI:DSD_AIR_GHG@DF_AIR_GHG(1.0),Air emissions - Greenhouse gas emissions Inventories,I,PRT,Portugal,A,Annual,GHG,Greenhouse gases,T_LULU,"Total emissions including land use, land-use change and forestry",T_CO2E,Tonnes of CO2-equivalent,2007,,75826.31,,A,Normal value,3,Thousands,,,,,2,Two,,
DATAFLOW,OECD.ENV.EPI:DSD_AIR_GHG@DF_AIR_GHG(1.0),Air emissions - Greenhouse gas emissions Inventories,I,PRT,Portugal,A,Annual,GHG,Greenhouse gases,T_LULU,"Total emissions including land use, land-use change and forestry",T_CO2E,Tonnes of CO2-equivalent,2008,,67438.69,,A,Normal value,3,Thousands,,,,,2,Two,,
DATAFLOW,OECD.ENV.EPI:DSD_AIR_GHG@DF_AIR_GHG(1.0),Air emissions - Greenhouse gas emissions Inventories,I,PRT,Portugal,A,Annual,GHG,Greenhouse gases,T_LULU,"Total emissions including land use, land-use change and forestry",T_CO2E,Tonnes of CO2-equivalent,2009,,63449.45,,A,Normal value,3,Thousands,,,,,2,Two,,
DATAFLOW,OECD.ENV.EPI:DSD_AIR_GHG@DF_AIR_GHG(1.0),Air emissions - Greenhouse gas emissions Inventories,I,PRT,Portugal,A,Annual,GHG,Greenhouse gases,T_LULU,"Total emissions including land use, land-use change and forestry",T_CO2E,Tonnes of CO2-equivalent,2010,,62968.71,,A,Normal value,3,Thousands,,,,,2,Two,,
DATAFLOW,OECD.ENV.EPI:DSD_AIR_GHG@DF_AIR_GHG(1.0),Air emissions - Greenhouse gas emissions Inventories,I,PRT,Portugal,A,Annual,GHG,Greenhouse gases,T_LULU,"Total emissions including land use, land-use change and forestry",T_CO2E,Tonnes of CO2-equivalent,2011,,65011.79,,A,Normal value,3,Thousands,,,,,2,Two,,
DATAFLOW,OECD.ENV.EPI:DSD_AIR_GHG@DF_AIR_GHG(1.0),Air emissions - Greenhouse gas emissions Inventories,I,PRT,Portugal,A,Annual,GHG,Greenhouse gases,T_LULU,"Total emissions including land use, land-use change and forestry",T_CO2E,Tonnes of CO2-equivalent,2012,,64891.97,,A,Normal value,3,Thousands,,,,,2,Two,,
DATAFLOW,OECD.ENV.EPI:DSD_AIR_GHG@DF_AIR_GHG(1.0),Air emissions - Greenhouse gas emissions Inventories,I,PRT,Portugal,A,Annual,GHG,Greenhouse gases,T_LULU,"Total emissions including land use, land-use change and forestry",T_CO2E,Tonnes of CO2-equivalent,2013,,64139.14,,A,Normal value,3,Thousands,,,,,2,Two,,
DATAFLOW,OECD.ENV.EPI:DSD_AIR_GHG@DF_AIR_GHG(1.0),Air emissions - Greenhouse gas emissions Inventories,I,PRT,Portugal,A,Annual,GHG,Greenhouse gases,T_LULU,"Total emissions including land use, land-use change and forestry",T_CO2E,Tonnes of CO2-equivalent,2014,,58925.99,,A,Normal value,3,Thousands,,,,,2,Two,,
DATAFLOW,OECD.ENV.EPI:DSD_AIR_GHG@DF_AIR_GHG(1.0),Air emissions - Greenhouse gas emissions Inventories,I,PRT,Portugal,A,Annual,GHG,Greenhouse gases,T_LULU,"Total emissions including land use, land-use change and forestry",T_CO2E,Tonnes of CO2-equivalent,2015,,64396.21,,A,Normal value,3,Thousands,,,,,2,Two,,
DATAFLOW,OECD.ENV.EPI:DSD_AIR_GHG@DF_AIR_GHG(1.0),Air emissions - Greenhouse gas emissions Inventories,I,PRT,Portugal,A,Annual,GHG,Greenhouse gases,T_LULU,"Total emissions including land use, land-use change and forestry",T_CO2E,Tonnes of CO2-equivalent,2016,,67402.56,,A,Normal value,3,Thousands,,,,,2,Two,,
DATAFLOW,OECD.ENV.EPI:DSD_AIR_GHG@DF_AIR_GHG(1.0),Air emissions - Greenhouse gas emissions Inventories,I,PRT,Portugal,A,Annual,GHG,Greenhouse gases,T_LULU,"Total emissions including land use, land-use change and forestry",T_CO2E,Tonnes of CO2-equivalent,2017,,92875.88,,A,Normal value,3,Thousands,,,,,2,Two,,
DATAFLOW,OECD.ENV.EPI:DSD_AIR_GHG@DF_AIR_GHG(1.0),Air emissions - Greenhouse gas emissions Inventories,I,PRT,Portugal,A,Annual,GHG,Greenhouse gases,T_LULU,"Total emissions including land use, land-use change and forestry",T_CO2E,Tonnes of CO2-equivalent,2018,,64268.07,,A,Normal value,3,Thousands,,,,,2,Two,,
DATAFLOW,OECD.ENV.EPI:DSD_AIR_GHG@DF_AIR_GHG(1.0),Air emissions - Greenhouse gas emissions Inventories,I,PRT,Portugal,A,Annual,GHG,Greenhouse gases,T_LULU,"Total emissions including land use, land-use change and forestry",T_CO2E,Tonnes of CO2-equivalent,2019,,59616.97,,A,Normal value,3,Thousands,,,,,2,Two,,
DATAFLOW,OECD.ENV.EPI:DSD_AIR_GHG@DF_AIR_GHG(1.0),Air emissions - Greenhouse gas emissions Inventories,I,PRT,Portugal,A,Annual,GHG,Greenhouse gases,T_LULU,"Total emissions including land use, land-use change and forestry",T_CO2E,Tonnes of CO2-equivalent,2020,,53322.22,,A,Normal value,3,Thousands,,,,,2,Two,,
DATAFLOW,OECD.ENV.EPI:DSD_AIR_GHG@DF_AIR_GHG(1.0),Air emissions - Greenhouse gas emissions Inventories,I,PRT,Portugal,A,Annual,GHG,Greenhouse gases,T_LULU,"Total emissions including land use, land-use change and forestry",T_CO2E,Tonnes of CO2-equivalent,2021,,50338.36,,A,Normal value,3,Thousands,,,,,2,Two,,
DATAFLOW,OECD.ENV.EPI:DSD_AIR_GHG@DF_AIR_GHG(1.0),Air emissions - Greenhouse gas emissions Inventories,I,HUN,Hungary,A,Annual,GHG,Greenhouse gases,T_LULU,"Total emissions including land use, land-use change and forestry",T_CO2E,Tonnes of CO2-equivalent,1990,,91623.49,,A,Normal value,3,Thousands,,,,,2,Two,,
DATAFLOW,OECD.ENV.EPI:DSD_AIR_GHG@DF_AIR_GHG(1.0),Air emissions - Greenhouse gas emissions Inventories,I,HUN,Hungary,A,Annual,GHG,Greenhouse gases,T_LULU,"Total emissions including land use, land-use change and forestry",T_CO2E,Tonnes of CO2-equivalent,1991,,86158.34,,A,Normal value,3,Thousands,,,,,2,Two,,
DATAFLOW,OECD.ENV.EPI:DSD_AIR_GHG@DF_AIR_GHG(1.0),Air emissions - Greenhouse gas emissions Inventories,I,HUN,Hungary,A,Annual,GHG,Greenhouse gases,T_LULU,"Total emissions including land use, land-use change and forestry",T_CO2E,Tonnes of CO2-equivalent,1992,,75764.97,,A,Normal value,3,Thousands,,,,,2,Two,,
DATAFLOW,OECD.ENV.EPI:DSD_AIR_GHG@DF_AIR_GHG(1.0),Air emissions - Greenhouse gas emissions Inventories,I,HUN,Hungary,A,Annual,GHG,Greenhouse gases,T_LULU,"Total emissions including land use, land-use change and forestry",T_CO2E,Tonnes of CO2-equivalent,1993,,74098.89,,A,Normal value,3,Thousands,,,,,2,Two,,
DATAFLOW,OECD.ENV.EPI:DSD_AIR_GHG@DF_AIR_GHG(1.0),Air emissions - Greenhouse gas emissions Inventories,I,HUN,Hungary,A,Annual,GHG,Greenhouse gases,T_LULU,"Total emissions including land use, land-use change and forestry",T_CO2E,Tonnes of CO2-equivalent,1994,,72338.32,,A,Normal value,3,Thousands,,,,,2,Two,,
DATAFLOW,OECD.ENV.EPI:DSD_AIR_GHG@DF_AIR_GHG(1.0),Air emissions - Greenhouse gas emissions Inventories,I,HUN,Hungary,A,Annual,GHG,Greenhouse gases,T_LULU,"Total emissions including land use, land-use change and forestry",T_CO2E,Tonnes of CO2-equivalent,1995,,71287.13,,A,Normal value,3,Thousands,,,,,2,Two,,
DATAFLOW,OECD.ENV.EPI:DSD_AIR_GHG@DF_AIR_GHG(1.0),Air emissions - Greenhouse gas emissions Inventories,I,HUN,Hungary,A,Annual,GHG,Greenhouse gases,T_LULU,"Total emissions including land use, land-use change and forestry",T_CO2E,Tonnes of CO2-equivalent,1996,,77117.56,,A,Normal value,3,Thousands,,,,,2,Two,,
DATAFLOW,OECD.ENV.EPI:DSD_AIR_GHG@DF_AIR_GHG(1.0),Air emissions - Greenhouse gas emissions Inventories,I,HUN,Hungary,A,Annual,GHG,Greenhouse gases,T_LULU,"Total emissions including land use, land-use change and forestry",T_CO2E,Tonnes of CO2-equivalent,1997,,75158.05,,A,Normal value,3,Thousands,,,,,2,Two,,
DATAFLOW,OECD.ENV.EPI:DSD_AIR_GHG@DF_AIR_GHG(1.0),Air emissions - Greenhouse gas emissions Inventories,I,HUN,Hungary,A,Annual,GHG,Greenhouse gases,T_LULU,"Total emissions including land use, land-use change and forestry",T_CO2E,Tonnes of CO2-equivalent,1998,,73567.18,,A,Normal value,3,Thousands,,,,,2,Two,,
DATAFLOW,OECD.ENV.EPI:DSD_AIR_GHG@DF_AIR_GHG(1.0),Air emissions - Greenhouse gas emissions Inventories,I,HUN,Hungary,A,Annual,GHG,Greenhouse gases,T_LULU,"Total emissions including land use, land-use change and forestry",T_CO2E,Tonnes of CO2-equivalent,1999,,76244.08,,A,Normal value,3,Thousands,,,,,2,Two,,
DATAFLOW,OECD.ENV.EPI:DSD_AIR_GHG@DF_AIR_GHG(1.0),Air emissions - Greenhouse gas emissions Inventories,I,HUN,Hungary,A,Annual,GHG,Greenhouse gases,T_LULU,"Total emissions including land use, land-use change and forestry",T_CO2E,Tonnes of CO2-equivalent,2000,,74278.93,,A,Normal value,3,Thousands,,,,,2,Two,,
DATAFLOW,OECD.ENV.EPI:DSD_AIR_GHG@DF_AIR_GHG(1.0),Air emissions - Greenhouse gas emissions Inventories,I,HUN,Hungary,A,Annual,GHG,Greenhouse gases,T_LULU,"Total emissions including land use, land-use change and forestry",T_CO2E,Tonnes of CO2-equivalent,2001,,74417.16,,A,Normal value,3,Thousands,,,,,2,Two,,
DATAFLOW,OECD.ENV.EPI:DSD_AIR_GHG@DF_AIR_GHG(1.0),Air emissions - Greenhouse gas emissions Inventories,I,HUN,Hungary,A,Annual,GHG,Greenhouse gases,T_LULU,"Total emissions including land use, land-use change and forestry",T_CO2E,Tonnes of CO2-equivalent,2002,,73414.88,,A,Normal value,3,Thousands,,,,,2,Two,,
DATAFLOW,OECD.ENV.EPI:DSD_AIR_GHG@DF_AIR_GHG(1.0),Air emissions - Greenhouse gas emissions Inventories,I,HUN,Hungary,A,Annual,GHG,Greenhouse gases,T_LULU,"Total emissions including land use, land-use change and forestry",T_CO2E,Tonnes of CO2-equivalent,2003,,73933.25,,A,Normal value,3,Thousands,,,,,2,Two,,
DATAFLOW,OECD.ENV.EPI:DSD_AIR_GHG@DF_AIR_GHG(1.0),Air emissions - Greenhouse gas emissions Inventories,I,HUN,Hungary,A,Annual,GHG,Greenhouse gases,T_LULU,"Total emissions including land use, land-use change and forestry",T_CO2E,Tonnes of CO2-equivalent,2004,,73724.84,,A,Normal value,3,Thousands,,,,,2,Two,,
DATAFLOW,OECD.ENV.EPI:DSD_AIR_GHG@DF_AIR_GHG(1.0),Air emissions - Greenhouse gas emissions Inventories,I,HUN,Hungary,A,Annual,GHG,Greenhouse gases,T_LULU,"Total emissions including land use, land-use change and forestry",T_CO2E,Tonnes of CO2-equivalent,2005,,70956.85,,A,Normal value,3,Thousands,,,,,2,Two,,
DATAFLOW,OECD.ENV.EPI:DSD_AIR_GHG@DF_AIR_GHG(1.0),Air emissions - Greenhouse gas emissions Inventories,I,HUN,Hungary,A,Annual,GHG,Greenhouse gases,T_LULU,"Total emissions including land use, land-use change and forestry",T_CO2E,Tonnes of CO2-equivalent,2006,,71613.62,,A,Normal value,3,Thousands,,,,,2,Two,,
DATAFLOW,OECD.ENV.EPI:DSD_AIR_GHG@DF_AIR_GHG(1.0),Air emissions - Greenhouse gas emissions Inventories,I,HUN,Hungary,A,Annual,GHG,Greenhouse gases,T_LULU,"Total emissions including land use, land-use change and forestry",T_CO2E,Tonnes of CO2-equivalent,2007,,69621.96,,A,Normal value,3,Thousands,,,,,2,Two,,
DATAFLOW,OECD.ENV.EPI:DSD_AIR_GHG@DF_AIR_GHG(1.0),Air emissions - Greenhouse gas emissions Inventories,I,HUN,Hungary,A,Annual,GHG,Greenhouse gases,T_LULU,"Total emissions including land use, land-use change and forestry",T_CO2E,Tonnes of CO2-equivalent,2008,,65888.13,,A,Normal value,3,Thousands,,,,,2,Two,,
DATAFLOW,OECD.ENV.EPI:DSD_AIR_GHG@DF_AIR_GHG(1.0),Air emissions - Greenhouse gas emissions Inventories,I,HUN,Hungary,A,Annual,GHG,Greenhouse gases,T_LULU,"Total emissions including land use, land-use change and forestry",T_CO2E,Tonnes of CO2-equivalent,2009,,61308.75,,A,Normal value,3,Thousands,,,,,2,Two,,
DATAFLOW,OECD.ENV.EPI:DSD_AIR_GHG@DF_AIR_GHG(1.0),Air emissions - Greenhouse gas emissions Inventories,I,HUN,Hungary,A,Annual,GHG,Greenhouse gases,T_LULU,"Total emissions including land use, land-use change and forestry",T_CO2E,Tonnes of CO2-equivalent,2010,,61701.81,,A,Normal value,3,Thousands,,,,,2,Two,,
DATAFLOW,OECD.ENV.EPI:DSD_AIR_GHG@DF_AIR_GHG(1.0),Air emissions - Greenhouse gas emissions Inventories,I,HUN,Hungary,A,Annual,GHG,Greenhouse gases,T_LULU,"Total emissions including land use, land-use change and forestry",T_CO2E,Tonnes of CO2-equivalent,2011,,60689.22,,A,Normal value,3,Thousands,,,,,2,Two,,
DATAFLOW,OECD.ENV.EPI:DSD_AIR_GHG@DF_AIR_GHG(1.0),Air emissions - Greenhouse gas emissions Inventories,I,HUN,Hungary,A,Annual,GHG,Greenhouse gases,T_LULU,"Total emissions including land use, land-use change and forestry",T_CO2E,Tonnes of CO2-equivalent,2012,,56792.63,,A,Normal value,3,Thousands,,,,,2,Two,,
DATAFLOW,OECD.ENV.EPI:DSD_AIR_GHG@DF_AIR_GHG(1.0),Air emissions - Greenhouse gas emissions Inventories,I,HUN,Hungary,A,Annual,GHG,Greenhouse gases,T_LULU,"Total emissions including land use, land-use change and forestry",T_CO2E,Tonnes of CO2-equivalent,2013,,54588.35,,A,Normal value,3,Thousands,,,,,2,Two,,
DATAFLOW,OECD.ENV.EPI:DSD_AIR_GHG@DF_AIR_GHG(1.0),Air emissions - Greenhouse gas emissions Inventories,I,HUN,Hungary,A,Annual,GHG,Greenhouse gases,T_LULU,"Total emissions including land use, land-use change and forestry",T_CO2E,Tonnes of CO2-equivalent,2014,,53890.69,,A,Normal value,3,Thousands,,,,,2,Two,,
DATAFLOW,OECD.ENV.EPI:DSD_AIR_GHG@DF_AIR_GHG(1.0),Air emissions - Greenhouse gas emissions Inventories,I,HUN,Hungary,A,Annual,GHG,Greenhouse gases,T_LULU,"Total emissions including land use, land-use change and forestry",T_CO2E,Tonnes of CO2-equivalent,2015,,56513.4,,A,Normal value,3,Thousands,,,,,2,Two,,
DATAFLOW,OECD.ENV.EPI:DSD_AIR_GHG@DF_AIR_GHG(1.0),Air emissions - Greenhouse gas emissions Inventories,I,HUN,Hungary,A,Annual,GHG,Greenhouse gases,T_LULU,"Total emissions including land use, land-use change and forestry",T_CO2E,Tonnes of CO2-equivalent,2016,,58134.73,,A,Normal value,3,Thousands,,,,,2,Two,,
DATAFLOW,OECD.ENV.EPI:DSD_AIR_GHG@DF_AIR_GHG(1.0),Air emissions - Greenhouse gas emissions Inventories,I,HUN,Hungary,A,Annual,GHG,Greenhouse gases,T_LULU,"Total emissions including land use, land-use change and forestry",T_CO2E,Tonnes of CO2-equivalent,2017,,59707.64,,A,Normal value,3,Thousands,,,,,2,Two,,
DATAFLOW,OECD.ENV.EPI:DSD_AIR_GHG@DF_AIR_GHG(1.0),Air emissions - Greenhouse gas emissions Inventories,I,HUN,Hungary,A,Annual,GHG,Greenhouse gases,T_LULU,"Total emissions including land use, land-use change and forestry",T_CO2E,Tonnes of CO2-equivalent,2018,,60222.04,,A,Normal value,3,Thousands,,,,,2,Two,,
DATAFLOW,OECD.ENV.EPI:DSD_AIR_GHG@DF_AIR_GHG(1.0),Air emissions - Greenhouse gas emissions Inventories,I,HUN,Hungary,A,Annual,GHG,Greenhouse gases,T_LULU,"Total emissions including land use, land-use change and forestry",T_CO2E,Tonnes of CO2-equivalent,2019,,59383.73,,A,Normal value,3,Thousands,,,,,2,Two,,
DATAFLOW,OECD.ENV.EPI:DSD_AIR_GHG@DF_AIR_GHG(1.0),Air emissions - Greenhouse gas emissions Inventories,I,HUN,Hungary,A,Annual,GHG,Greenhouse gases,T_LULU,"Total emissions including land use, land-use change and forestry",T_CO2E,Tonnes of CO2-equivalent,2020,,55855.77,,A,Normal value,3,Thousands,,,,,2,Two,,
DATAFLOW,OECD.ENV.EPI:DSD_AIR_GHG@DF_AIR_GHG(1.0),Air emissions - Greenhouse gas emissions Inventories,I,HUN,Hungary,A,Annual,GHG,Greenhouse gases,T_LULU,"Total emissions including land use, land-use change and forestry",T_CO2E,Tonnes of CO2-equivalent,2021,,57020.46,,A,Normal value,3,Thousands,,,,,2,Two,,
DATAFLOW,OECD.ENV.EPI:DSD_AIR_GHG@DF_AIR_GHG(1.0),Air emissions - Greenhouse gas emissions Inventories,I,ROU,Romania,A,Annual,GHG,Greenhouse gases,T_LULU,"Total emissions including land use, land-use change and forestry",T_CO2E,Tonnes of CO2-equivalent,1990,,228533.25,,A,Normal value,3,Thousands,,,,,2,Two,,
DATAFLOW,OECD.ENV.EPI:DSD_AIR_GHG@DF_AIR_GHG(1.0),Air emissions - Greenhouse gas emissions Inventories,I,ROU,Romania,A,Annual,GHG,Greenhouse gases,T_LULU,"Total emissions including land use, land-use change and forestry",T_CO2E,Tonnes of CO2-equivalent,1991,,181336.94,,A,Normal value,3,Thousands,,,,,2,Two,,
DATAFLOW,OECD.ENV.EPI:DSD_AIR_GHG@DF_AIR_GHG(1.0),Air emissions - Greenhouse gas emissions Inventories,I,ROU,Romania,A,Annual,GHG,Greenhouse gases,T_LULU,"Total emissions including land use, land-use change and forestry",T_CO2E,Tonnes of CO2-equivalent,1992,,164348.05,,A,Normal value,3,Thousands,,,,,2,Two,,
DATAFLOW,OECD.ENV.EPI:DSD_AIR_GHG@DF_AIR_GHG(1.0),Air emissions - Greenhouse gas emissions Inventories,I,ROU,Romania,A,Annual,GHG,Greenhouse gases,T_LULU,"Total emissions including land use, land-use change and forestry",T_CO2E,Tonnes of CO2-equivalent,1993,,152519.76,,A,Normal value,3,Thousands,,,,,2,Two,,
DATAFLOW,OECD.ENV.EPI:DSD_AIR_GHG@DF_AIR_GHG(1.0),Air emissions - Greenhouse gas emissions Inventories,I,ROU,Romania,A,Annual,GHG,Greenhouse gases,T_LULU,"Total emissions including land use, land-use change and forestry",T_CO2E,Tonnes of CO2-equivalent,1994,,150375.32,,A,Normal value,3,Thousands,,,,,2,Two,,
DATAFLOW,OECD.ENV.EPI:DSD_AIR_GHG@DF_AIR_GHG(1.0),Air emissions - Greenhouse gas emissions Inventories,I,ROU,Romania,A,Annual,GHG,Greenhouse gases,T_LULU,"Total emissions including land use, land-use change and forestry",T_CO2E,Tonnes of CO2-equivalent,1995,,157619.66,,A,Normal value,3,Thousands,,,,,2,Two,,
DATAFLOW,OECD.ENV.EPI:DSD_AIR_GHG@DF_AIR_GHG(1.0),Air emissions - Greenhouse gas emissions Inventories,I,ROU,Romania,A,Annual,GHG,Greenhouse gases,T_LULU,"Total emissions including land use, land-use change and forestry",T_CO2E,Tonnes of CO2-equivalent,1996,,161462.8,,A,Normal value,3,Thousands,,,,,2,Two,,
DATAFLOW,OECD.ENV.EPI:DSD_AIR_GHG@DF_AIR_GHG(1.0),Air emissions - Greenhouse gas emissions Inventories,I,ROU,Romania,A,Annual,GHG,Greenhouse gases,T_LULU,"Total emissions including land use, land-use change and forestry",T_CO2E,Tonnes of CO2-equivalent,1997,,154194.26,,A,Normal value,3,Thousands,,,,,2,Two,,
DATAFLOW,OECD.ENV.EPI:DSD_AIR_GHG@DF_AIR_GHG(1.0),Air emissions - Greenhouse gas emissions Inventories,I,ROU,Romania,A,Annual,GHG,Greenhouse gases,T_LULU,"Total emissions including land use, land-use change and forestry",T_CO2E,Tonnes of CO2-equivalent,1998,,134874.03,,A,Normal value,3,Thousands,,,,,2,Two,,
DATAFLOW,OECD.ENV.EPI:DSD_AIR_GHG@DF_AIR_GHG(1.0),Air emissions - Greenhouse gas emissions Inventories,I,ROU,Romania,A,Annual,GHG,Greenhouse gases,T_LULU,"Total emissions including land use, land-use change and forestry",T_CO2E,Tonnes of CO2-equivalent,1999,,117377.47,,A,Normal value,3,Thousands,,,,,2,Two,,
DATAFLOW,OECD.ENV.EPI:DSD_AIR_GHG@DF_AIR_GHG(1.0),Air emissions - Greenhouse gas emissions Inventories,I,ROU,Romania,A,Annual,GHG,Greenhouse gases,T_LULU,"Total emissions including land use, land-use change and forestry",T_CO2E,Tonnes of CO2-equivalent,2000,,109316.17,,A,Normal value,3,Thousands,,,,,2,Two,,
DATAFLOW,OECD.ENV.EPI:DSD_AIR_GHG@DF_AIR_GHG(1.0),Air emissions - Greenhouse gas emissions Inventories,I,ROU,Romania,A,Annual,GHG,Greenhouse gases,T_LULU,"Total emissions including land use, land-use change and forestry",T_CO2E,Tonnes of CO2-equivalent,2001,,112096.41,,A,Normal value,3,Thousands,,,,,2,Two,,
DATAFLOW,OECD.ENV.EPI:DSD_AIR_GHG@DF_AIR_GHG(1.0),Air emissions - Greenhouse gas emissions Inventories,I,ROU,Romania,A,Annual,GHG,Greenhouse gases,T_LULU,"Total emissions including land use, land-use change and forestry",T_CO2E,Tonnes of CO2-equivalent,2002,,116089.23,,A,Normal value,3,Thousands,,,,,2,Two,,
DATAFLOW,OECD.ENV.EPI:DSD_AIR_GHG@DF_AIR_GHG(1.0),Air emissions - Greenhouse gas emissions Inventories,I,ROU,Romania,A,Annual,GHG,Greenhouse gases,T_LULU,"Total emissions including land use, land-use change and forestry",T_CO2E,Tonnes of CO2-equivalent,2003,,121375.88,,A,Normal value,3,Thousands,,,,,2,Two,,
DATAFLOW,OECD.ENV.EPI:DSD_AIR_GHG@DF_AIR_GHG(1.0),Air emissions - Greenhouse gas emissions Inventories,I,ROU,Romania,A,Annual,GHG,Greenhouse gases,T_LULU,"Total emissions including land use, land-use change and forestry",T_CO2E,Tonnes of CO2-equivalent,2004,,119850.23,,A,Normal value,3,Thousands,,,,,2,Two,,
DATAFLOW,OECD.ENV.EPI:DSD_AIR_GHG@DF_AIR_GHG(1.0),Air emissions - Greenhouse gas emissions Inventories,I,ROU,Romania,A,Annual,GHG,Greenhouse gases,T_LULU,"Total emissions including land use, land-use change and forestry",T_CO2E,Tonnes of CO2-equivalent,2005,,117832.73,,A,Normal value,3,Thousands,,,,,2,Two,,
DATAFLOW,OECD.ENV.EPI:DSD_AIR_GHG@DF_AIR_GHG(1.0),Air emissions - Greenhouse gas emissions Inventories,I,ROU,Romania,A,Annual,GHG,Greenhouse gases,T_LULU,"Total emissions including land use, land-use change and forestry",T_CO2E,Tonnes of CO2-equivalent,2006,,119247.88,,A,Normal value,3,Thousands,,,,,2,Two,,
DATAFLOW,OECD.ENV.EPI:DSD_AIR_GHG@DF_AIR_GHG(1.0),Air emissions - Greenhouse gas emissions Inventories,I,ROU,Romania,A,Annual,GHG,Greenhouse gases,T_LULU,"Total emissions including land use, land-use change and forestry",T_CO2E,Tonnes of CO2-equivalent,2007,,121991.56,,A,Normal value,3,Thousands,,,,,2,Two,,
DATAFLOW,OECD.ENV.EPI:DSD_AIR_GHG@DF_AIR_GHG(1.0),Air emissions - Greenhouse gas emissions Inventories,I,ROU,Romania,A,Annual,GHG,Greenhouse gases,T_LULU,"Total emissions including land use, land-use change and forestry",T_CO2E,Tonnes of CO2-equivalent,2008,,118476.94,,A,Normal value,3,Thousands,,,,,2,Two,,
DATAFLOW,OECD.ENV.EPI:DSD_AIR_GHG@DF_AIR_GHG(1.0),Air emissions - Greenhouse gas emissions Inventories,I,ROU,Romania,A,Annual,GHG,Greenhouse gases,T_LULU,"Total emissions including land use, land-use change and forestry",T_CO2E,Tonnes of CO2-equivalent,2009,,99863.39,,A,Normal value,3,Thousands,,,,,2,Two,,
DATAFLOW,OECD.ENV.EPI:DSD_AIR_GHG@DF_AIR_GHG(1.0),Air emissions - Greenhouse gas emissions Inventories,I,ROU,Romania,A,Annual,GHG,Greenhouse gases,T_LULU,"Total emissions including land use, land-use change and forestry",T_CO2E,Tonnes of CO2-equivalent,2010,,89434.38,,A,Normal value,3,Thousands,,,,,2,Two,,
DATAFLOW,OECD.ENV.EPI:DSD_AIR_GHG@DF_AIR_GHG(1.0),Air emissions - Greenhouse gas emissions Inventories,I,ROU,Romania,A,Annual,GHG,Greenhouse gases,T_LULU,"Total emissions including land use, land-use change and forestry",T_CO2E,Tonnes of CO2-equivalent,2011,,95363.4,,A,Normal value,3,Thousands,,,,,2,Two,,
DATAFLOW,OECD.ENV.EPI:DSD_AIR_GHG@DF_AIR_GHG(1.0),Air emissions - Greenhouse gas emissions Inventories,I,ROU,Romania,A,Annual,GHG,Greenhouse gases,T_LULU,"Total emissions including land use, land-use change and forestry",T_CO2E,Tonnes of CO2-equivalent,2012,,90781.77,,A,Normal value,3,Thousands,,,,,2,Two,,
DATAFLOW,OECD.ENV.EPI:DSD_AIR_GHG@DF_AIR_GHG(1.0),Air emissions - Greenhouse gas emissions Inventories,I,ROU,Romania,A,Annual,GHG,Greenhouse gases,T_LULU,"Total emissions including land use, land-use change and forestry",T_CO2E,Tonnes of CO2-equivalent,2013,,78752.75,,A,Normal value,3,Thousands,,,,,2,Two,,
DATAFLOW,OECD.ENV.EPI:DSD_AIR_GHG@DF_AIR_GHG(1.0),Air emissions - Greenhouse gas emissions Inventories,I,ROU,Romania,A,Annual,GHG,Greenhouse gases,T_LULU,"Total emissions including land use, land-use change and forestry",T_CO2E,Tonnes of CO2-equivalent,2014,,67009.77,,A,Normal value,3,Thousands,,,,,2,Two,,
DATAFLOW,OECD.ENV.EPI:DSD_AIR_GHG@DF_AIR_GHG(1.0),Air emissions - Greenhouse gas emissions Inventories,I,ROU,Romania,A,Annual,GHG,Greenhouse gases,T_LULU,"Total emissions including land use, land-use change and forestry",T_CO2E,Tonnes of CO2-equivalent,2015,,66802.03,,A,Normal value,3,Thousands,,,,,2,Two,,
DATAFLOW,OECD.ENV.EPI:DSD_AIR_GHG@DF_AIR_GHG(1.0),Air emissions - Greenhouse gas emissions Inventories,I,ROU,Romania,A,Annual,GHG,Greenhouse gases,T_LULU,"Total emissions including land use, land-use change and forestry",T_CO2E,Tonnes of CO2-equivalent,2016,,62748.75,,A,Normal value,3,Thousands,,,,,2,Two,,
DATAFLOW,OECD.ENV.EPI:DSD_AIR_GHG@DF_AIR_GHG(1.0),Air emissions - Greenhouse gas emissions Inventories,I,ROU,Romania,A,Annual,GHG,Greenhouse gases,T_LULU,"Total emissions including land use, land-use change and forestry",T_CO2E,Tonnes of CO2-equivalent,2017,,67825.97,,A,Normal value,3,Thousands,,,,,2,Two,,
DATAFLOW,OECD.ENV.EPI:DSD_AIR_GHG@DF_AIR_GHG(1.0),Air emissions - Greenhouse gas emissions Inventories,I,ROU,Romania,A,Annual,GHG,Greenhouse gases,T_LULU,"Total emissions including land use, land-use change and forestry",T_CO2E,Tonnes of CO2-equivalent,2018,,71029.08,,A,Normal value,3,Thousands,,,,,2,Two,,
DATAFLOW,OECD.ENV.EPI:DSD_AIR_GHG@DF_AIR_GHG(1.0),Air emissions - Greenhouse gas emissions Inventories,I,ROU,Romania,A,Annual,GHG,Greenhouse gases,T_LULU,"Total emissions including land use, land-use change and forestry",T_CO2E,Tonnes of CO2-equivalent,2019,,67540.15,,A,Normal value,3,Thousands,,,,,2,Two,,
DATAFLOW,OECD.ENV.EPI:DSD_AIR_GHG@DF_AIR_GHG(1.0),Air emissions - Greenhouse gas emissions Inventories,I,ROU,Romania,A,Annual,GHG,Greenhouse gases,T_LULU,"Total emissions including land use, land-use change and forestry",T_CO2E,Tonnes of CO2-equivalent,2020,,61629.28,,A,Normal value,3,Thousands,,,,,2,Two,,
DATAFLOW,OECD.ENV.EPI:DSD_AIR_GHG@DF_AIR_GHG(1.0),Air emissions - Greenhouse gas emissions Inventories,I,ROU,Romania,A,Annual,GHG,Greenhouse gases,T_LULU,"Total emissions including land use, land-use change and forestry",T_CO2E,Tonnes of CO2-equivalent,2021,,66144.73,,A,Normal value,3,Thousands,,,,,2,Two,,
DATAFLOW,OECD.ENV.EPI:DSD_AIR_GHG@DF_AIR_GHG(1.0),Air emissions - Greenhouse gas emissions Inventories,I,ITA,Italy,A,Annual,GHG,Greenhouse gases,T_LULU,"Total emissions including land use, land-use change and forestry",T_CO2E,Tonnes of CO2-equivalent,1990,,517991.61,,A,Normal value,3,Thousands,,,,,2,Two,,
DATAFLOW,OECD.ENV.EPI:DSD_AIR_GHG@DF_AIR_GHG(1.0),Air emissions - Greenhouse gas emissions Inventories,I,ITA,Italy,A,Annual,GHG,Greenhouse gases,T_LULU,"Total emissions including land use, land-use change and forestry",T_CO2E,Tonnes of CO2-equivalent,1991,,503760.8,,A,Normal value,3,Thousands,,,,,2,Two,,
DATAFLOW,OECD.ENV.EPI:DSD_AIR_GHG@DF_AIR_GHG(1.0),Air emissions - Greenhouse gas emissions Inventories,I,ITA,Italy,A,Annual,GHG,Greenhouse gases,T_LULU,"Total emissions including land use, land-use change and forestry",T_CO2E,Tonnes of CO2-equivalent,1992,,505039.6,,A,Normal value,3,Thousands,,,,,2,Two,,
DATAFLOW,OECD.ENV.EPI:DSD_AIR_GHG@DF_AIR_GHG(1.0),Air emissions - Greenhouse gas emissions Inventories,I,ITA,Italy,A,Annual,GHG,Greenhouse gases,T_LULU,"Total emissions including land use, land-use change and forestry",T_CO2E,Tonnes of CO2-equivalent,1993,,511059.6,,A,Normal value,3,Thousands,,,,,2,Two,,
DATAFLOW,OECD.ENV.EPI:DSD_AIR_GHG@DF_AIR_GHG(1.0),Air emissions - Greenhouse gas emissions Inventories,I,ITA,Italy,A,Annual,GHG,Greenhouse gases,T_LULU,"Total emissions including land use, land-use change and forestry",T_CO2E,Tonnes of CO2-equivalent,1994,,492228.34,,A,Normal value,3,Thousands,,,,,2,Two,,
DATAFLOW,OECD.ENV.EPI:DSD_AIR_GHG@DF_AIR_GHG(1.0),Air emissions - Greenhouse gas emissions Inventories,I,ITA,Italy,A,Annual,GHG,Greenhouse gases,T_LULU,"Total emissions including land use, land-use change and forestry",T_CO2E,Tonnes of CO2-equivalent,1995,,511734.18,,A,Normal value,3,Thousands,,,,,2,Two,,
DATAFLOW,OECD.ENV.EPI:DSD_AIR_GHG@DF_AIR_GHG(1.0),Air emissions - Greenhouse gas emissions Inventories,I,ITA,Italy,A,Annual,GHG,Greenhouse gases,T_LULU,"Total emissions including land use, land-use change and forestry",T_CO2E,Tonnes of CO2-equivalent,1996,,504950.87,,A,Normal value,3,Thousands,,,,,2,Two,,
DATAFLOW,OECD.ENV.EPI:DSD_AIR_GHG@DF_AIR_GHG(1.0),Air emissions - Greenhouse gas emissions Inventories,I,ITA,Italy,A,Annual,GHG,Greenhouse gases,T_LULU,"Total emissions including land use, land-use change and forestry",T_CO2E,Tonnes of CO2-equivalent,1997,,521072.05,,A,Normal value,3,Thousands,,,,,2,Two,,
DATAFLOW,OECD.ENV.EPI:DSD_AIR_GHG@DF_AIR_GHG(1.0),Air emissions - Greenhouse gas emissions Inventories,I,ITA,Italy,A,Annual,GHG,Greenhouse gases,T_LULU,"Total emissions including land use, land-use change and forestry",T_CO2E,Tonnes of CO2-equivalent,1998,,536008.62,,A,Normal value,3,Thousands,,,,,2,Two,,
DATAFLOW,OECD.ENV.EPI:DSD_AIR_GHG@DF_AIR_GHG(1.0),Air emissions - Greenhouse gas emissions Inventories,I,ITA,Italy,A,Annual,GHG,Greenhouse gases,T_LULU,"Total emissions including land use, land-use change and forestry",T_CO2E,Tonnes of CO2-equivalent,1999,,531850.92,,A,Normal value,3,Thousands,,,,,2,Two,,
DATAFLOW,OECD.ENV.EPI:DSD_AIR_GHG@DF_AIR_GHG(1.0),Air emissions - Greenhouse gas emissions Inventories,I,ITA,Italy,A,Annual,GHG,Greenhouse gases,T_LULU,"Total emissions including land use, land-use change and forestry",T_CO2E,Tonnes of CO2-equivalent,2000,,538424,,A,Normal value,3,Thousands,,,,,2,Two,,
DATAFLOW,OECD.ENV.EPI:DSD_AIR_GHG@DF_AIR_GHG(1.0),Air emissions - Greenhouse gas emissions Inventories,I,ITA,Italy,A,Annual,GHG,Greenhouse gases,T_LULU,"Total emissions including land use, land-use change and forestry",T_CO2E,Tonnes of CO2-equivalent,2001,,530039.93,,A,Normal value,3,Thousands,,,,,2,Two,,
DATAFLOW,OECD.ENV.EPI:DSD_AIR_GHG@DF_AIR_GHG(1.0),Air emissions - Greenhouse gas emissions Inventories,I,ITA,Italy,A,Annual,GHG,Greenhouse gases,T_LULU,"Total emissions including land use, land-use change and forestry",T_CO2E,Tonnes of CO2-equivalent,2002,,531633.1,,A,Normal value,3,Thousands,,,,,2,Two,,
DATAFLOW,OECD.ENV.EPI:DSD_AIR_GHG@DF_AIR_GHG(1.0),Air emissions - Greenhouse gas emissions Inventories,I,ITA,Italy,A,Annual,GHG,Greenhouse gases,T_LULU,"Total emissions including land use, land-use change and forestry",T_CO2E,Tonnes of CO2-equivalent,2003,,559110.08,,A,Normal value,3,Thousands,,,,,2,Two,,
DATAFLOW,OECD.ENV.EPI:DSD_AIR_GHG@DF_AIR_GHG(1.0),Air emissions - Greenhouse gas emissions Inventories,I,ITA,Italy,A,Annual,GHG,Greenhouse gases,T_LULU,"Total emissions including land use, land-use change and forestry",T_CO2E,Tonnes of CO2-equivalent,2004,,558433.11,,A,Normal value,3,Thousands,,,,,2,Two,,
DATAFLOW,OECD.ENV.EPI:DSD_AIR_GHG@DF_AIR_GHG(1.0),Air emissions - Greenhouse gas emissions Inventories,I,ITA,Italy,A,Annual,GHG,Greenhouse gases,T_LULU,"Total emissions including land use, land-use change and forestry",T_CO2E,Tonnes of CO2-equivalent,2005,,558639.99,,A,Normal value,3,Thousands,,,,,2,Two,,
DATAFLOW,OECD.ENV.EPI:DSD_AIR_GHG@DF_AIR_GHG(1.0),Air emissions - Greenhouse gas emissions Inventories,I,ITA,Italy,A,Annual,GHG,Greenhouse gases,T_LULU,"Total emissions including land use, land-use change and forestry",T_CO2E,Tonnes of CO2-equivalent,2006,,547687.6,,A,Normal value,3,Thousands,,,,,2,Two,,
DATAFLOW,OECD.ENV.EPI:DSD_AIR_GHG@DF_AIR_GHG(1.0),Air emissions - Greenhouse gas emissions Inventories,I,ITA,Italy,A,Annual,GHG,Greenhouse gases,T_LULU,"Total emissions including land use, land-use change and forestry",T_CO2E,Tonnes of CO2-equivalent,2007,,565389.23,,A,Normal value,3,Thousands,,,,,2,Two,,
DATAFLOW,OECD.ENV.EPI:DSD_AIR_GHG@DF_AIR_GHG(1.0),Air emissions - Greenhouse gas emissions Inventories,I,ITA,Italy,A,Annual,GHG,Greenhouse gases,T_LULU,"Total emissions including land use, land-use change and forestry",T_CO2E,Tonnes of CO2-equivalent,2008,,534327.06,,A,Normal value,3,Thousands,,,,,2,Two,,
DATAFLOW,OECD.ENV.EPI:DSD_AIR_GHG@DF_AIR_GHG(1.0),Air emissions - Greenhouse gas emissions Inventories,I,ITA,Italy,A,Annual,GHG,Greenhouse gases,T_LULU,"Total emissions including land use, land-use change and forestry",T_CO2E,Tonnes of CO2-equivalent,2009,,476313.99,,A,Normal value,3,Thousands,,,,,2,Two,,
DATAFLOW,OECD.ENV.EPI:DSD_AIR_GHG@DF_AIR_GHG(1.0),Air emissions - Greenhouse gas emissions Inventories,I,ITA,Italy,A,Annual,GHG,Greenhouse gases,T_LULU,"Total emissions including land use, land-use change and forestry",T_CO2E,Tonnes of CO2-equivalent,2010,,481781.11,,A,Normal value,3,Thousands,,,,,2,Two,,
DATAFLOW,OECD.ENV.EPI:DSD_AIR_GHG@DF_AIR_GHG(1.0),Air emissions - Greenhouse gas emissions Inventories,I,ITA,Italy,A,Annual,GHG,Greenhouse gases,T_LULU,"Total emissions including land use, land-use change and forestry",T_CO2E,Tonnes of CO2-equivalent,2011,,476476.16,,A,Normal value,3,Thousands,,,,,2,Two,,
DATAFLOW,OECD.ENV.EPI:DSD_AIR_GHG@DF_AIR_GHG(1.0),Air emissions - Greenhouse gas emissions Inventories,I,ITA,Italy,A,Annual,GHG,Greenhouse gases,T_LULU,"Total emissions including land use, land-use change and forestry",T_CO2E,Tonnes of CO2-equivalent,2012,,467036,,A,Normal value,3,Thousands,,,,,2,Two,,
DATAFLOW,OECD.ENV.EPI:DSD_AIR_GHG@DF_AIR_GHG(1.0),Air emissions - Greenhouse gas emissions Inventories,I,ITA,Italy,A,Annual,GHG,Greenhouse gases,T_LULU,"Total emissions including land use, land-use change and forestry",T_CO2E,Tonnes of CO2-equivalent,2013,,415242.38,,A,Normal value,3,Thousands,,,,,2,Two,,
DATAFLOW,OECD.ENV.EPI:DSD_AIR_GHG@DF_AIR_GHG(1.0),Air emissions - Greenhouse gas emissions Inventories,I,ITA,Italy,A,Annual,GHG,Greenhouse gases,T_LULU,"Total emissions including land use, land-use change and forestry",T_CO2E,Tonnes of CO2-equivalent,2014,,393484.62,,A,Normal value,3,Thousands,,,,,2,Two,,
DATAFLOW,OECD.ENV.EPI:DSD_AIR_GHG@DF_AIR_GHG(1.0),Air emissions - Greenhouse gas emissions Inventories,I,ITA,Italy,A,Annual,GHG,Greenhouse gases,T_LULU,"Total emissions including land use, land-use change and forestry",T_CO2E,Tonnes of CO2-equivalent,2015,,401771.67,,A,Normal value,3,Thousands,,,,,2,Two,,
DATAFLOW,OECD.ENV.EPI:DSD_AIR_GHG@DF_AIR_GHG(1.0),Air emissions - Greenhouse gas emissions Inventories,I,ITA,Italy,A,Annual,GHG,Greenhouse gases,T_LULU,"Total emissions including land use, land-use change and forestry",T_CO2E,Tonnes of CO2-equivalent,2016,,399801.31,,A,Normal value,3,Thousands,,,,,2,Two,,
DATAFLOW,OECD.ENV.EPI:DSD_AIR_GHG@DF_AIR_GHG(1.0),Air emissions - Greenhouse gas emissions Inventories,I,ITA,Italy,A,Annual,GHG,Greenhouse gases,T_LULU,"Total emissions including land use, land-use change and forestry",T_CO2E,Tonnes of CO2-equivalent,2017,,414043.41,,A,Normal value,3,Thousands,,,,,2,Two,,
DATAFLOW,OECD.ENV.EPI:DSD_AIR_GHG@DF_AIR_GHG(1.0),Air emissions - Greenhouse gas emissions Inventories,I,ITA,Italy,A,Annual,GHG,Greenhouse gases,T_LULU,"Total emissions including land use, land-use change and forestry",T_CO2E,Tonnes of CO2-equivalent,2018,,388460.25,,A,Normal value,3,Thousands,,,,,2,Two,,
DATAFLOW,OECD.ENV.EPI:DSD_AIR_GHG@DF_AIR_GHG(1.0),Air emissions - Greenhouse gas emissions Inventories,I,ITA,Italy,A,Annual,GHG,Greenhouse gases,T_LULU,"Total emissions including land use, land-use change and forestry",T_CO2E,Tonnes of CO2-equivalent,2019,,380439.16,,A,Normal value,3,Thousands,,,,,2,Two,,
DATAFLOW,OECD.ENV.EPI:DSD_AIR_GHG@DF_AIR_GHG(1.0),Air emissions - Greenhouse gas emissions Inventories,I,ITA,Italy,A,Annual,GHG,Greenhouse gases,T_LULU,"Total emissions including land use, land-use change and forestry",T_CO2E,Tonnes of CO2-equivalent,2020,,352425.15,,A,Normal value,3,Thousands,,,,,2,Two,,
DATAFLOW,OECD.ENV.EPI:DSD_AIR_GHG@DF_AIR_GHG(1.0),Air emissions - Greenhouse gas emissions Inventories,I,ITA,Italy,A,Annual,GHG,Greenhouse gases,T_LULU,"Total emissions including land use, land-use change and forestry",T_CO2E,Tonnes of CO2-equivalent,2021,,390118.28,,A,Normal value,3,Thousands,,,,,2,Two,,
DATAFLOW,OECD.ENV.EPI:DSD_AIR_GHG@DF_AIR_GHG(1.0),Air emissions - Greenhouse gas emissions Inventories,I,NLD,Netherlands,A,Annual,GHG,Greenhouse gases,T_LULU,"Total emissions including land use, land-use change and forestry",T_CO2E,Tonnes of CO2-equivalent,1990,,228018.17,,A,Normal value,3,Thousands,,,,,2,Two,,
DATAFLOW,OECD.ENV.EPI:DSD_AIR_GHG@DF_AIR_GHG(1.0),Air emissions - Greenhouse gas emissions Inventories,I,NLD,Netherlands,A,Annual,GHG,Greenhouse gases,T_LULU,"Total emissions including land use, land-use change and forestry",T_CO2E,Tonnes of CO2-equivalent,1991,,236001.41,,A,Normal value,3,Thousands,,,,,2,Two,,
DATAFLOW,OECD.ENV.EPI:DSD_AIR_GHG@DF_AIR_GHG(1.0),Air emissions - Greenhouse gas emissions Inventories,I,NLD,Netherlands,A,Annual,GHG,Greenhouse gases,T_LULU,"Total emissions including land use, land-use change and forestry",T_CO2E,Tonnes of CO2-equivalent,1992,,236403.31,,A,Normal value,3,Thousands,,,,,2,Two,,
DATAFLOW,OECD.ENV.EPI:DSD_AIR_GHG@DF_AIR_GHG(1.0),Air emissions - Greenhouse gas emissions Inventories,I,NLD,Netherlands,A,Annual,GHG,Greenhouse gases,T_LULU,"Total emissions including land use, land-use change and forestry",T_CO2E,Tonnes of CO2-equivalent,1993,,236784.11,,A,Normal value,3,Thousands,,,,,2,Two,,
DATAFLOW,OECD.ENV.EPI:DSD_AIR_GHG@DF_AIR_GHG(1.0),Air emissions - Greenhouse gas emissions Inventories,I,NLD,Netherlands,A,Annual,GHG,Greenhouse gases,T_LULU,"Total emissions including land use, land-use change and forestry",T_CO2E,Tonnes of CO2-equivalent,1994,,237521.36,,A,Normal value,3,Thousands,,,,,2,Two,,
DATAFLOW,OECD.ENV.EPI:DSD_AIR_GHG@DF_AIR_GHG(1.0),Air emissions - Greenhouse gas emissions Inventories,I,NLD,Netherlands,A,Annual,GHG,Greenhouse gases,T_LULU,"Total emissions including land use, land-use change and forestry",T_CO2E,Tonnes of CO2-equivalent,1995,,237390.53,,A,Normal value,3,Thousands,,,,,2,Two,,
DATAFLOW,OECD.ENV.EPI:DSD_AIR_GHG@DF_AIR_GHG(1.0),Air emissions - Greenhouse gas emissions Inventories,I,NLD,Netherlands,A,Annual,GHG,Greenhouse gases,T_LULU,"Total emissions including land use, land-use change and forestry",T_CO2E,Tonnes of CO2-equivalent,1996,,247673.56,,A,Normal value,3,Thousands,,,,,2,Two,,
DATAFLOW,OECD.ENV.EPI:DSD_AIR_GHG@DF_AIR_GHG(1.0),Air emissions - Greenhouse gas emissions Inventories,I,NLD,Netherlands,A,Annual,GHG,Greenhouse gases,T_LULU,"Total emissions including land use, land-use change and forestry",T_CO2E,Tonnes of CO2-equivalent,1997,,239230.78,,A,Normal value,3,Thousands,,,,,2,Two,,
DATAFLOW,OECD.ENV.EPI:DSD_AIR_GHG@DF_AIR_GHG(1.0),Air emissions - Greenhouse gas emissions Inventories,I,NLD,Netherlands,A,Annual,GHG,Greenhouse gases,T_LULU,"Total emissions including land use, land-use change and forestry",T_CO2E,Tonnes of CO2-equivalent,1998,,239448.19,,A,Normal value,3,Thousands,,,,,2,Two,,
DATAFLOW,OECD.ENV.EPI:DSD_AIR_GHG@DF_AIR_GHG(1.0),Air emissions - Greenhouse gas emissions Inventories,I,NLD,Netherlands,A,Annual,GHG,Greenhouse gases,T_LULU,"Total emissions including land use, land-use change and forestry",T_CO2E,Tonnes of CO2-equivalent,1999,,226880.74,,A,Normal value,3,Thousands,,,,,2,Two,,
DATAFLOW,OECD.ENV.EPI:DSD_AIR_GHG@DF_AIR_GHG(1.0),Air emissions - Greenhouse gas emissions Inventories,I,NLD,Netherlands,A,Annual,GHG,Greenhouse gases,T_LULU,"Total emissions including land use, land-use change and forestry",T_CO2E,Tonnes of CO2-equivalent,2000,,225149.49,,A,Normal value,3,Thousands,,,,,2,Two,,
DATAFLOW,OECD.ENV.EPI:DSD_AIR_GHG@DF_AIR_GHG(1.0),Air emissions - Greenhouse gas emissions Inventories,I,NLD,Netherlands,A,Annual,GHG,Greenhouse gases,T_LULU,"Total emissions including land use, land-use change and forestry",T_CO2E,Tonnes of CO2-equivalent,2001,,226357.72,,A,Normal value,3,Thousands,,,,,2,Two,,
DATAFLOW,OECD.ENV.EPI:DSD_AIR_GHG@DF_AIR_GHG(1.0),Air emissions - Greenhouse gas emissions Inventories,I,NLD,Netherlands,A,Annual,GHG,Greenhouse gases,T_LULU,"Total emissions including land use, land-use change and forestry",T_CO2E,Tonnes of CO2-equivalent,2002,,223981.65,,A,Normal value,3,Thousands,,,,,2,Two,,
DATAFLOW,OECD.ENV.EPI:DSD_AIR_GHG@DF_AIR_GHG(1.0),Air emissions - Greenhouse gas emissions Inventories,I,NLD,Netherlands,A,Annual,GHG,Greenhouse gases,T_LULU,"Total emissions including land use, land-use change and forestry",T_CO2E,Tonnes of CO2-equivalent,2003,,225042.48,,A,Normal value,3,Thousands,,,,,2,Two,,
DATAFLOW,OECD.ENV.EPI:DSD_AIR_GHG@DF_AIR_GHG(1.0),Air emissions - Greenhouse gas emissions Inventories,I,NLD,Netherlands,A,Annual,GHG,Greenhouse gases,T_LULU,"Total emissions including land use, land-use change and forestry",T_CO2E,Tonnes of CO2-equivalent,2004,,226355.6,,A,Normal value,3,Thousands,,,,,2,Two,,
DATAFLOW,OECD.ENV.EPI:DSD_AIR_GHG@DF_AIR_GHG(1.0),Air emissions - Greenhouse gas emissions Inventories,I,NLD,Netherlands,A,Annual,GHG,Greenhouse gases,T_LULU,"Total emissions including land use, land-use change and forestry",T_CO2E,Tonnes of CO2-equivalent,2005,,220426.49,,A,Normal value,3,Thousands,,,,,2,Two,,
DATAFLOW,OECD.ENV.EPI:DSD_AIR_GHG@DF_AIR_GHG(1.0),Air emissions - Greenhouse gas emissions Inventories,I,NLD,Netherlands,A,Annual,GHG,Greenhouse gases,T_LULU,"Total emissions including land use, land-use change and forestry",T_CO2E,Tonnes of CO2-equivalent,2006,,215280.66,,A,Normal value,3,Thousands,,,,,2,Two,,
DATAFLOW,OECD.ENV.EPI:DSD_AIR_GHG@DF_AIR_GHG(1.0),Air emissions - Greenhouse gas emissions Inventories,I,NLD,Netherlands,A,Annual,GHG,Greenhouse gases,T_LULU,"Total emissions including land use, land-use change and forestry",T_CO2E,Tonnes of CO2-equivalent,2007,,213475.91,,A,Normal value,3,Thousands,,,,,2,Two,,
DATAFLOW,OECD.ENV.EPI:DSD_AIR_GHG@DF_AIR_GHG(1.0),Air emissions - Greenhouse gas emissions Inventories,I,NLD,Netherlands,A,Annual,GHG,Greenhouse gases,T_LULU,"Total emissions including land use, land-use change and forestry",T_CO2E,Tonnes of CO2-equivalent,2008,,213345.39,,A,Normal value,3,Thousands,,,,,2,Two,,
DATAFLOW,OECD.ENV.EPI:DSD_AIR_GHG@DF_AIR_GHG(1.0),Air emissions - Greenhouse gas emissions Inventories,I,NLD,Netherlands,A,Annual,GHG,Greenhouse gases,T_LULU,"Total emissions including land use, land-use change and forestry",T_CO2E,Tonnes of CO2-equivalent,2009,,207646.02,,A,Normal value,3,Thousands,,,,,2,Two,,
DATAFLOW,OECD.ENV.EPI:DSD_AIR_GHG@DF_AIR_GHG(1.0),Air emissions - Greenhouse gas emissions Inventories,I,NLD,Netherlands,A,Annual,GHG,Greenhouse gases,T_LULU,"Total emissions including land use, land-use change and forestry",T_CO2E,Tonnes of CO2-equivalent,2010,,219332.04,,A,Normal value,3,Thousands,,,,,2,Two,,
DATAFLOW,OECD.ENV.EPI:DSD_AIR_GHG@DF_AIR_GHG(1.0),Air emissions - Greenhouse gas emissions Inventories,I,NLD,Netherlands,A,Annual,GHG,Greenhouse gases,T_LULU,"Total emissions including land use, land-use change and forestry",T_CO2E,Tonnes of CO2-equivalent,2011,,205574.61,,A,Normal value,3,Thousands,,,,,2,Two,,
DATAFLOW,OECD.ENV.EPI:DSD_AIR_GHG@DF_AIR_GHG(1.0),Air emissions - Greenhouse gas emissions Inventories,I,NLD,Netherlands,A,Annual,GHG,Greenhouse gases,T_LULU,"Total emissions including land use, land-use change and forestry",T_CO2E,Tonnes of CO2-equivalent,2012,,201546.72,,A,Normal value,3,Thousands,,,,,2,Two,,
DATAFLOW,OECD.ENV.EPI:DSD_AIR_GHG@DF_AIR_GHG(1.0),Air emissions - Greenhouse gas emissions Inventories,I,NLD,Netherlands,A,Annual,GHG,Greenhouse gases,T_LULU,"Total emissions including land use, land-use change and forestry",T_CO2E,Tonnes of CO2-equivalent,2013,,200775.33,,A,Normal value,3,Thousands,,,,,2,Two,,
DATAFLOW,OECD.ENV.EPI:DSD_AIR_GHG@DF_AIR_GHG(1.0),Air emissions - Greenhouse gas emissions Inventories,I,NLD,Netherlands,A,Annual,GHG,Greenhouse gases,T_LULU,"Total emissions including land use, land-use change and forestry",T_CO2E,Tonnes of CO2-equivalent,2014,,192501.91,,A,Normal value,3,Thousands,,,,,2,Two,,
DATAFLOW,OECD.ENV.EPI:DSD_AIR_GHG@DF_AIR_GHG(1.0),Air emissions - Greenhouse gas emissions Inventories,I,NLD,Netherlands,A,Annual,GHG,Greenhouse gases,T_LULU,"Total emissions including land use, land-use change and forestry",T_CO2E,Tonnes of CO2-equivalent,2015,,199424.24,,A,Normal value,3,Thousands,,,,,2,Two,,
DATAFLOW,OECD.ENV.EPI:DSD_AIR_GHG@DF_AIR_GHG(1.0),Air emissions - Greenhouse gas emissions Inventories,I,NLD,Netherlands,A,Annual,GHG,Greenhouse gases,T_LULU,"Total emissions including land use, land-use change and forestry",T_CO2E,Tonnes of CO2-equivalent,2016,,199767.89,,A,Normal value,3,Thousands,,,,,2,Two,,
DATAFLOW,OECD.ENV.EPI:DSD_AIR_GHG@DF_AIR_GHG(1.0),Air emissions - Greenhouse gas emissions Inventories,I,NLD,Netherlands,A,Annual,GHG,Greenhouse gases,T_LULU,"Total emissions including land use, land-use change and forestry",T_CO2E,Tonnes of CO2-equivalent,2017,,196083.74,,A,Normal value,3,Thousands,,,,,2,Two,,
DATAFLOW,OECD.ENV.EPI:DSD_AIR_GHG@DF_AIR_GHG(1.0),Air emissions - Greenhouse gas emissions Inventories,I,NLD,Netherlands,A,Annual,GHG,Greenhouse gases,T_LULU,"Total emissions including land use, land-use change and forestry",T_CO2E,Tonnes of CO2-equivalent,2018,,190941.65,,A,Normal value,3,Thousands,,,,,2,Two,,
DATAFLOW,OECD.ENV.EPI:DSD_AIR_GHG@DF_AIR_GHG(1.0),Air emissions - Greenhouse gas emissions Inventories,I,NLD,Netherlands,A,Annual,GHG,Greenhouse gases,T_LULU,"Total emissions including land use, land-use change and forestry",T_CO2E,Tonnes of CO2-equivalent,2019,,185112.76,,A,Normal value,3,Thousands,,,,,2,Two,,
DATAFLOW,OECD.ENV.EPI:DSD_AIR_GHG@DF_AIR_GHG(1.0),Air emissions - Greenhouse gas emissions Inventories,I,NLD,Netherlands,A,Annual,GHG,Greenhouse gases,T_LULU,"Total emissions including land use, land-use change and forestry",T_CO2E,Tonnes of CO2-equivalent,2020,,168510.17,,A,Normal value,3,Thousands,,,,,2,Two,,
DATAFLOW,OECD.ENV.EPI:DSD_AIR_GHG@DF_AIR_GHG(1.0),Air emissions - Greenhouse gas emissions Inventories,I,NLD,Netherlands,A,Annual,GHG,Greenhouse gases,T_LULU,"Total emissions including land use, land-use change and forestry",T_CO2E,Tonnes of CO2-equivalent,2021,,171466.18,,A,Normal value,3,Thousands,,,,,2,Two,,
DATAFLOW,OECD.ENV.EPI:DSD_AIR_GHG@DF_AIR_GHG(1.0),Air emissions - Greenhouse gas emissions Inventories,I,IDN,Indonesia,A,Annual,GHG,Greenhouse gases,T_LULU,"Total emissions including land use, land-use change and forestry",T_CO2E,Tonnes of CO2-equivalent,1990,,464552.99,,A,Normal value,3,Thousands,,,,,2,Two,,
DATAFLOW,OECD.ENV.EPI:DSD_AIR_GHG@DF_AIR_GHG(1.0),Air emissions - Greenhouse gas emissions Inventories,I,IDN,Indonesia,A,Annual,GHG,Greenhouse gases,T_LULU,"Total emissions including land use, land-use change and forestry",T_CO2E,Tonnes of CO2-equivalent,1991,,561752.46,,A,Normal value,3,Thousands,,,,,2,Two,,
DATAFLOW,OECD.ENV.EPI:DSD_AIR_GHG@DF_AIR_GHG(1.0),Air emissions - Greenhouse gas emissions Inventories,I,IDN,Indonesia,A,Annual,GHG,Greenhouse gases,T_LULU,"Total emissions including land use, land-use change and forestry",T_CO2E,Tonnes of CO2-equivalent,1992,,513846.13,,A,Normal value,3,Thousands,,,,,2,Two,,
DATAFLOW,OECD.ENV.EPI:DSD_AIR_GHG@DF_AIR_GHG(1.0),Air emissions - Greenhouse gas emissions Inventories,I,IDN,Indonesia,A,Annual,GHG,Greenhouse gases,T_LULU,"Total emissions including land use, land-use change and forestry",T_CO2E,Tonnes of CO2-equivalent,1993,,376792.13,,A,Normal value,3,Thousands,,,,,2,Two,,
DATAFLOW,OECD.ENV.EPI:DSD_AIR_GHG@DF_AIR_GHG(1.0),Air emissions - Greenhouse gas emissions Inventories,I,IDN,Indonesia,A,Annual,GHG,Greenhouse gases,T_LULU,"Total emissions including land use, land-use change and forestry",T_CO2E,Tonnes of CO2-equivalent,1994,,498309.53,,A,Normal value,3,Thousands,,,,,2,Two,,
DATAFLOW,OECD.ENV.EPI:DSD_AIR_GHG@DF_AIR_GHG(1.0),Air emissions - Greenhouse gas emissions Inventories,I,IDN,Indonesia,A,Annual,GHG,Greenhouse gases,T_LULU,"Total emissions including land use, land-use change and forestry",T_CO2E,Tonnes of CO2-equivalent,2000,,1375587.93,,A,Normal value,3,Thousands,,,,,2,Two,,
DATAFLOW,OECD.ENV.EPI:DSD_AIR_GHG@DF_AIR_GHG(1.0),Air emissions - Greenhouse gas emissions Inventories,I,IDN,Indonesia,A,Annual,GHG,Greenhouse gases,T_LULU,"Total emissions including land use, land-use change and forestry",T_CO2E,Tonnes of CO2-equivalent,2001,,918077,,A,Normal value,3,Thousands,,,,,2,Two,,
DATAFLOW,OECD.ENV.EPI:DSD_AIR_GHG@DF_AIR_GHG(1.0),Air emissions - Greenhouse gas emissions Inventories,I,IDN,Indonesia,A,Annual,GHG,Greenhouse gases,T_LULU,"Total emissions including land use, land-use change and forestry",T_CO2E,Tonnes of CO2-equivalent,2002,,1220853,,A,Normal value,3,Thousands,,,,,2,Two,,
DATAFLOW,OECD.ENV.EPI:DSD_AIR_GHG@DF_AIR_GHG(1.0),Air emissions - Greenhouse gas emissions Inventories,I,IDN,Indonesia,A,Annual,GHG,Greenhouse gases,T_LULU,"Total emissions including land use, land-use change and forestry",T_CO2E,Tonnes of CO2-equivalent,2003,,1020172,,A,Normal value,3,Thousands,,,,,2,Two,,
DATAFLOW,OECD.ENV.EPI:DSD_AIR_GHG@DF_AIR_GHG(1.0),Air emissions - Greenhouse gas emissions Inventories,I,IDN,Indonesia,A,Annual,GHG,Greenhouse gases,T_LULU,"Total emissions including land use, land-use change and forestry",T_CO2E,Tonnes of CO2-equivalent,2004,,1290970,,A,Normal value,3,Thousands,,,,,2,Two,,
DATAFLOW,OECD.ENV.EPI:DSD_AIR_GHG@DF_AIR_GHG(1.0),Air emissions - Greenhouse gas emissions Inventories,I,IDN,Indonesia,A,Annual,GHG,Greenhouse gases,T_LULU,"Total emissions including land use, land-use change and forestry",T_CO2E,Tonnes of CO2-equivalent,2005,,1289261,,A,Normal value,3,Thousands,,,,,2,Two,,
DATAFLOW,OECD.ENV.EPI:DSD_AIR_GHG@DF_AIR_GHG(1.0),Air emissions - Greenhouse gas emissions Inventories,I,IDN,Indonesia,A,Annual,GHG,Greenhouse gases,T_LULU,"Total emissions including land use, land-use change and forestry",T_CO2E,Tonnes of CO2-equivalent,2006,,1600198,,A,Normal value,3,Thousands,,,,,2,Two,,
DATAFLOW,OECD.ENV.EPI:DSD_AIR_GHG@DF_AIR_GHG(1.0),Air emissions - Greenhouse gas emissions Inventories,I,IDN,Indonesia,A,Annual,GHG,Greenhouse gases,T_LULU,"Total emissions including land use, land-use change and forestry",T_CO2E,Tonnes of CO2-equivalent,2007,,1224497,,A,Normal value,3,Thousands,,,,,2,Two,,
DATAFLOW,OECD.ENV.EPI:DSD_AIR_GHG@DF_AIR_GHG(1.0),Air emissions - Greenhouse gas emissions Inventories,I,IDN,Indonesia,A,Annual,GHG,Greenhouse gases,T_LULU,"Total emissions including land use, land-use change and forestry",T_CO2E,Tonnes of CO2-equivalent,2008,,1225166,,A,Normal value,3,Thousands,,,,,2,Two,,
DATAFLOW,OECD.ENV.EPI:DSD_AIR_GHG@DF_AIR_GHG(1.0),Air emissions - Greenhouse gas emissions Inventories,I,IDN,Indonesia,A,Annual,GHG,Greenhouse gases,T_LULU,"Total emissions including land use, land-use change and forestry",T_CO2E,Tonnes of CO2-equivalent,2009,,1549048,,A,Normal value,3,Thousands,,,,,2,Two,,
DATAFLOW,OECD.ENV.EPI:DSD_AIR_GHG@DF_AIR_GHG(1.0),Air emissions - Greenhouse gas emissions Inventories,I,IDN,Indonesia,A,Annual,GHG,Greenhouse gases,T_LULU,"Total emissions including land use, land-use change and forestry",T_CO2E,Tonnes of CO2-equivalent,2010,,1120499,,A,Normal value,3,Thousands,,,,,2,Two,,
DATAFLOW,OECD.ENV.EPI:DSD_AIR_GHG@DF_AIR_GHG(1.0),Air emissions - Greenhouse gas emissions Inventories,I,IDN,Indonesia,A,Annual,GHG,Greenhouse gases,T_LULU,"Total emissions including land use, land-use change and forestry",T_CO2E,Tonnes of CO2-equivalent,2011,,1342598,,A,Normal value,3,Thousands,,,,,2,Two,,
DATAFLOW,OECD.ENV.EPI:DSD_AIR_GHG@DF_AIR_GHG(1.0),Air emissions - Greenhouse gas emissions Inventories,I,IDN,Indonesia,A,Annual,GHG,Greenhouse gases,T_LULU,"Total emissions including land use, land-use change and forestry",T_CO2E,Tonnes of CO2-equivalent,2012,,1452228,,A,Normal value,3,Thousands,,,,,2,Two,,
DATAFLOW,OECD.ENV.EPI:DSD_AIR_GHG@DF_AIR_GHG(1.0),Air emissions - Greenhouse gas emissions Inventories,I,IDN,Indonesia,A,Annual,GHG,Greenhouse gases,T_LULU,"Total emissions including land use, land-use change and forestry",T_CO2E,Tonnes of CO2-equivalent,2013,,1403907,,A,Normal value,3,Thousands,,,,,2,Two,,
DATAFLOW,OECD.ENV.EPI:DSD_AIR_GHG@DF_AIR_GHG(1.0),Air emissions - Greenhouse gas emissions Inventories,I,IDN,Indonesia,A,Annual,GHG,Greenhouse gases,T_LULU,"Total emissions including land use, land-use change and forestry",T_CO2E,Tonnes of CO2-equivalent,2014,,1844370,,A,Normal value,3,Thousands,,,,,2,Two,,
DATAFLOW,OECD.ENV.EPI:DSD_AIR_GHG@DF_AIR_GHG(1.0),Air emissions - Greenhouse gas emissions Inventories,I,IDN,Indonesia,A,Annual,GHG,Greenhouse gases,T_LULU,"Total emissions including land use, land-use change and forestry",T_CO2E,Tonnes of CO2-equivalent,2015,,2452334,,A,Normal value,3,Thousands,,,,,2,Two,,
DATAFLOW,OECD.ENV.EPI:DSD_AIR_GHG@DF_AIR_GHG(1.0),Air emissions - Greenhouse gas emissions Inventories,I,IDN,Indonesia,A,Annual,GHG,Greenhouse gases,T_LULU,"Total emissions including land use, land-use change and forestry",T_CO2E,Tonnes of CO2-equivalent,2016,,1514944,,A,Normal value,3,Thousands,,,,,2,Two,,
DATAFLOW,OECD.ENV.EPI:DSD_AIR_GHG@DF_AIR_GHG(1.0),Air emissions - Greenhouse gas emissions Inventories,I,CHN,China (People’s Republic of),A,Annual,GHG,Greenhouse gases,T_LULU,"Total emissions including land use, land-use change and forestry",T_CO2E,Tonnes of CO2-equivalent,1994,,3650138,,A,Normal value,3,Thousands,,,,,2,Two,,
DATAFLOW,OECD.ENV.EPI:DSD_AIR_GHG@DF_AIR_GHG(1.0),Air emissions - Greenhouse gas emissions Inventories,I,CHN,China (People’s Republic of),A,Annual,GHG,Greenhouse gases,T_LULU,"Total emissions including land use, land-use change and forestry",T_CO2E,Tonnes of CO2-equivalent,2000,,,,A,Normal value,3,Thousands,,,,,2,Two,,
DATAFLOW,OECD.ENV.EPI:DSD_AIR_GHG@DF_AIR_GHG(1.0),Air emissions - Greenhouse gas emissions Inventories,I,CHN,China (People’s Republic of),A,Annual,GHG,Greenhouse gases,T_LULU,"Total emissions including land use, land-use change and forestry",T_CO2E,Tonnes of CO2-equivalent,2005,,7249000,,A,Normal value,3,Thousands,,,,,2,Two,,
DATAFLOW,OECD.ENV.EPI:DSD_AIR_GHG@DF_AIR_GHG(1.0),Air emissions - Greenhouse gas emissions Inventories,I,CHN,China (People’s Republic of),A,Annual,GHG,Greenhouse gases,T_LULU,"Total emissions including land use, land-use change and forestry",T_CO2E,Tonnes of CO2-equivalent,2010,,9550151,,A,Normal value,3,Thousands,,,,,2,Two,,
DATAFLOW,OECD.ENV.EPI:DSD_AIR_GHG@DF_AIR_GHG(1.0),Air emissions - Greenhouse gas emissions Inventories,I,CHN,China (People’s Republic of),A,Annual,GHG,Greenhouse gases,T_LULU,"Total emissions including land use, land-use change and forestry",T_CO2E,Tonnes of CO2-equivalent,2012,,11320248.2,,A,Normal value,3,Thousands,,,,,2,Two,,
DATAFLOW,OECD.ENV.EPI:DSD_AIR_GHG@DF_AIR_GHG(1.0),Air emissions - Greenhouse gas emissions Inventories,I,CHN,China (People’s Republic of),A,Annual,GHG,Greenhouse gases,T_LULU,"Total emissions including land use, land-use change and forestry",T_CO2E,Tonnes of CO2-equivalent,2014,,11185410,,A,Normal value,3,Thousands,,,,,2,Two,,
DATAFLOW,OECD.ENV.EPI:DSD_AIR_GHG@DF_AIR_GHG(1.0),Air emissions - Greenhouse gas emissions Inventories,I,HRV,Croatia,A,Annual,GHG,Greenhouse gases,T_LULU,"Total emissions including land use, land-use change and forestry",T_CO2E,Tonnes of CO2-equivalent,1990,,25141.98,,A,Normal value,3,Thousands,,,,,2,Two,,
DATAFLOW,OECD.ENV.EPI:DSD_AIR_GHG@DF_AIR_GHG(1.0),Air emissions - Greenhouse gas emissions Inventories,I,HRV,Croatia,A,Annual,GHG,Greenhouse gases,T_LULU,"Total emissions including land use, land-use change and forestry",T_CO2E,Tonnes of CO2-equivalent,1991,,17335.04,,A,Normal value,3,Thousands,,,,,2,Two,,
DATAFLOW,OECD.ENV.EPI:DSD_AIR_GHG@DF_AIR_GHG(1.0),Air emissions - Greenhouse gas emissions Inventories,I,HRV,Croatia,A,Annual,GHG,Greenhouse gases,T_LULU,"Total emissions including land use, land-use change and forestry",T_CO2E,Tonnes of CO2-equivalent,1992,,15350.31,,A,Normal value,3,Thousands,,,,,2,Two,,
DATAFLOW,OECD.ENV.EPI:DSD_AIR_GHG@DF_AIR_GHG(1.0),Air emissions - Greenhouse gas emissions Inventories,I,HRV,Croatia,A,Annual,GHG,Greenhouse gases,T_LULU,"Total emissions including land use, land-use change and forestry",T_CO2E,Tonnes of CO2-equivalent,1993,,15181.9,,A,Normal value,3,Thousands,,,,,2,Two,,
DATAFLOW,OECD.ENV.EPI:DSD_AIR_GHG@DF_AIR_GHG(1.0),Air emissions - Greenhouse gas emissions Inventories,I,HRV,Croatia,A,Annual,GHG,Greenhouse gases,T_LULU,"Total emissions including land use, land-use change and forestry",T_CO2E,Tonnes of CO2-equivalent,1994,,13997.31,,A,Normal value,3,Thousands,,,,,2,Two,,
DATAFLOW,OECD.ENV.EPI:DSD_AIR_GHG@DF_AIR_GHG(1.0),Air emissions - Greenhouse gas emissions Inventories,I,HRV,Croatia,A,Annual,GHG,Greenhouse gases,T_LULU,"Total emissions including land use, land-use change and forestry",T_CO2E,Tonnes of CO2-equivalent,1995,,14181.73,,A,Normal value,3,Thousands,,,,,2,Two,,
DATAFLOW,OECD.ENV.EPI:DSD_AIR_GHG@DF_AIR_GHG(1.0),Air emissions - Greenhouse gas emissions Inventories,I,HRV,Croatia,A,Annual,GHG,Greenhouse gases,T_LULU,"Total emissions including land use, land-use change and forestry",T_CO2E,Tonnes of CO2-equivalent,1996,,15029.98,,A,Normal value,3,Thousands,,,,,2,Two,,
DATAFLOW,OECD.ENV.EPI:DSD_AIR_GHG@DF_AIR_GHG(1.0),Air emissions - Greenhouse gas emissions Inventories,I,HRV,Croatia,A,Annual,GHG,Greenhouse gases,T_LULU,"Total emissions including land use, land-use change and forestry",T_CO2E,Tonnes of CO2-equivalent,1997,,17001.31,,A,Normal value,3,Thousands,,,,,2,Two,,
DATAFLOW,OECD.ENV.EPI:DSD_AIR_GHG@DF_AIR_GHG(1.0),Air emissions - Greenhouse gas emissions Inventories,I,HRV,Croatia,A,Annual,GHG,Greenhouse gases,T_LULU,"Total emissions including land use, land-use change and forestry",T_CO2E,Tonnes of CO2-equivalent,1998,,17319.36,,A,Normal value,3,Thousands,,,,,2,Two,,
DATAFLOW,OECD.ENV.EPI:DSD_AIR_GHG@DF_AIR_GHG(1.0),Air emissions - Greenhouse gas emissions Inventories,I,HRV,Croatia,A,Annual,GHG,Greenhouse gases,T_LULU,"Total emissions including land use, land-use change and forestry",T_CO2E,Tonnes of CO2-equivalent,1999,,17812.14,,A,Normal value,3,Thousands,,,,,2,Two,,
DATAFLOW,OECD.ENV.EPI:DSD_AIR_GHG@DF_AIR_GHG(1.0),Air emissions - Greenhouse gas emissions Inventories,I,HRV,Croatia,A,Annual,GHG,Greenhouse gases,T_LULU,"Total emissions including land use, land-use change and forestry",T_CO2E,Tonnes of CO2-equivalent,2000,,18958.22,,A,Normal value,3,Thousands,,,,,2,Two,,
DATAFLOW,OECD.ENV.EPI:DSD_AIR_GHG@DF_AIR_GHG(1.0),Air emissions - Greenhouse gas emissions Inventories,I,HRV,Croatia,A,Annual,GHG,Greenhouse gases,T_LULU,"Total emissions including land use, land-use change and forestry",T_CO2E,Tonnes of CO2-equivalent,2001,,18899.52,,A,Normal value,3,Thousands,,,,,2,Two,,
DATAFLOW,OECD.ENV.EPI:DSD_AIR_GHG@DF_AIR_GHG(1.0),Air emissions - Greenhouse gas emissions Inventories,I,HRV,Croatia,A,Annual,GHG,Greenhouse gases,T_LULU,"Total emissions including land use, land-use change and forestry",T_CO2E,Tonnes of CO2-equivalent,2002,,19684.21,,A,Normal value,3,Thousands,,,,,2,Two,,
DATAFLOW,OECD.ENV.EPI:DSD_AIR_GHG@DF_AIR_GHG(1.0),Air emissions - Greenhouse gas emissions Inventories,I,HRV,Croatia,A,Annual,GHG,Greenhouse gases,T_LULU,"Total emissions including land use, land-use change and forestry",T_CO2E,Tonnes of CO2-equivalent,2003,,21970.06,,A,Normal value,3,Thousands,,,,,2,Two,,
DATAFLOW,OECD.ENV.EPI:DSD_AIR_GHG@DF_AIR_GHG(1.0),Air emissions - Greenhouse gas emissions Inventories,I,HRV,Croatia,A,Annual,GHG,Greenhouse gases,T_LULU,"Total emissions including land use, land-use change and forestry",T_CO2E,Tonnes of CO2-equivalent,2004,,21658.12,,A,Normal value,3,Thousands,,,,,2,Two,,
DATAFLOW,OECD.ENV.EPI:DSD_AIR_GHG@DF_AIR_GHG(1.0),Air emissions - Greenhouse gas emissions Inventories,I,HRV,Croatia,A,Annual,GHG,Greenhouse gases,T_LULU,"Total emissions including land use, land-use change and forestry",T_CO2E,Tonnes of CO2-equivalent,2005,,21907.76,,A,Normal value,3,Thousands,,,,,2,Two,,
DATAFLOW,OECD.ENV.EPI:DSD_AIR_GHG@DF_AIR_GHG(1.0),Air emissions - Greenhouse gas emissions Inventories,I,HRV,Croatia,A,Annual,GHG,Greenhouse gases,T_LULU,"Total emissions including land use, land-use change and forestry",T_CO2E,Tonnes of CO2-equivalent,2006,,22498.24,,A,Normal value,3,Thousands,,,,,2,Two,,
DATAFLOW,OECD.ENV.EPI:DSD_AIR_GHG@DF_AIR_GHG(1.0),Air emissions - Greenhouse gas emissions Inventories,I,HRV,Croatia,A,Annual,GHG,Greenhouse gases,T_LULU,"Total emissions including land use, land-use change and forestry",T_CO2E,Tonnes of CO2-equivalent,2007,,25084.67,,A,Normal value,3,Thousands,,,,,2,Two,,
DATAFLOW,OECD.ENV.EPI:DSD_AIR_GHG@DF_AIR_GHG(1.0),Air emissions - Greenhouse gas emissions Inventories,I,HRV,Croatia,A,Annual,GHG,Greenhouse gases,T_LULU,"Total emissions including land use, land-use change and forestry",T_CO2E,Tonnes of CO2-equivalent,2008,,23927.86,,A,Normal value,3,Thousands,,,,,2,Two,,
DATAFLOW,OECD.ENV.EPI:DSD_AIR_GHG@DF_AIR_GHG(1.0),Air emissions - Greenhouse gas emissions Inventories,I,HRV,Croatia,A,Annual,GHG,Greenhouse gases,T_LULU,"Total emissions including land use, land-use change and forestry",T_CO2E,Tonnes of CO2-equivalent,2009,,21636.14,,A,Normal value,3,Thousands,,,,,2,Two,,
DATAFLOW,OECD.ENV.EPI:DSD_AIR_GHG@DF_AIR_GHG(1.0),Air emissions - Greenhouse gas emissions Inventories,I,HRV,Croatia,A,Annual,GHG,Greenhouse gases,T_LULU,"Total emissions including land use, land-use change and forestry",T_CO2E,Tonnes of CO2-equivalent,2010,,21283.43,,A,Normal value,3,Thousands,,,,,2,Two,,
DATAFLOW,OECD.ENV.EPI:DSD_AIR_GHG@DF_AIR_GHG(1.0),Air emissions - Greenhouse gas emissions Inventories,I,HRV,Croatia,A,Annual,GHG,Greenhouse gases,T_LULU,"Total emissions including land use, land-use change and forestry",T_CO2E,Tonnes of CO2-equivalent,2011,,22250.53,,A,Normal value,3,Thousands,,,,,2,Two,,
DATAFLOW,OECD.ENV.EPI:DSD_AIR_GHG@DF_AIR_GHG(1.0),Air emissions - Greenhouse gas emissions Inventories,I,HRV,Croatia,A,Annual,GHG,Greenhouse gases,T_LULU,"Total emissions including land use, land-use change and forestry",T_CO2E,Tonnes of CO2-equivalent,2012,,20932.23,,A,Normal value,3,Thousands,,,,,2,Two,,
DATAFLOW,OECD.ENV.EPI:DSD_AIR_GHG@DF_AIR_GHG(1.0),Air emissions - Greenhouse gas emissions Inventories,I,HRV,Croatia,A,Annual,GHG,Greenhouse gases,T_LULU,"Total emissions including land use, land-use change and forestry",T_CO2E,Tonnes of CO2-equivalent,2013,,18742.36,,A,Normal value,3,Thousands,,,,,2,Two,,
DATAFLOW,OECD.ENV.EPI:DSD_AIR_GHG@DF_AIR_GHG(1.0),Air emissions - Greenhouse gas emissions Inventories,I,HRV,Croatia,A,Annual,GHG,Greenhouse gases,T_LULU,"Total emissions including land use, land-use change and forestry",T_CO2E,Tonnes of CO2-equivalent,2014,,18151.1,,A,Normal value,3,Thousands,,,,,2,Two,,
DATAFLOW,OECD.ENV.EPI:DSD_AIR_GHG@DF_AIR_GHG(1.0),Air emissions - Greenhouse gas emissions Inventories,I,HRV,Croatia,A,Annual,GHG,Greenhouse gases,T_LULU,"Total emissions including land use, land-use change and forestry",T_CO2E,Tonnes of CO2-equivalent,2015,,18912.65,,A,Normal value,3,Thousands,,,,,2,Two,,
DATAFLOW,OECD.ENV.EPI:DSD_AIR_GHG@DF_AIR_GHG(1.0),Air emissions - Greenhouse gas emissions Inventories,I,HRV,Croatia,A,Annual,GHG,Greenhouse gases,T_LULU,"Total emissions including land use, land-use change and forestry",T_CO2E,Tonnes of CO2-equivalent,2016,,19125.45,,A,Normal value,3,Thousands,,,,,2,Two,,
DATAFLOW,OECD.ENV.EPI:DSD_AIR_GHG@DF_AIR_GHG(1.0),Air emissions - Greenhouse gas emissions Inventories,I,HRV,Croatia,A,Annual,GHG,Greenhouse gases,T_LULU,"Total emissions including land use, land-use change and forestry",T_CO2E,Tonnes of CO2-equivalent,2017,,20813.57,,A,Normal value,3,Thousands,,,,,2,Two,,
DATAFLOW,OECD.ENV.EPI:DSD_AIR_GHG@DF_AIR_GHG(1.0),Air emissions - Greenhouse gas emissions Inventories,I,HRV,Croatia,A,Annual,GHG,Greenhouse gases,T_LULU,"Total emissions including land use, land-use change and forestry",T_CO2E,Tonnes of CO2-equivalent,2018,,19097.16,,A,Normal value,3,Thousands,,,,,2,Two,,
DATAFLOW,OECD.ENV.EPI:DSD_AIR_GHG@DF_AIR_GHG(1.0),Air emissions - Greenhouse gas emissions Inventories,I,HRV,Croatia,A,Annual,GHG,Greenhouse gases,T_LULU,"Total emissions including land use, land-use change and forestry",T_CO2E,Tonnes of CO2-equivalent,2019,,19063.55,,A,Normal value,3,Thousands,,,,,2,Two,,
DATAFLOW,OECD.ENV.EPI:DSD_AIR_GHG@DF_AIR_GHG(1.0),Air emissions - Greenhouse gas emissions Inventories,I,HRV,Croatia,A,Annual,GHG,Greenhouse gases,T_LULU,"Total emissions including land use, land-use change and forestry",T_CO2E,Tonnes of CO2-equivalent,2020,,18240.03,,A,Normal value,3,Thousands,,,,,2,Two,,
DATAFLOW,OECD.ENV.EPI:DSD_AIR_GHG@DF_AIR_GHG(1.0),Air emissions - Greenhouse gas emissions Inventories,I,HRV,Croatia,A,Annual,GHG,Greenhouse gases,T_LULU,"Total emissions including land use, land-use change and forestry",T_CO2E,Tonnes of CO2-equivalent,2021,,18644.05,,A,Normal value,3,Thousands,,,,,2,Two,,
DATAFLOW,OECD.ENV.EPI:DSD_AIR_GHG@DF_AIR_GHG(1.0),Air emissions - Greenhouse gas emissions Inventories,I,CZE,Czechia,A,Annual,GHG,Greenhouse gases,T_LULU,"Total emissions including land use, land-use change and forestry",T_CO2E,Tonnes of CO2-equivalent,1990,,190189.53,,A,Normal value,3,Thousands,,,,,2,Two,,
DATAFLOW,OECD.ENV.EPI:DSD_AIR_GHG@DF_AIR_GHG(1.0),Air emissions - Greenhouse gas emissions Inventories,I,CZE,Czechia,A,Annual,GHG,Greenhouse gases,T_LULU,"Total emissions including land use, land-use change and forestry",T_CO2E,Tonnes of CO2-equivalent,1991,,170924.74,,A,Normal value,3,Thousands,,,,,2,Two,,
DATAFLOW,OECD.ENV.EPI:DSD_AIR_GHG@DF_AIR_GHG(1.0),Air emissions - Greenhouse gas emissions Inventories,I,CZE,Czechia,A,Annual,GHG,Greenhouse gases,T_LULU,"Total emissions including land use, land-use change and forestry",T_CO2E,Tonnes of CO2-equivalent,1992,,164965.26,,A,Normal value,3,Thousands,,,,,2,Two,,
DATAFLOW,OECD.ENV.EPI:DSD_AIR_GHG@DF_AIR_GHG(1.0),Air emissions - Greenhouse gas emissions Inventories,I,CZE,Czechia,A,Annual,GHG,Greenhouse gases,T_LULU,"Total emissions including land use, land-use change and forestry",T_CO2E,Tonnes of CO2-equivalent,1993,,157636.45,,A,Normal value,3,Thousands,,,,,2,Two,,
DATAFLOW,OECD.ENV.EPI:DSD_AIR_GHG@DF_AIR_GHG(1.0),Air emissions - Greenhouse gas emissions Inventories,I,CZE,Czechia,A,Annual,GHG,Greenhouse gases,T_LULU,"Total emissions including land use, land-use change and forestry",T_CO2E,Tonnes of CO2-equivalent,1994,,150027.71,,A,Normal value,3,Thousands,,,,,2,Two,,
DATAFLOW,OECD.ENV.EPI:DSD_AIR_GHG@DF_AIR_GHG(1.0),Air emissions - Greenhouse gas emissions Inventories,I,CZE,Czechia,A,Annual,GHG,Greenhouse gases,T_LULU,"Total emissions including land use, land-use change and forestry",T_CO2E,Tonnes of CO2-equivalent,1995,,148694.71,,A,Normal value,3,Thousands,,,,,2,Two,,
DATAFLOW,OECD.ENV.EPI:DSD_AIR_GHG@DF_AIR_GHG(1.0),Air emissions - Greenhouse gas emissions Inventories,I,CZE,Czechia,A,Annual,GHG,Greenhouse gases,T_LULU,"Total emissions including land use, land-use change and forestry",T_CO2E,Tonnes of CO2-equivalent,1996,,152296.51,,A,Normal value,3,Thousands,,,,,2,Two,,
DATAFLOW,OECD.ENV.EPI:DSD_AIR_GHG@DF_AIR_GHG(1.0),Air emissions - Greenhouse gas emissions Inventories,I,CZE,Czechia,A,Annual,GHG,Greenhouse gases,T_LULU,"Total emissions including land use, land-use change and forestry",T_CO2E,Tonnes of CO2-equivalent,1997,,148736.09,,A,Normal value,3,Thousands,,,,,2,Two,,
DATAFLOW,OECD.ENV.EPI:DSD_AIR_GHG@DF_AIR_GHG(1.0),Air emissions - Greenhouse gas emissions Inventories,I,CZE,Czechia,A,Annual,GHG,Greenhouse gases,T_LULU,"Total emissions including land use, land-use change and forestry",T_CO2E,Tonnes of CO2-equivalent,1998,,142879.23,,A,Normal value,3,Thousands,,,,,2,Two,,
DATAFLOW,OECD.ENV.EPI:DSD_AIR_GHG@DF_AIR_GHG(1.0),Air emissions - Greenhouse gas emissions Inventories,I,CZE,Czechia,A,Annual,GHG,Greenhouse gases,T_LULU,"Total emissions including land use, land-use change and forestry",T_CO2E,Tonnes of CO2-equivalent,1999,,132674.92,,A,Normal value,3,Thousands,,,,,2,Two,,
DATAFLOW,OECD.ENV.EPI:DSD_AIR_GHG@DF_AIR_GHG(1.0),Air emissions - Greenhouse gas emissions Inventories,I,CZE,Czechia,A,Annual,GHG,Greenhouse gases,T_LULU,"Total emissions including land use, land-use change and forestry",T_CO2E,Tonnes of CO2-equivalent,2000,,141971.34,,A,Normal value,3,Thousands,,,,,2,Two,,
DATAFLOW,OECD.ENV.EPI:DSD_AIR_GHG@DF_AIR_GHG(1.0),Air emissions - Greenhouse gas emissions Inventories,I,CZE,Czechia,A,Annual,GHG,Greenhouse gases,T_LULU,"Total emissions including land use, land-use change and forestry",T_CO2E,Tonnes of CO2-equivalent,2001,,141599.6,,A,Normal value,3,Thousands,,,,,2,Two,,
DATAFLOW,OECD.ENV.EPI:DSD_AIR_GHG@DF_AIR_GHG(1.0),Air emissions - Greenhouse gas emissions Inventories,I,CZE,Czechia,A,Annual,GHG,Greenhouse gases,T_LULU,"Total emissions including land use, land-use change and forestry",T_CO2E,Tonnes of CO2-equivalent,2002,,138036.86,,A,Normal value,3,Thousands,,,,,2,Two,,
DATAFLOW,OECD.ENV.EPI:DSD_AIR_GHG@DF_AIR_GHG(1.0),Air emissions - Greenhouse gas emissions Inventories,I,CZE,Czechia,A,Annual,GHG,Greenhouse gases,T_LULU,"Total emissions including land use, land-use change and forestry",T_CO2E,Tonnes of CO2-equivalent,2003,,141835.27,,A,Normal value,3,Thousands,,,,,2,Two,,
DATAFLOW,OECD.ENV.EPI:DSD_AIR_GHG@DF_AIR_GHG(1.0),Air emissions - Greenhouse gas emissions Inventories,I,CZE,Czechia,A,Annual,GHG,Greenhouse gases,T_LULU,"Total emissions including land use, land-use change and forestry",T_CO2E,Tonnes of CO2-equivalent,2004,,142866.87,,A,Normal value,3,Thousands,,,,,2,Two,,
DATAFLOW,OECD.ENV.EPI:DSD_AIR_GHG@DF_AIR_GHG(1.0),Air emissions - Greenhouse gas emissions Inventories,I,CZE,Czechia,A,Annual,GHG,Greenhouse gases,T_LULU,"Total emissions including land use, land-use change and forestry",T_CO2E,Tonnes of CO2-equivalent,2005,,140676.9,,A,Normal value,3,Thousands,,,,,2,Two,,
DATAFLOW,OECD.ENV.EPI:DSD_AIR_GHG@DF_AIR_GHG(1.0),Air emissions - Greenhouse gas emissions Inventories,I,CZE,Czechia,A,Annual,GHG,Greenhouse gases,T_LULU,"Total emissions including land use, land-use change and forestry",T_CO2E,Tonnes of CO2-equivalent,2006,,143088.99,,A,Normal value,3,Thousands,,,,,2,Two,,
DATAFLOW,OECD.ENV.EPI:DSD_AIR_GHG@DF_AIR_GHG(1.0),Air emissions - Greenhouse gas emissions Inventories,I,CZE,Czechia,A,Annual,GHG,Greenhouse gases,T_LULU,"Total emissions including land use, land-use change and forestry",T_CO2E,Tonnes of CO2-equivalent,2007,,145322.42,,A,Normal value,3,Thousands,,,,,2,Two,,
DATAFLOW,OECD.ENV.EPI:DSD_AIR_GHG@DF_AIR_GHG(1.0),Air emissions - Greenhouse gas emissions Inventories,I,CZE,Czechia,A,Annual,GHG,Greenhouse gases,T_LULU,"Total emissions including land use, land-use change and forestry",T_CO2E,Tonnes of CO2-equivalent,2008,,138925.19,,A,Normal value,3,Thousands,,,,,2,Two,,
DATAFLOW,OECD.ENV.EPI:DSD_AIR_GHG@DF_AIR_GHG(1.0),Air emissions - Greenhouse gas emissions Inventories,I,CZE,Czechia,A,Annual,GHG,Greenhouse gases,T_LULU,"Total emissions including land use, land-use change and forestry",T_CO2E,Tonnes of CO2-equivalent,2009,,129494.55,,A,Normal value,3,Thousands,,,,,2,Two,,
DATAFLOW,OECD.ENV.EPI:DSD_AIR_GHG@DF_AIR_GHG(1.0),Air emissions - Greenhouse gas emissions Inventories,I,CZE,Czechia,A,Annual,GHG,Greenhouse gases,T_LULU,"Total emissions including land use, land-use change and forestry",T_CO2E,Tonnes of CO2-equivalent,2010,,133012.72,,A,Normal value,3,Thousands,,,,,2,Two,,
DATAFLOW,OECD.ENV.EPI:DSD_AIR_GHG@DF_AIR_GHG(1.0),Air emissions - Greenhouse gas emissions Inventories,I,CZE,Czechia,A,Annual,GHG,Greenhouse gases,T_LULU,"Total emissions including land use, land-use change and forestry",T_CO2E,Tonnes of CO2-equivalent,2011,,131048.73,,A,Normal value,3,Thousands,,,,,2,Two,,
DATAFLOW,OECD.ENV.EPI:DSD_AIR_GHG@DF_AIR_GHG(1.0),Air emissions - Greenhouse gas emissions Inventories,I,CZE,Czechia,A,Annual,GHG,Greenhouse gases,T_LULU,"Total emissions including land use, land-use change and forestry",T_CO2E,Tonnes of CO2-equivalent,2012,,126916.17,,A,Normal value,3,Thousands,,,,,2,Two,,
DATAFLOW,OECD.ENV.EPI:DSD_AIR_GHG@DF_AIR_GHG(1.0),Air emissions - Greenhouse gas emissions Inventories,I,CZE,Czechia,A,Annual,GHG,Greenhouse gases,T_LULU,"Total emissions including land use, land-use change and forestry",T_CO2E,Tonnes of CO2-equivalent,2013,,122170.09,,A,Normal value,3,Thousands,,,,,2,Two,,
DATAFLOW,OECD.ENV.EPI:DSD_AIR_GHG@DF_AIR_GHG(1.0),Air emissions - Greenhouse gas emissions Inventories,I,CZE,Czechia,A,Annual,GHG,Greenhouse gases,T_LULU,"Total emissions including land use, land-use change and forestry",T_CO2E,Tonnes of CO2-equivalent,2014,,120045.67,,A,Normal value,3,Thousands,,,,,2,Two,,
DATAFLOW,OECD.ENV.EPI:DSD_AIR_GHG@DF_AIR_GHG(1.0),Air emissions - Greenhouse gas emissions Inventories,I,CZE,Czechia,A,Annual,GHG,Greenhouse gases,T_LULU,"Total emissions including land use, land-use change and forestry",T_CO2E,Tonnes of CO2-equivalent,2015,,121542.35,,A,Normal value,3,Thousands,,,,,2,Two,,
DATAFLOW,OECD.ENV.EPI:DSD_AIR_GHG@DF_AIR_GHG(1.0),Air emissions - Greenhouse gas emissions Inventories,I,CZE,Czechia,A,Annual,GHG,Greenhouse gases,T_LULU,"Total emissions including land use, land-use change and forestry",T_CO2E,Tonnes of CO2-equivalent,2016,,123999.68,,A,Normal value,3,Thousands,,,,,2,Two,,
DATAFLOW,OECD.ENV.EPI:DSD_AIR_GHG@DF_AIR_GHG(1.0),Air emissions - Greenhouse gas emissions Inventories,I,CZE,Czechia,A,Annual,GHG,Greenhouse gases,T_LULU,"Total emissions including land use, land-use change and forestry",T_CO2E,Tonnes of CO2-equivalent,2017,,126453.11,,A,Normal value,3,Thousands,,,,,2,Two,,
DATAFLOW,OECD.ENV.EPI:DSD_AIR_GHG@DF_AIR_GHG(1.0),Air emissions - Greenhouse gas emissions Inventories,I,CZE,Czechia,A,Annual,GHG,Greenhouse gases,T_LULU,"Total emissions including land use, land-use change and forestry",T_CO2E,Tonnes of CO2-equivalent,2018,,130181.88,,A,Normal value,3,Thousands,,,,,2,Two,,
DATAFLOW,OECD.ENV.EPI:DSD_AIR_GHG@DF_AIR_GHG(1.0),Air emissions - Greenhouse gas emissions Inventories,I,CZE,Czechia,A,Annual,GHG,Greenhouse gases,T_LULU,"Total emissions including land use, land-use change and forestry",T_CO2E,Tonnes of CO2-equivalent,2019,,131229.33,,A,Normal value,3,Thousands,,,,,2,Two,,
DATAFLOW,OECD.ENV.EPI:DSD_AIR_GHG@DF_AIR_GHG(1.0),Air emissions - Greenhouse gas emissions Inventories,I,CZE,Czechia,A,Annual,GHG,Greenhouse gases,T_LULU,"Total emissions including land use, land-use change and forestry",T_CO2E,Tonnes of CO2-equivalent,2020,,124339.9,,A,Normal value,3,Thousands,,,,,2,Two,,
DATAFLOW,OECD.ENV.EPI:DSD_AIR_GHG@DF_AIR_GHG(1.0),Air emissions - Greenhouse gas emissions Inventories,I,CZE,Czechia,A,Annual,GHG,Greenhouse gases,T_LULU,"Total emissions including land use, land-use change and forestry",T_CO2E,Tonnes of CO2-equivalent,2021,,126739.7,,A,Normal value,3,Thousands,,,,,2,Two,,
DATAFLOW,OECD.ENV.EPI:DSD_AIR_GHG@DF_AIR_GHG(1.0),Air emissions - Greenhouse gas emissions Inventories,I,LVA,Latvia,A,Annual,GHG,Greenhouse gases,T_LULU,"Total emissions including land use, land-use change and forestry",T_CO2E,Tonnes of CO2-equivalent,1990,,13632.62,,A,Normal value,3,Thousands,,,,,2,Two,,
DATAFLOW,OECD.ENV.EPI:DSD_AIR_GHG@DF_AIR_GHG(1.0),Air emissions - Greenhouse gas emissions Inventories,I,LVA,Latvia,A,Annual,GHG,Greenhouse gases,T_LULU,"Total emissions including land use, land-use change and forestry",T_CO2E,Tonnes of CO2-equivalent,1991,,11322.07,,A,Normal value,3,Thousands,,,,,2,Two,,
DATAFLOW,OECD.ENV.EPI:DSD_AIR_GHG@DF_AIR_GHG(1.0),Air emissions - Greenhouse gas emissions Inventories,I,LVA,Latvia,A,Annual,GHG,Greenhouse gases,T_LULU,"Total emissions including land use, land-use change and forestry",T_CO2E,Tonnes of CO2-equivalent,1992,,6163.19,,A,Normal value,3,Thousands,,,,,2,Two,,
DATAFLOW,OECD.ENV.EPI:DSD_AIR_GHG@DF_AIR_GHG(1.0),Air emissions - Greenhouse gas emissions Inventories,I,LVA,Latvia,A,Annual,GHG,Greenhouse gases,T_LULU,"Total emissions including land use, land-use change and forestry",T_CO2E,Tonnes of CO2-equivalent,1993,,2829.46,,A,Normal value,3,Thousands,,,,,2,Two,,
DATAFLOW,OECD.ENV.EPI:DSD_AIR_GHG@DF_AIR_GHG(1.0),Air emissions - Greenhouse gas emissions Inventories,I,LVA,Latvia,A,Annual,GHG,Greenhouse gases,T_LULU,"Total emissions including land use, land-use change and forestry",T_CO2E,Tonnes of CO2-equivalent,1994,,-2017.51,,A,Normal value,3,Thousands,,,,,2,Two,,
DATAFLOW,OECD.ENV.EPI:DSD_AIR_GHG@DF_AIR_GHG(1.0),Air emissions - Greenhouse gas emissions Inventories,I,LVA,Latvia,A,Annual,GHG,Greenhouse gases,T_LULU,"Total emissions including land use, land-use change and forestry",T_CO2E,Tonnes of CO2-equivalent,1995,,-2248.43,,A,Normal value,3,Thousands,,,,,2,Two,,
DATAFLOW,OECD.ENV.EPI:DSD_AIR_GHG@DF_AIR_GHG(1.0),Air emissions - Greenhouse gas emissions Inventories,I,LVA,Latvia,A,Annual,GHG,Greenhouse gases,T_LULU,"Total emissions including land use, land-use change and forestry",T_CO2E,Tonnes of CO2-equivalent,1996,,-2365.19,,A,Normal value,3,Thousands,,,,,2,Two,,
DATAFLOW,OECD.ENV.EPI:DSD_AIR_GHG@DF_AIR_GHG(1.0),Air emissions - Greenhouse gas emissions Inventories,I,LVA,Latvia,A,Annual,GHG,Greenhouse gases,T_LULU,"Total emissions including land use, land-use change and forestry",T_CO2E,Tonnes of CO2-equivalent,1997,,-1155.31,,A,Normal value,3,Thousands,,,,,2,Two,,
DATAFLOW,OECD.ENV.EPI:DSD_AIR_GHG@DF_AIR_GHG(1.0),Air emissions - Greenhouse gas emissions Inventories,I,LVA,Latvia,A,Annual,GHG,Greenhouse gases,T_LULU,"Total emissions including land use, land-use change and forestry",T_CO2E,Tonnes of CO2-equivalent,1998,,-709.75,,A,Normal value,3,Thousands,,,,,2,Two,,
DATAFLOW,OECD.ENV.EPI:DSD_AIR_GHG@DF_AIR_GHG(1.0),Air emissions - Greenhouse gas emissions Inventories,I,LVA,Latvia,A,Annual,GHG,Greenhouse gases,T_LULU,"Total emissions including land use, land-use change and forestry",T_CO2E,Tonnes of CO2-equivalent,1999,,2181.59,,A,Normal value,3,Thousands,,,,,2,Two,,
DATAFLOW,OECD.ENV.EPI:DSD_AIR_GHG@DF_AIR_GHG(1.0),Air emissions - Greenhouse gas emissions Inventories,I,LVA,Latvia,A,Annual,GHG,Greenhouse gases,T_LULU,"Total emissions including land use, land-use change and forestry",T_CO2E,Tonnes of CO2-equivalent,2000,,-1683.34,,A,Normal value,3,Thousands,,,,,2,Two,,
DATAFLOW,OECD.ENV.EPI:DSD_AIR_GHG@DF_AIR_GHG(1.0),Air emissions - Greenhouse gas emissions Inventories,I,LVA,Latvia,A,Annual,GHG,Greenhouse gases,T_LULU,"Total emissions including land use, land-use change and forestry",T_CO2E,Tonnes of CO2-equivalent,2001,,-1602.21,,A,Normal value,3,Thousands,,,,,2,Two,,
DATAFLOW,OECD.ENV.EPI:DSD_AIR_GHG@DF_AIR_GHG(1.0),Air emissions - Greenhouse gas emissions Inventories,I,LVA,Latvia,A,Annual,GHG,Greenhouse gases,T_LULU,"Total emissions including land use, land-use change and forestry",T_CO2E,Tonnes of CO2-equivalent,2002,,81.4,,A,Normal value,3,Thousands,,,,,2,Two,,
DATAFLOW,OECD.ENV.EPI:DSD_AIR_GHG@DF_AIR_GHG(1.0),Air emissions - Greenhouse gas emissions Inventories,I,LVA,Latvia,A,Annual,GHG,Greenhouse gases,T_LULU,"Total emissions including land use, land-use change and forestry",T_CO2E,Tonnes of CO2-equivalent,2003,,688.77,,A,Normal value,3,Thousands,,,,,2,Two,,
DATAFLOW,OECD.ENV.EPI:DSD_AIR_GHG@DF_AIR_GHG(1.0),Air emissions - Greenhouse gas emissions Inventories,I,LVA,Latvia,A,Annual,GHG,Greenhouse gases,T_LULU,"Total emissions including land use, land-use change and forestry",T_CO2E,Tonnes of CO2-equivalent,2004,,4343.52,,A,Normal value,3,Thousands,,,,,2,Two,,
DATAFLOW,OECD.ENV.EPI:DSD_AIR_GHG@DF_AIR_GHG(1.0),Air emissions - Greenhouse gas emissions Inventories,I,LVA,Latvia,A,Annual,GHG,Greenhouse gases,T_LULU,"Total emissions including land use, land-use change and forestry",T_CO2E,Tonnes of CO2-equivalent,2005,,5055.86,,A,Normal value,3,Thousands,,,,,2,Two,,
DATAFLOW,OECD.ENV.EPI:DSD_AIR_GHG@DF_AIR_GHG(1.0),Air emissions - Greenhouse gas emissions Inventories,I,LVA,Latvia,A,Annual,GHG,Greenhouse gases,T_LULU,"Total emissions including land use, land-use change and forestry",T_CO2E,Tonnes of CO2-equivalent,2006,,4743.94,,A,Normal value,3,Thousands,,,,,2,Two,,
DATAFLOW,OECD.ENV.EPI:DSD_AIR_GHG@DF_AIR_GHG(1.0),Air emissions - Greenhouse gas emissions Inventories,I,LVA,Latvia,A,Annual,GHG,Greenhouse gases,T_LULU,"Total emissions including land use, land-use change and forestry",T_CO2E,Tonnes of CO2-equivalent,2007,,5616.03,,A,Normal value,3,Thousands,,,,,2,Two,,
DATAFLOW,OECD.ENV.EPI:DSD_AIR_GHG@DF_AIR_GHG(1.0),Air emissions - Greenhouse gas emissions Inventories,I,LVA,Latvia,A,Annual,GHG,Greenhouse gases,T_LULU,"Total emissions including land use, land-use change and forestry",T_CO2E,Tonnes of CO2-equivalent,2008,,4769.36,,A,Normal value,3,Thousands,,,,,2,Two,,
DATAFLOW,OECD.ENV.EPI:DSD_AIR_GHG@DF_AIR_GHG(1.0),Air emissions - Greenhouse gas emissions Inventories,I,LVA,Latvia,A,Annual,GHG,Greenhouse gases,T_LULU,"Total emissions including land use, land-use change and forestry",T_CO2E,Tonnes of CO2-equivalent,2009,,6979.91,,A,Normal value,3,Thousands,,,,,2,Two,,
DATAFLOW,OECD.ENV.EPI:DSD_AIR_GHG@DF_AIR_GHG(1.0),Air emissions - Greenhouse gas emissions Inventories,I,LVA,Latvia,A,Annual,GHG,Greenhouse gases,T_LULU,"Total emissions including land use, land-use change and forestry",T_CO2E,Tonnes of CO2-equivalent,2010,,9828.95,,A,Normal value,3,Thousands,,,,,2,Two,,
DATAFLOW,OECD.ENV.EPI:DSD_AIR_GHG@DF_AIR_GHG(1.0),Air emissions - Greenhouse gas emissions Inventories,I,LVA,Latvia,A,Annual,GHG,Greenhouse gases,T_LULU,"Total emissions including land use, land-use change and forestry",T_CO2E,Tonnes of CO2-equivalent,2011,,8637.24,,A,Normal value,3,Thousands,,,,,2,Two,,
DATAFLOW,OECD.ENV.EPI:DSD_AIR_GHG@DF_AIR_GHG(1.0),Air emissions - Greenhouse gas emissions Inventories,I,LVA,Latvia,A,Annual,GHG,Greenhouse gases,T_LULU,"Total emissions including land use, land-use change and forestry",T_CO2E,Tonnes of CO2-equivalent,2012,,7095.56,,A,Normal value,3,Thousands,,,,,2,Two,,
DATAFLOW,OECD.ENV.EPI:DSD_AIR_GHG@DF_AIR_GHG(1.0),Air emissions - Greenhouse gas emissions Inventories,I,LVA,Latvia,A,Annual,GHG,Greenhouse gases,T_LULU,"Total emissions including land use, land-use change and forestry",T_CO2E,Tonnes of CO2-equivalent,2013,,8299.43,,A,Normal value,3,Thousands,,,,,2,Two,,
DATAFLOW,OECD.ENV.EPI:DSD_AIR_GHG@DF_AIR_GHG(1.0),Air emissions - Greenhouse gas emissions Inventories,I,LVA,Latvia,A,Annual,GHG,Greenhouse gases,T_LULU,"Total emissions including land use, land-use change and forestry",T_CO2E,Tonnes of CO2-equivalent,2014,,12116.74,,A,Normal value,3,Thousands,,,,,2,Two,,
DATAFLOW,OECD.ENV.EPI:DSD_AIR_GHG@DF_AIR_GHG(1.0),Air emissions - Greenhouse gas emissions Inventories,I,LVA,Latvia,A,Annual,GHG,Greenhouse gases,T_LULU,"Total emissions including land use, land-use change and forestry",T_CO2E,Tonnes of CO2-equivalent,2015,,10903.67,,A,Normal value,3,Thousands,,,,,2,Two,,
DATAFLOW,OECD.ENV.EPI:DSD_AIR_GHG@DF_AIR_GHG(1.0),Air emissions - Greenhouse gas emissions Inventories,I,LVA,Latvia,A,Annual,GHG,Greenhouse gases,T_LULU,"Total emissions including land use, land-use change and forestry",T_CO2E,Tonnes of CO2-equivalent,2016,,9081.94,,A,Normal value,3,Thousands,,,,,2,Two,,
DATAFLOW,OECD.ENV.EPI:DSD_AIR_GHG@DF_AIR_GHG(1.0),Air emissions - Greenhouse gas emissions Inventories,I,LVA,Latvia,A,Annual,GHG,Greenhouse gases,T_LULU,"Total emissions including land use, land-use change and forestry",T_CO2E,Tonnes of CO2-equivalent,2017,,7666.45,,A,Normal value,3,Thousands,,,,,2,Two,,
DATAFLOW,OECD.ENV.EPI:DSD_AIR_GHG@DF_AIR_GHG(1.0),Air emissions - Greenhouse gas emissions Inventories,I,LVA,Latvia,A,Annual,GHG,Greenhouse gases,T_LULU,"Total emissions including land use, land-use change and forestry",T_CO2E,Tonnes of CO2-equivalent,2018,,10658.02,,A,Normal value,3,Thousands,,,,,2,Two,,
DATAFLOW,OECD.ENV.EPI:DSD_AIR_GHG@DF_AIR_GHG(1.0),Air emissions - Greenhouse gas emissions Inventories,I,LVA,Latvia,A,Annual,GHG,Greenhouse gases,T_LULU,"Total emissions including land use, land-use change and forestry",T_CO2E,Tonnes of CO2-equivalent,2019,,8838.97,,A,Normal value,3,Thousands,,,,,2,Two,,
DATAFLOW,OECD.ENV.EPI:DSD_AIR_GHG@DF_AIR_GHG(1.0),Air emissions - Greenhouse gas emissions Inventories,I,LVA,Latvia,A,Annual,GHG,Greenhouse gases,T_LULU,"Total emissions including land use, land-use change and forestry",T_CO2E,Tonnes of CO2-equivalent,2020,,11284.64,,A,Normal value,3,Thousands,,,,,2,Two,,
DATAFLOW,OECD.ENV.EPI:DSD_AIR_GHG@DF_AIR_GHG(1.0),Air emissions - Greenhouse gas emissions Inventories,I,LVA,Latvia,A,Annual,GHG,Greenhouse gases,T_LULU,"Total emissions including land use, land-use change and forestry",T_CO2E,Tonnes of CO2-equivalent,2021,,13119.74,,A,Normal value,3,Thousands,,,,,2,Two,,
DATAFLOW,OECD.ENV.EPI:DSD_AIR_GHG@DF_AIR_GHG(1.0),Air emissions - Greenhouse gas emissions Inventories,I,NZL,New Zealand,A,Annual,GHG,Greenhouse gases,T_LULU,"Total emissions including land use, land-use change and forestry",T_CO2E,Tonnes of CO2-equivalent,1990,,44548.84,,A,Normal value,3,Thousands,,,,,2,Two,,
DATAFLOW,OECD.ENV.EPI:DSD_AIR_GHG@DF_AIR_GHG(1.0),Air emissions - Greenhouse gas emissions Inventories,I,NZL,New Zealand,A,Annual,GHG,Greenhouse gases,T_LULU,"Total emissions including land use, land-use change and forestry",T_CO2E,Tonnes of CO2-equivalent,1991,,43527.64,,A,Normal value,3,Thousands,,,,,2,Two,,
DATAFLOW,OECD.ENV.EPI:DSD_AIR_GHG@DF_AIR_GHG(1.0),Air emissions - Greenhouse gas emissions Inventories,I,NZL,New Zealand,A,Annual,GHG,Greenhouse gases,T_LULU,"Total emissions including land use, land-use change and forestry",T_CO2E,Tonnes of CO2-equivalent,1992,,44820.26,,A,Normal value,3,Thousands,,,,,2,Two,,
DATAFLOW,OECD.ENV.EPI:DSD_AIR_GHG@DF_AIR_GHG(1.0),Air emissions - Greenhouse gas emissions Inventories,I,NZL,New Zealand,A,Annual,GHG,Greenhouse gases,T_LULU,"Total emissions including land use, land-use change and forestry",T_CO2E,Tonnes of CO2-equivalent,1993,,43758.42,,A,Normal value,3,Thousands,,,,,2,Two,,
DATAFLOW,OECD.ENV.EPI:DSD_AIR_GHG@DF_AIR_GHG(1.0),Air emissions - Greenhouse gas emissions Inventories,I,NZL,New Zealand,A,Annual,GHG,Greenhouse gases,T_LULU,"Total emissions including land use, land-use change and forestry",T_CO2E,Tonnes of CO2-equivalent,1994,,44948.78,,A,Normal value,3,Thousands,,,,,2,Two,,
DATAFLOW,OECD.ENV.EPI:DSD_AIR_GHG@DF_AIR_GHG(1.0),Air emissions - Greenhouse gas emissions Inventories,I,NZL,New Zealand,A,Annual,GHG,Greenhouse gases,T_LULU,"Total emissions including land use, land-use change and forestry",T_CO2E,Tonnes of CO2-equivalent,1995,,46565.65,,A,Normal value,3,Thousands,,,,,2,Two,,
DATAFLOW,OECD.ENV.EPI:DSD_AIR_GHG@DF_AIR_GHG(1.0),Air emissions - Greenhouse gas emissions Inventories,I,NZL,New Zealand,A,Annual,GHG,Greenhouse gases,T_LULU,"Total emissions including land use, land-use change and forestry",T_CO2E,Tonnes of CO2-equivalent,1996,,48991.24,,A,Normal value,3,Thousands,,,,,2,Two,,
DATAFLOW,OECD.ENV.EPI:DSD_AIR_GHG@DF_AIR_GHG(1.0),Air emissions - Greenhouse gas emissions Inventories,I,NZL,New Zealand,A,Annual,GHG,Greenhouse gases,T_LULU,"Total emissions including land use, land-use change and forestry",T_CO2E,Tonnes of CO2-equivalent,1997,,51073.06,,A,Normal value,3,Thousands,,,,,2,Two,,
DATAFLOW,OECD.ENV.EPI:DSD_AIR_GHG@DF_AIR_GHG(1.0),Air emissions - Greenhouse gas emissions Inventories,I,NZL,New Zealand,A,Annual,GHG,Greenhouse gases,T_LULU,"Total emissions including land use, land-use change and forestry",T_CO2E,Tonnes of CO2-equivalent,1998,,48180.74,,A,Normal value,3,Thousands,,,,,2,Two,,
DATAFLOW,OECD.ENV.EPI:DSD_AIR_GHG@DF_AIR_GHG(1.0),Air emissions - Greenhouse gas emissions Inventories,I,NZL,New Zealand,A,Annual,GHG,Greenhouse gases,T_LULU,"Total emissions including land use, land-use change and forestry",T_CO2E,Tonnes of CO2-equivalent,1999,,47148.68,,A,Normal value,3,Thousands,,,,,2,Two,,
DATAFLOW,OECD.ENV.EPI:DSD_AIR_GHG@DF_AIR_GHG(1.0),Air emissions - Greenhouse gas emissions Inventories,I,NZL,New Zealand,A,Annual,GHG,Greenhouse gases,T_LULU,"Total emissions including land use, land-use change and forestry",T_CO2E,Tonnes of CO2-equivalent,2000,,48061.49,,A,Normal value,3,Thousands,,,,,2,Two,,
DATAFLOW,OECD.ENV.EPI:DSD_AIR_GHG@DF_AIR_GHG(1.0),Air emissions - Greenhouse gas emissions Inventories,I,NZL,New Zealand,A,Annual,GHG,Greenhouse gases,T_LULU,"Total emissions including land use, land-use change and forestry",T_CO2E,Tonnes of CO2-equivalent,2001,,50399.57,,A,Normal value,3,Thousands,,,,,2,Two,,
DATAFLOW,OECD.ENV.EPI:DSD_AIR_GHG@DF_AIR_GHG(1.0),Air emissions - Greenhouse gas emissions Inventories,I,NZL,New Zealand,A,Annual,GHG,Greenhouse gases,T_LULU,"Total emissions including land use, land-use change and forestry",T_CO2E,Tonnes of CO2-equivalent,2002,,51726.18,,A,Normal value,3,Thousands,,,,,2,Two,,
DATAFLOW,OECD.ENV.EPI:DSD_AIR_GHG@DF_AIR_GHG(1.0),Air emissions - Greenhouse gas emissions Inventories,I,NZL,New Zealand,A,Annual,GHG,Greenhouse gases,T_LULU,"Total emissions including land use, land-use change and forestry",T_CO2E,Tonnes of CO2-equivalent,2003,,52740.6,,A,Normal value,3,Thousands,,,,,2,Two,,
DATAFLOW,OECD.ENV.EPI:DSD_AIR_GHG@DF_AIR_GHG(1.0),Air emissions - Greenhouse gas emissions Inventories,I,NZL,New Zealand,A,Annual,GHG,Greenhouse gases,T_LULU,"Total emissions including land use, land-use change and forestry",T_CO2E,Tonnes of CO2-equivalent,2004,,52635.35,,A,Normal value,3,Thousands,,,,,2,Two,,
DATAFLOW,OECD.ENV.EPI:DSD_AIR_GHG@DF_AIR_GHG(1.0),Air emissions - Greenhouse gas emissions Inventories,I,NZL,New Zealand,A,Annual,GHG,Greenhouse gases,T_LULU,"Total emissions including land use, land-use change and forestry",T_CO2E,Tonnes of CO2-equivalent,2005,,56452.72,,A,Normal value,3,Thousands,,,,,2,Two,,
DATAFLOW,OECD.ENV.EPI:DSD_AIR_GHG@DF_AIR_GHG(1.0),Air emissions - Greenhouse gas emissions Inventories,I,NZL,New Zealand,A,Annual,GHG,Greenhouse gases,T_LULU,"Total emissions including land use, land-use change and forestry",T_CO2E,Tonnes of CO2-equivalent,2006,,58518.86,,A,Normal value,3,Thousands,,,,,2,Two,,
DATAFLOW,OECD.ENV.EPI:DSD_AIR_GHG@DF_AIR_GHG(1.0),Air emissions - Greenhouse gas emissions Inventories,I,NZL,New Zealand,A,Annual,GHG,Greenhouse gases,T_LULU,"Total emissions including land use, land-use change and forestry",T_CO2E,Tonnes of CO2-equivalent,2007,,58057.75,,A,Normal value,3,Thousands,,,,,2,Two,,
DATAFLOW,OECD.ENV.EPI:DSD_AIR_GHG@DF_AIR_GHG(1.0),Air emissions - Greenhouse gas emissions Inventories,I,NZL,New Zealand,A,Annual,GHG,Greenhouse gases,T_LULU,"Total emissions including land use, land-use change and forestry",T_CO2E,Tonnes of CO2-equivalent,2008,,49977.04,,A,Normal value,3,Thousands,,,,,2,Two,,
DATAFLOW,OECD.ENV.EPI:DSD_AIR_GHG@DF_AIR_GHG(1.0),Air emissions - Greenhouse gas emissions Inventories,I,NZL,New Zealand,A,Annual,GHG,Greenhouse gases,T_LULU,"Total emissions including land use, land-use change and forestry",T_CO2E,Tonnes of CO2-equivalent,2009,,48418.28,,A,Normal value,3,Thousands,,,,,2,Two,,
DATAFLOW,OECD.ENV.EPI:DSD_AIR_GHG@DF_AIR_GHG(1.0),Air emissions - Greenhouse gas emissions Inventories,I,NZL,New Zealand,A,Annual,GHG,Greenhouse gases,T_LULU,"Total emissions including land use, land-use change and forestry",T_CO2E,Tonnes of CO2-equivalent,2010,,48102.81,,A,Normal value,3,Thousands,,,,,2,Two,,
DATAFLOW,OECD.ENV.EPI:DSD_AIR_GHG@DF_AIR_GHG(1.0),Air emissions - Greenhouse gas emissions Inventories,I,NZL,New Zealand,A,Annual,GHG,Greenhouse gases,T_LULU,"Total emissions including land use, land-use change and forestry",T_CO2E,Tonnes of CO2-equivalent,2011,,47614.07,,A,Normal value,3,Thousands,,,,,2,Two,,
DATAFLOW,OECD.ENV.EPI:DSD_AIR_GHG@DF_AIR_GHG(1.0),Air emissions - Greenhouse gas emissions Inventories,I,NZL,New Zealand,A,Annual,GHG,Greenhouse gases,T_LULU,"Total emissions including land use, land-use change and forestry",T_CO2E,Tonnes of CO2-equivalent,2012,,52539.63,,A,Normal value,3,Thousands,,,,,2,Two,,
DATAFLOW,OECD.ENV.EPI:DSD_AIR_GHG@DF_AIR_GHG(1.0),Air emissions - Greenhouse gas emissions Inventories,I,NZL,New Zealand,A,Annual,GHG,Greenhouse gases,T_LULU,"Total emissions including land use, land-use change and forestry",T_CO2E,Tonnes of CO2-equivalent,2013,,52218.75,,A,Normal value,3,Thousands,,,,,2,Two,,
DATAFLOW,OECD.ENV.EPI:DSD_AIR_GHG@DF_AIR_GHG(1.0),Air emissions - Greenhouse gas emissions Inventories,I,NZL,New Zealand,A,Annual,GHG,Greenhouse gases,T_LULU,"Total emissions including land use, land-use change and forestry",T_CO2E,Tonnes of CO2-equivalent,2014,,52788.79,,A,Normal value,3,Thousands,,,,,2,Two,,
DATAFLOW,OECD.ENV.EPI:DSD_AIR_GHG@DF_AIR_GHG(1.0),Air emissions - Greenhouse gas emissions Inventories,I,NZL,New Zealand,A,Annual,GHG,Greenhouse gases,T_LULU,"Total emissions including land use, land-use change and forestry",T_CO2E,Tonnes of CO2-equivalent,2015,,52640.78,,A,Normal value,3,Thousands,,,,,2,Two,,
DATAFLOW,OECD.ENV.EPI:DSD_AIR_GHG@DF_AIR_GHG(1.0),Air emissions - Greenhouse gas emissions Inventories,I,NZL,New Zealand,A,Annual,GHG,Greenhouse gases,T_LULU,"Total emissions including land use, land-use change and forestry",T_CO2E,Tonnes of CO2-equivalent,2016,,50844.74,,A,Normal value,3,Thousands,,,,,2,Two,,
DATAFLOW,OECD.ENV.EPI:DSD_AIR_GHG@DF_AIR_GHG(1.0),Air emissions - Greenhouse gas emissions Inventories,I,NZL,New Zealand,A,Annual,GHG,Greenhouse gases,T_LULU,"Total emissions including land use, land-use change and forestry",T_CO2E,Tonnes of CO2-equivalent,2017,,54027.34,,A,Normal value,3,Thousands,,,,,2,Two,,
DATAFLOW,OECD.ENV.EPI:DSD_AIR_GHG@DF_AIR_GHG(1.0),Air emissions - Greenhouse gas emissions Inventories,I,NZL,New Zealand,A,Annual,GHG,Greenhouse gases,T_LULU,"Total emissions including land use, land-use change and forestry",T_CO2E,Tonnes of CO2-equivalent,2018,,54689.52,,A,Normal value,3,Thousands,,,,,2,Two,,
DATAFLOW,OECD.ENV.EPI:DSD_AIR_GHG@DF_AIR_GHG(1.0),Air emissions - Greenhouse gas emissions Inventories,I,NZL,New Zealand,A,Annual,GHG,Greenhouse gases,T_LULU,"Total emissions including land use, land-use change and forestry",T_CO2E,Tonnes of CO2-equivalent,2019,,56068.1,,A,Normal value,3,Thousands,,,,,2,Two,,
DATAFLOW,OECD.ENV.EPI:DSD_AIR_GHG@DF_AIR_GHG(1.0),Air emissions - Greenhouse gas emissions Inventories,I,NZL,New Zealand,A,Annual,GHG,Greenhouse gases,T_LULU,"Total emissions including land use, land-use change and forestry",T_CO2E,Tonnes of CO2-equivalent,2020,,54088.62,,A,Normal value,3,Thousands,,,,,2,Two,,
DATAFLOW,OECD.ENV.EPI:DSD_AIR_GHG@DF_AIR_GHG(1.0),Air emissions - Greenhouse gas emissions Inventories,I,NZL,New Zealand,A,Annual,GHG,Greenhouse gases,T_LULU,"Total emissions including land use, land-use change and forestry",T_CO2E,Tonnes of CO2-equivalent,2021,,55746.42,,A,Normal value,3,Thousands,,,,,2,Two,,
DATAFLOW,OECD.ENV.EPI:DSD_AIR_GHG@DF_AIR_GHG(1.0),Air emissions - Greenhouse gas emissions Inventories,I,SWE,Sweden,A,Annual,GHG,Greenhouse gases,T_LULU,"Total emissions including land use, land-use change and forestry",T_CO2E,Tonnes of CO2-equivalent,1990,,25142.83,,A,Normal value,3,Thousands,,,,,2,Two,,
DATAFLOW,OECD.ENV.EPI:DSD_AIR_GHG@DF_AIR_GHG(1.0),Air emissions - Greenhouse gas emissions Inventories,I,SWE,Sweden,A,Annual,GHG,Greenhouse gases,T_LULU,"Total emissions including land use, land-use change and forestry",T_CO2E,Tonnes of CO2-equivalent,1991,,25520.46,,A,Normal value,3,Thousands,,,,,2,Two,,
DATAFLOW,OECD.ENV.EPI:DSD_AIR_GHG@DF_AIR_GHG(1.0),Air emissions - Greenhouse gas emissions Inventories,I,SWE,Sweden,A,Annual,GHG,Greenhouse gases,T_LULU,"Total emissions including land use, land-use change and forestry",T_CO2E,Tonnes of CO2-equivalent,1992,,26170.77,,A,Normal value,3,Thousands,,,,,2,Two,,
DATAFLOW,OECD.ENV.EPI:DSD_AIR_GHG@DF_AIR_GHG(1.0),Air emissions - Greenhouse gas emissions Inventories,I,SWE,Sweden,A,Annual,GHG,Greenhouse gases,T_LULU,"Total emissions including land use, land-use change and forestry",T_CO2E,Tonnes of CO2-equivalent,1993,,30379.99,,A,Normal value,3,Thousands,,,,,2,Two,,
DATAFLOW,OECD.ENV.EPI:DSD_AIR_GHG@DF_AIR_GHG(1.0),Air emissions - Greenhouse gas emissions Inventories,I,SWE,Sweden,A,Annual,GHG,Greenhouse gases,T_LULU,"Total emissions including land use, land-use change and forestry",T_CO2E,Tonnes of CO2-equivalent,1994,,31342.63,,A,Normal value,3,Thousands,,,,,2,Two,,
DATAFLOW,OECD.ENV.EPI:DSD_AIR_GHG@DF_AIR_GHG(1.0),Air emissions - Greenhouse gas emissions Inventories,I,SWE,Sweden,A,Annual,GHG,Greenhouse gases,T_LULU,"Total emissions including land use, land-use change and forestry",T_CO2E,Tonnes of CO2-equivalent,1995,,30685.79,,A,Normal value,3,Thousands,,,,,2,Two,,
DATAFLOW,OECD.ENV.EPI:DSD_AIR_GHG@DF_AIR_GHG(1.0),Air emissions - Greenhouse gas emissions Inventories,I,SWE,Sweden,A,Annual,GHG,Greenhouse gases,T_LULU,"Total emissions including land use, land-use change and forestry",T_CO2E,Tonnes of CO2-equivalent,1996,,32025.64,,A,Normal value,3,Thousands,,,,,2,Two,,
DATAFLOW,OECD.ENV.EPI:DSD_AIR_GHG@DF_AIR_GHG(1.0),Air emissions - Greenhouse gas emissions Inventories,I,SWE,Sweden,A,Annual,GHG,Greenhouse gases,T_LULU,"Total emissions including land use, land-use change and forestry",T_CO2E,Tonnes of CO2-equivalent,1997,,26335.7,,A,Normal value,3,Thousands,,,,,2,Two,,
DATAFLOW,OECD.ENV.EPI:DSD_AIR_GHG@DF_AIR_GHG(1.0),Air emissions - Greenhouse gas emissions Inventories,I,SWE,Sweden,A,Annual,GHG,Greenhouse gases,T_LULU,"Total emissions including land use, land-use change and forestry",T_CO2E,Tonnes of CO2-equivalent,1998,,26133.26,,A,Normal value,3,Thousands,,,,,2,Two,,
DATAFLOW,OECD.ENV.EPI:DSD_AIR_GHG@DF_AIR_GHG(1.0),Air emissions - Greenhouse gas emissions Inventories,I,SWE,Sweden,A,Annual,GHG,Greenhouse gases,T_LULU,"Total emissions including land use, land-use change and forestry",T_CO2E,Tonnes of CO2-equivalent,1999,,22630.53,,A,Normal value,3,Thousands,,,,,2,Two,,
DATAFLOW,OECD.ENV.EPI:DSD_AIR_GHG@DF_AIR_GHG(1.0),Air emissions - Greenhouse gas emissions Inventories,I,SWE,Sweden,A,Annual,GHG,Greenhouse gases,T_LULU,"Total emissions including land use, land-use change and forestry",T_CO2E,Tonnes of CO2-equivalent,2000,,20143.14,,A,Normal value,3,Thousands,,,,,2,Two,,
DATAFLOW,OECD.ENV.EPI:DSD_AIR_GHG@DF_AIR_GHG(1.0),Air emissions - Greenhouse gas emissions Inventories,I,SWE,Sweden,A,Annual,GHG,Greenhouse gases,T_LULU,"Total emissions including land use, land-use change and forestry",T_CO2E,Tonnes of CO2-equivalent,2001,,20033.1,,A,Normal value,3,Thousands,,,,,2,Two,,
DATAFLOW,OECD.ENV.EPI:DSD_AIR_GHG@DF_AIR_GHG(1.0),Air emissions - Greenhouse gas emissions Inventories,I,SWE,Sweden,A,Annual,GHG,Greenhouse gases,T_LULU,"Total emissions including land use, land-use change and forestry",T_CO2E,Tonnes of CO2-equivalent,2002,,21644.82,,A,Normal value,3,Thousands,,,,,2,Two,,
DATAFLOW,OECD.ENV.EPI:DSD_AIR_GHG@DF_AIR_GHG(1.0),Air emissions - Greenhouse gas emissions Inventories,I,SWE,Sweden,A,Annual,GHG,Greenhouse gases,T_LULU,"Total emissions including land use, land-use change and forestry",T_CO2E,Tonnes of CO2-equivalent,2003,,24764.66,,A,Normal value,3,Thousands,,,,,2,Two,,
DATAFLOW,OECD.ENV.EPI:DSD_AIR_GHG@DF_AIR_GHG(1.0),Air emissions - Greenhouse gas emissions Inventories,I,SWE,Sweden,A,Annual,GHG,Greenhouse gases,T_LULU,"Total emissions including land use, land-use change and forestry",T_CO2E,Tonnes of CO2-equivalent,2004,,26515.55,,A,Normal value,3,Thousands,,,,,2,Two,,
DATAFLOW,OECD.ENV.EPI:DSD_AIR_GHG@DF_AIR_GHG(1.0),Air emissions - Greenhouse gas emissions Inventories,I,SWE,Sweden,A,Annual,GHG,Greenhouse gases,T_LULU,"Total emissions including land use, land-use change and forestry",T_CO2E,Tonnes of CO2-equivalent,2005,,23155.75,,A,Normal value,3,Thousands,,,,,2,Two,,
DATAFLOW,OECD.ENV.EPI:DSD_AIR_GHG@DF_AIR_GHG(1.0),Air emissions - Greenhouse gas emissions Inventories,I,SWE,Sweden,A,Annual,GHG,Greenhouse gases,T_LULU,"Total emissions including land use, land-use change and forestry",T_CO2E,Tonnes of CO2-equivalent,2006,,15774.65,,A,Normal value,3,Thousands,,,,,2,Two,,
DATAFLOW,OECD.ENV.EPI:DSD_AIR_GHG@DF_AIR_GHG(1.0),Air emissions - Greenhouse gas emissions Inventories,I,SWE,Sweden,A,Annual,GHG,Greenhouse gases,T_LULU,"Total emissions including land use, land-use change and forestry",T_CO2E,Tonnes of CO2-equivalent,2007,,16724.57,,A,Normal value,3,Thousands,,,,,2,Two,,
DATAFLOW,OECD.ENV.EPI:DSD_AIR_GHG@DF_AIR_GHG(1.0),Air emissions - Greenhouse gas emissions Inventories,I,SWE,Sweden,A,Annual,GHG,Greenhouse gases,T_LULU,"Total emissions including land use, land-use change and forestry",T_CO2E,Tonnes of CO2-equivalent,2008,,14586.2,,A,Normal value,3,Thousands,,,,,2,Two,,
DATAFLOW,OECD.ENV.EPI:DSD_AIR_GHG@DF_AIR_GHG(1.0),Air emissions - Greenhouse gas emissions Inventories,I,SWE,Sweden,A,Annual,GHG,Greenhouse gases,T_LULU,"Total emissions including land use, land-use change and forestry",T_CO2E,Tonnes of CO2-equivalent,2009,,10475.82,,A,Normal value,3,Thousands,,,,,2,Two,,
DATAFLOW,OECD.ENV.EPI:DSD_AIR_GHG@DF_AIR_GHG(1.0),Air emissions - Greenhouse gas emissions Inventories,I,SWE,Sweden,A,Annual,GHG,Greenhouse gases,T_LULU,"Total emissions including land use, land-use change and forestry",T_CO2E,Tonnes of CO2-equivalent,2010,,14087.65,,A,Normal value,3,Thousands,,,,,2,Two,,
DATAFLOW,OECD.ENV.EPI:DSD_AIR_GHG@DF_AIR_GHG(1.0),Air emissions - Greenhouse gas emissions Inventories,I,SWE,Sweden,A,Annual,GHG,Greenhouse gases,T_LULU,"Total emissions including land use, land-use change and forestry",T_CO2E,Tonnes of CO2-equivalent,2011,,8844.01,,A,Normal value,3,Thousands,,,,,2,Two,,
DATAFLOW,OECD.ENV.EPI:DSD_AIR_GHG@DF_AIR_GHG(1.0),Air emissions - Greenhouse gas emissions Inventories,I,SWE,Sweden,A,Annual,GHG,Greenhouse gases,T_LULU,"Total emissions including land use, land-use change and forestry",T_CO2E,Tonnes of CO2-equivalent,2012,,5856.79,,A,Normal value,3,Thousands,,,,,2,Two,,
DATAFLOW,OECD.ENV.EPI:DSD_AIR_GHG@DF_AIR_GHG(1.0),Air emissions - Greenhouse gas emissions Inventories,I,SWE,Sweden,A,Annual,GHG,Greenhouse gases,T_LULU,"Total emissions including land use, land-use change and forestry",T_CO2E,Tonnes of CO2-equivalent,2013,,6017.48,,A,Normal value,3,Thousands,,,,,2,Two,,
DATAFLOW,OECD.ENV.EPI:DSD_AIR_GHG@DF_AIR_GHG(1.0),Air emissions - Greenhouse gas emissions Inventories,I,SWE,Sweden,A,Annual,GHG,Greenhouse gases,T_LULU,"Total emissions including land use, land-use change and forestry",T_CO2E,Tonnes of CO2-equivalent,2014,,5804.53,,A,Normal value,3,Thousands,,,,,2,Two,,
DATAFLOW,OECD.ENV.EPI:DSD_AIR_GHG@DF_AIR_GHG(1.0),Air emissions - Greenhouse gas emissions Inventories,I,SWE,Sweden,A,Annual,GHG,Greenhouse gases,T_LULU,"Total emissions including land use, land-use change and forestry",T_CO2E,Tonnes of CO2-equivalent,2015,,7145.3,,A,Normal value,3,Thousands,,,,,2,Two,,
DATAFLOW,OECD.ENV.EPI:DSD_AIR_GHG@DF_AIR_GHG(1.0),Air emissions - Greenhouse gas emissions Inventories,I,SWE,Sweden,A,Annual,GHG,Greenhouse gases,T_LULU,"Total emissions including land use, land-use change and forestry",T_CO2E,Tonnes of CO2-equivalent,2016,,8252,,A,Normal value,3,Thousands,,,,,2,Two,,
DATAFLOW,OECD.ENV.EPI:DSD_AIR_GHG@DF_AIR_GHG(1.0),Air emissions - Greenhouse gas emissions Inventories,I,SWE,Sweden,A,Annual,GHG,Greenhouse gases,T_LULU,"Total emissions including land use, land-use change and forestry",T_CO2E,Tonnes of CO2-equivalent,2017,,13772.65,,A,Normal value,3,Thousands,,,,,2,Two,,
DATAFLOW,OECD.ENV.EPI:DSD_AIR_GHG@DF_AIR_GHG(1.0),Air emissions - Greenhouse gas emissions Inventories,I,SWE,Sweden,A,Annual,GHG,Greenhouse gases,T_LULU,"Total emissions including land use, land-use change and forestry",T_CO2E,Tonnes of CO2-equivalent,2018,,16333.48,,A,Normal value,3,Thousands,,,,,2,Two,,
DATAFLOW,OECD.ENV.EPI:DSD_AIR_GHG@DF_AIR_GHG(1.0),Air emissions - Greenhouse gas emissions Inventories,I,SWE,Sweden,A,Annual,GHG,Greenhouse gases,T_LULU,"Total emissions including land use, land-use change and forestry",T_CO2E,Tonnes of CO2-equivalent,2019,,12351.6,,A,Normal value,3,Thousands,,,,,2,Two,,
DATAFLOW,OECD.ENV.EPI:DSD_AIR_GHG@DF_AIR_GHG(1.0),Air emissions - Greenhouse gas emissions Inventories,I,SWE,Sweden,A,Annual,GHG,Greenhouse gases,T_LULU,"Total emissions including land use, land-use change and forestry",T_CO2E,Tonnes of CO2-equivalent,2020,,4927.41,,A,Normal value,3,Thousands,,,,,2,Two,,
DATAFLOW,OECD.ENV.EPI:DSD_AIR_GHG@DF_AIR_GHG(1.0),Air emissions - Greenhouse gas emissions Inventories,I,SWE,Sweden,A,Annual,GHG,Greenhouse gases,T_LULU,"Total emissions including land use, land-use change and forestry",T_CO2E,Tonnes of CO2-equivalent,2021,,6105.87,,A,Normal value,3,Thousands,,,,,2,Two,,
DATAFLOW,OECD.ENV.EPI:DSD_AIR_GHG@DF_AIR_GHG(1.0),Air emissions - Greenhouse gas emissions Inventories,I,BLR,Belarus,A,Annual,GHG,Greenhouse gases,T_LULU,"Total emissions including land use, land-use change and forestry",T_CO2E,Tonnes of CO2-equivalent,1990,,115940.81,,A,Normal value,3,Thousands,,,,,2,Two,,
DATAFLOW,OECD.ENV.EPI:DSD_AIR_GHG@DF_AIR_GHG(1.0),Air emissions - Greenhouse gas emissions Inventories,I,BLR,Belarus,A,Annual,GHG,Greenhouse gases,T_LULU,"Total emissions including land use, land-use change and forestry",T_CO2E,Tonnes of CO2-equivalent,1991,,110083.45,,A,Normal value,3,Thousands,,,,,2,Two,,
DATAFLOW,OECD.ENV.EPI:DSD_AIR_GHG@DF_AIR_GHG(1.0),Air emissions - Greenhouse gas emissions Inventories,I,BLR,Belarus,A,Annual,GHG,Greenhouse gases,T_LULU,"Total emissions including land use, land-use change and forestry",T_CO2E,Tonnes of CO2-equivalent,1992,,97649.22,,A,Normal value,3,Thousands,,,,,2,Two,,
DATAFLOW,OECD.ENV.EPI:DSD_AIR_GHG@DF_AIR_GHG(1.0),Air emissions - Greenhouse gas emissions Inventories,I,BLR,Belarus,A,Annual,GHG,Greenhouse gases,T_LULU,"Total emissions including land use, land-use change and forestry",T_CO2E,Tonnes of CO2-equivalent,1993,,90559.47,,A,Normal value,3,Thousands,,,,,2,Two,,
DATAFLOW,OECD.ENV.EPI:DSD_AIR_GHG@DF_AIR_GHG(1.0),Air emissions - Greenhouse gas emissions Inventories,I,BLR,Belarus,A,Annual,GHG,Greenhouse gases,T_LULU,"Total emissions including land use, land-use change and forestry",T_CO2E,Tonnes of CO2-equivalent,1994,,66183.74,,A,Normal value,3,Thousands,,,,,2,Two,,
DATAFLOW,OECD.ENV.EPI:DSD_AIR_GHG@DF_AIR_GHG(1.0),Air emissions - Greenhouse gas emissions Inventories,I,BLR,Belarus,A,Annual,GHG,Greenhouse gases,T_LULU,"Total emissions including land use, land-use change and forestry",T_CO2E,Tonnes of CO2-equivalent,1995,,58018.69,,A,Normal value,3,Thousands,,,,,2,Two,,
DATAFLOW,OECD.ENV.EPI:DSD_AIR_GHG@DF_AIR_GHG(1.0),Air emissions - Greenhouse gas emissions Inventories,I,BLR,Belarus,A,Annual,GHG,Greenhouse gases,T_LULU,"Total emissions including land use, land-use change and forestry",T_CO2E,Tonnes of CO2-equivalent,1996,,59374.03,,A,Normal value,3,Thousands,,,,,2,Two,,
DATAFLOW,OECD.ENV.EPI:DSD_AIR_GHG@DF_AIR_GHG(1.0),Air emissions - Greenhouse gas emissions Inventories,I,BLR,Belarus,A,Annual,GHG,Greenhouse gases,T_LULU,"Total emissions including land use, land-use change and forestry",T_CO2E,Tonnes of CO2-equivalent,1997,,60325.86,,A,Normal value,3,Thousands,,,,,2,Two,,
DATAFLOW,OECD.ENV.EPI:DSD_AIR_GHG@DF_AIR_GHG(1.0),Air emissions - Greenhouse gas emissions Inventories,I,BLR,Belarus,A,Annual,GHG,Greenhouse gases,T_LULU,"Total emissions including land use, land-use change and forestry",T_CO2E,Tonnes of CO2-equivalent,1998,,60517.72,,A,Normal value,3,Thousands,,,,,2,Two,,
DATAFLOW,OECD.ENV.EPI:DSD_AIR_GHG@DF_AIR_GHG(1.0),Air emissions - Greenhouse gas emissions Inventories,I,BLR,Belarus,A,Annual,GHG,Greenhouse gases,T_LULU,"Total emissions including land use, land-use change and forestry",T_CO2E,Tonnes of CO2-equivalent,1999,,50873.44,,A,Normal value,3,Thousands,,,,,2,Two,,
DATAFLOW,OECD.ENV.EPI:DSD_AIR_GHG@DF_AIR_GHG(1.0),Air emissions - Greenhouse gas emissions Inventories,I,BLR,Belarus,A,Annual,GHG,Greenhouse gases,T_LULU,"Total emissions including land use, land-use change and forestry",T_CO2E,Tonnes of CO2-equivalent,2000,,46508.15,,A,Normal value,3,Thousands,,,,,2,Two,,
DATAFLOW,OECD.ENV.EPI:DSD_AIR_GHG@DF_AIR_GHG(1.0),Air emissions - Greenhouse gas emissions Inventories,I,BLR,Belarus,A,Annual,GHG,Greenhouse gases,T_LULU,"Total emissions including land use, land-use change and forestry",T_CO2E,Tonnes of CO2-equivalent,2001,,46107.23,,A,Normal value,3,Thousands,,,,,2,Two,,
DATAFLOW,OECD.ENV.EPI:DSD_AIR_GHG@DF_AIR_GHG(1.0),Air emissions - Greenhouse gas emissions Inventories,I,BLR,Belarus,A,Annual,GHG,Greenhouse gases,T_LULU,"Total emissions including land use, land-use change and forestry",T_CO2E,Tonnes of CO2-equivalent,2002,,47011.28,,A,Normal value,3,Thousands,,,,,2,Two,,
DATAFLOW,OECD.ENV.EPI:DSD_AIR_GHG@DF_AIR_GHG(1.0),Air emissions - Greenhouse gas emissions Inventories,I,BLR,Belarus,A,Annual,GHG,Greenhouse gases,T_LULU,"Total emissions including land use, land-use change and forestry",T_CO2E,Tonnes of CO2-equivalent,2003,,51409.39,,A,Normal value,3,Thousands,,,,,2,Two,,
DATAFLOW,OECD.ENV.EPI:DSD_AIR_GHG@DF_AIR_GHG(1.0),Air emissions - Greenhouse gas emissions Inventories,I,BLR,Belarus,A,Annual,GHG,Greenhouse gases,T_LULU,"Total emissions including land use, land-use change and forestry",T_CO2E,Tonnes of CO2-equivalent,2004,,52565.81,,A,Normal value,3,Thousands,,,,,2,Two,,
DATAFLOW,OECD.ENV.EPI:DSD_AIR_GHG@DF_AIR_GHG(1.0),Air emissions - Greenhouse gas emissions Inventories,I,BLR,Belarus,A,Annual,GHG,Greenhouse gases,T_LULU,"Total emissions including land use, land-use change and forestry",T_CO2E,Tonnes of CO2-equivalent,2005,,52463.87,,A,Normal value,3,Thousands,,,,,2,Two,,
DATAFLOW,OECD.ENV.EPI:DSD_AIR_GHG@DF_AIR_GHG(1.0),Air emissions - Greenhouse gas emissions Inventories,I,BLR,Belarus,A,Annual,GHG,Greenhouse gases,T_LULU,"Total emissions including land use, land-use change and forestry",T_CO2E,Tonnes of CO2-equivalent,2006,,53046.71,,A,Normal value,3,Thousands,,,,,2,Two,,
DATAFLOW,OECD.ENV.EPI:DSD_AIR_GHG@DF_AIR_GHG(1.0),Air emissions - Greenhouse gas emissions Inventories,I,BLR,Belarus,A,Annual,GHG,Greenhouse gases,T_LULU,"Total emissions including land use, land-use change and forestry",T_CO2E,Tonnes of CO2-equivalent,2007,,49101.3,,A,Normal value,3,Thousands,,,,,2,Two,,
DATAFLOW,OECD.ENV.EPI:DSD_AIR_GHG@DF_AIR_GHG(1.0),Air emissions - Greenhouse gas emissions Inventories,I,BLR,Belarus,A,Annual,GHG,Greenhouse gases,T_LULU,"Total emissions including land use, land-use change and forestry",T_CO2E,Tonnes of CO2-equivalent,2008,,52129.29,,A,Normal value,3,Thousands,,,,,2,Two,,
DATAFLOW,OECD.ENV.EPI:DSD_AIR_GHG@DF_AIR_GHG(1.0),Air emissions - Greenhouse gas emissions Inventories,I,BLR,Belarus,A,Annual,GHG,Greenhouse gases,T_LULU,"Total emissions including land use, land-use change and forestry",T_CO2E,Tonnes of CO2-equivalent,2009,,46997.64,,A,Normal value,3,Thousands,,,,,2,Two,,
DATAFLOW,OECD.ENV.EPI:DSD_AIR_GHG@DF_AIR_GHG(1.0),Air emissions - Greenhouse gas emissions Inventories,I,BLR,Belarus,A,Annual,GHG,Greenhouse gases,T_LULU,"Total emissions including land use, land-use change and forestry",T_CO2E,Tonnes of CO2-equivalent,2010,,45738.05,,A,Normal value,3,Thousands,,,,,2,Two,,
DATAFLOW,OECD.ENV.EPI:DSD_AIR_GHG@DF_AIR_GHG(1.0),Air emissions - Greenhouse gas emissions Inventories,I,BLR,Belarus,A,Annual,GHG,Greenhouse gases,T_LULU,"Total emissions including land use, land-use change and forestry",T_CO2E,Tonnes of CO2-equivalent,2011,,46086.47,,A,Normal value,3,Thousands,,,,,2,Two,,
DATAFLOW,OECD.ENV.EPI:DSD_AIR_GHG@DF_AIR_GHG(1.0),Air emissions - Greenhouse gas emissions Inventories,I,BLR,Belarus,A,Annual,GHG,Greenhouse gases,T_LULU,"Total emissions including land use, land-use change and forestry",T_CO2E,Tonnes of CO2-equivalent,2012,,48985.99,,A,Normal value,3,Thousands,,,,,2,Two,,
DATAFLOW,OECD.ENV.EPI:DSD_AIR_GHG@DF_AIR_GHG(1.0),Air emissions - Greenhouse gas emissions Inventories,I,BLR,Belarus,A,Annual,GHG,Greenhouse gases,T_LULU,"Total emissions including land use, land-use change and forestry",T_CO2E,Tonnes of CO2-equivalent,2013,,48436.57,,A,Normal value,3,Thousands,,,,,2,Two,,
DATAFLOW,OECD.ENV.EPI:DSD_AIR_GHG@DF_AIR_GHG(1.0),Air emissions - Greenhouse gas emissions Inventories,I,BLR,Belarus,A,Annual,GHG,Greenhouse gases,T_LULU,"Total emissions including land use, land-use change and forestry",T_CO2E,Tonnes of CO2-equivalent,2014,,47769.03,,A,Normal value,3,Thousands,,,,,2,Two,,
DATAFLOW,OECD.ENV.EPI:DSD_AIR_GHG@DF_AIR_GHG(1.0),Air emissions - Greenhouse gas emissions Inventories,I,BLR,Belarus,A,Annual,GHG,Greenhouse gases,T_LULU,"Total emissions including land use, land-use change and forestry",T_CO2E,Tonnes of CO2-equivalent,2015,,44498.8,,A,Normal value,3,Thousands,,,,,2,Two,,
DATAFLOW,OECD.ENV.EPI:DSD_AIR_GHG@DF_AIR_GHG(1.0),Air emissions - Greenhouse gas emissions Inventories,I,BLR,Belarus,A,Annual,GHG,Greenhouse gases,T_LULU,"Total emissions including land use, land-use change and forestry",T_CO2E,Tonnes of CO2-equivalent,2016,,47449.76,,A,Normal value,3,Thousands,,,,,2,Two,,
DATAFLOW,OECD.ENV.EPI:DSD_AIR_GHG@DF_AIR_GHG(1.0),Air emissions - Greenhouse gas emissions Inventories,I,BLR,Belarus,A,Annual,GHG,Greenhouse gases,T_LULU,"Total emissions including land use, land-use change and forestry",T_CO2E,Tonnes of CO2-equivalent,2017,,52286.46,,A,Normal value,3,Thousands,,,,,2,Two,,
DATAFLOW,OECD.ENV.EPI:DSD_AIR_GHG@DF_AIR_GHG(1.0),Air emissions - Greenhouse gas emissions Inventories,I,BLR,Belarus,A,Annual,GHG,Greenhouse gases,T_LULU,"Total emissions including land use, land-use change and forestry",T_CO2E,Tonnes of CO2-equivalent,2018,,52290.02,,A,Normal value,3,Thousands,,,,,2,Two,,
DATAFLOW,OECD.ENV.EPI:DSD_AIR_GHG@DF_AIR_GHG(1.0),Air emissions - Greenhouse gas emissions Inventories,I,BLR,Belarus,A,Annual,GHG,Greenhouse gases,T_LULU,"Total emissions including land use, land-use change and forestry",T_CO2E,Tonnes of CO2-equivalent,2019,,56661.43,,A,Normal value,3,Thousands,,,,,2,Two,,
DATAFLOW,OECD.ENV.EPI:DSD_AIR_GHG@DF_AIR_GHG(1.0),Air emissions - Greenhouse gas emissions Inventories,I,BLR,Belarus,A,Annual,GHG,Greenhouse gases,T_LULU,"Total emissions including land use, land-use change and forestry",T_CO2E,Tonnes of CO2-equivalent,2020,,52491.86,,A,Normal value,3,Thousands,,,,,2,Two,,
DATAFLOW,OECD.ENV.EPI:DSD_AIR_GHG@DF_AIR_GHG(1.0),Air emissions - Greenhouse gas emissions Inventories,I,BLR,Belarus,A,Annual,GHG,Greenhouse gases,T_LULU,"Total emissions including land use, land-use change and forestry",T_CO2E,Tonnes of CO2-equivalent,2021,,48914.92,,A,Normal value,3,Thousands,,,,,2,Two,,
DATAFLOW,OECD.ENV.EPI:DSD_AIR_GHG@DF_AIR_GHG(1.0),Air emissions - Greenhouse gas emissions Inventories,I,CRI,Costa Rica,A,Annual,GHG,Greenhouse gases,T_LULU,"Total emissions including land use, land-use change and forestry",T_CO2E,Tonnes of CO2-equivalent,1990,,37300.5,,A,Normal value,3,Thousands,,,,,2,Two,,
DATAFLOW,OECD.ENV.EPI:DSD_AIR_GHG@DF_AIR_GHG(1.0),Air emissions - Greenhouse gas emissions Inventories,I,CRI,Costa Rica,A,Annual,GHG,Greenhouse gases,T_LULU,"Total emissions including land use, land-use change and forestry",T_CO2E,Tonnes of CO2-equivalent,1991,,36267.94,,A,Normal value,3,Thousands,,,,,2,Two,,
DATAFLOW,OECD.ENV.EPI:DSD_AIR_GHG@DF_AIR_GHG(1.0),Air emissions - Greenhouse gas emissions Inventories,I,CRI,Costa Rica,A,Annual,GHG,Greenhouse gases,T_LULU,"Total emissions including land use, land-use change and forestry",T_CO2E,Tonnes of CO2-equivalent,1992,,21774.97,,A,Normal value,3,Thousands,,,,,2,Two,,
DATAFLOW,OECD.ENV.EPI:DSD_AIR_GHG@DF_AIR_GHG(1.0),Air emissions - Greenhouse gas emissions Inventories,I,CRI,Costa Rica,A,Annual,GHG,Greenhouse gases,T_LULU,"Total emissions including land use, land-use change and forestry",T_CO2E,Tonnes of CO2-equivalent,1993,,20799.28,,A,Normal value,3,Thousands,,,,,2,Two,,
DATAFLOW,OECD.ENV.EPI:DSD_AIR_GHG@DF_AIR_GHG(1.0),Air emissions - Greenhouse gas emissions Inventories,I,CRI,Costa Rica,A,Annual,GHG,Greenhouse gases,T_LULU,"Total emissions including land use, land-use change and forestry",T_CO2E,Tonnes of CO2-equivalent,1994,,21276.23,,A,Normal value,3,Thousands,,,,,2,Two,,
DATAFLOW,OECD.ENV.EPI:DSD_AIR_GHG@DF_AIR_GHG(1.0),Air emissions - Greenhouse gas emissions Inventories,I,CRI,Costa Rica,A,Annual,GHG,Greenhouse gases,T_LULU,"Total emissions including land use, land-use change and forestry",T_CO2E,Tonnes of CO2-equivalent,1995,,20099.98,,A,Normal value,3,Thousands,,,,,2,Two,,
DATAFLOW,OECD.ENV.EPI:DSD_AIR_GHG@DF_AIR_GHG(1.0),Air emissions - Greenhouse gas emissions Inventories,I,CRI,Costa Rica,A,Annual,GHG,Greenhouse gases,T_LULU,"Total emissions including land use, land-use change and forestry",T_CO2E,Tonnes of CO2-equivalent,1996,,21228.34,,A,Normal value,3,Thousands,,,,,2,Two,,
DATAFLOW,OECD.ENV.EPI:DSD_AIR_GHG@DF_AIR_GHG(1.0),Air emissions - Greenhouse gas emissions Inventories,I,CRI,Costa Rica,A,Annual,GHG,Greenhouse gases,T_LULU,"Total emissions including land use, land-use change and forestry",T_CO2E,Tonnes of CO2-equivalent,1997,,21023.65,,A,Normal value,3,Thousands,,,,,2,Two,,
DATAFLOW,OECD.ENV.EPI:DSD_AIR_GHG@DF_AIR_GHG(1.0),Air emissions - Greenhouse gas emissions Inventories,I,CRI,Costa Rica,A,Annual,GHG,Greenhouse gases,T_LULU,"Total emissions including land use, land-use change and forestry",T_CO2E,Tonnes of CO2-equivalent,1998,,28280.06,,A,Normal value,3,Thousands,,,,,2,Two,,
DATAFLOW,OECD.ENV.EPI:DSD_AIR_GHG@DF_AIR_GHG(1.0),Air emissions - Greenhouse gas emissions Inventories,I,CRI,Costa Rica,A,Annual,GHG,Greenhouse gases,T_LULU,"Total emissions including land use, land-use change and forestry",T_CO2E,Tonnes of CO2-equivalent,1999,,27374.8,,A,Normal value,3,Thousands,,,,,2,Two,,
DATAFLOW,OECD.ENV.EPI:DSD_AIR_GHG@DF_AIR_GHG(1.0),Air emissions - Greenhouse gas emissions Inventories,I,CRI,Costa Rica,A,Annual,GHG,Greenhouse gases,T_LULU,"Total emissions including land use, land-use change and forestry",T_CO2E,Tonnes of CO2-equivalent,2000,,27601.23,,A,Normal value,3,Thousands,,,,,2,Two,,
DATAFLOW,OECD.ENV.EPI:DSD_AIR_GHG@DF_AIR_GHG(1.0),Air emissions - Greenhouse gas emissions Inventories,I,CRI,Costa Rica,A,Annual,GHG,Greenhouse gases,T_LULU,"Total emissions including land use, land-use change and forestry",T_CO2E,Tonnes of CO2-equivalent,2001,,15500.77,,A,Normal value,3,Thousands,,,,,2,Two,,
DATAFLOW,OECD.ENV.EPI:DSD_AIR_GHG@DF_AIR_GHG(1.0),Air emissions - Greenhouse gas emissions Inventories,I,CRI,Costa Rica,A,Annual,GHG,Greenhouse gases,T_LULU,"Total emissions including land use, land-use change and forestry",T_CO2E,Tonnes of CO2-equivalent,2002,,16149.23,,A,Normal value,3,Thousands,,,,,2,Two,,
DATAFLOW,OECD.ENV.EPI:DSD_AIR_GHG@DF_AIR_GHG(1.0),Air emissions - Greenhouse gas emissions Inventories,I,CRI,Costa Rica,A,Annual,GHG,Greenhouse gases,T_LULU,"Total emissions including land use, land-use change and forestry",T_CO2E,Tonnes of CO2-equivalent,2003,,15630.86,,A,Normal value,3,Thousands,,,,,2,Two,,
DATAFLOW,OECD.ENV.EPI:DSD_AIR_GHG@DF_AIR_GHG(1.0),Air emissions - Greenhouse gas emissions Inventories,I,CRI,Costa Rica,A,Annual,GHG,Greenhouse gases,T_LULU,"Total emissions including land use, land-use change and forestry",T_CO2E,Tonnes of CO2-equivalent,2004,,16702.01,,A,Normal value,3,Thousands,,,,,2,Two,,
DATAFLOW,OECD.ENV.EPI:DSD_AIR_GHG@DF_AIR_GHG(1.0),Air emissions - Greenhouse gas emissions Inventories,I,CRI,Costa Rica,A,Annual,GHG,Greenhouse gases,T_LULU,"Total emissions including land use, land-use change and forestry",T_CO2E,Tonnes of CO2-equivalent,2005,,16587.38,,A,Normal value,3,Thousands,,,,,2,Two,,
DATAFLOW,OECD.ENV.EPI:DSD_AIR_GHG@DF_AIR_GHG(1.0),Air emissions - Greenhouse gas emissions Inventories,I,CRI,Costa Rica,A,Annual,GHG,Greenhouse gases,T_LULU,"Total emissions including land use, land-use change and forestry",T_CO2E,Tonnes of CO2-equivalent,2006,,17334.4,,A,Normal value,3,Thousands,,,,,2,Two,,
DATAFLOW,OECD.ENV.EPI:DSD_AIR_GHG@DF_AIR_GHG(1.0),Air emissions - Greenhouse gas emissions Inventories,I,CRI,Costa Rica,A,Annual,GHG,Greenhouse gases,T_LULU,"Total emissions including land use, land-use change and forestry",T_CO2E,Tonnes of CO2-equivalent,2007,,19489.73,,A,Normal value,3,Thousands,,,,,2,Two,,
DATAFLOW,OECD.ENV.EPI:DSD_AIR_GHG@DF_AIR_GHG(1.0),Air emissions - Greenhouse gas emissions Inventories,I,CRI,Costa Rica,A,Annual,GHG,Greenhouse gases,T_LULU,"Total emissions including land use, land-use change and forestry",T_CO2E,Tonnes of CO2-equivalent,2008,,16041.05,,A,Normal value,3,Thousands,,,,,2,Two,,
DATAFLOW,OECD.ENV.EPI:DSD_AIR_GHG@DF_AIR_GHG(1.0),Air emissions - Greenhouse gas emissions Inventories,I,CRI,Costa Rica,A,Annual,GHG,Greenhouse gases,T_LULU,"Total emissions including land use, land-use change and forestry",T_CO2E,Tonnes of CO2-equivalent,2009,,15519.39,,A,Normal value,3,Thousands,,,,,2,Two,,
DATAFLOW,OECD.ENV.EPI:DSD_AIR_GHG@DF_AIR_GHG(1.0),Air emissions - Greenhouse gas emissions Inventories,I,CRI,Costa Rica,A,Annual,GHG,Greenhouse gases,T_LULU,"Total emissions including land use, land-use change and forestry",T_CO2E,Tonnes of CO2-equivalent,2010,,16701.29,,A,Normal value,3,Thousands,,,,,2,Two,,
DATAFLOW,OECD.ENV.EPI:DSD_AIR_GHG@DF_AIR_GHG(1.0),Air emissions - Greenhouse gas emissions Inventories,I,CRI,Costa Rica,A,Annual,GHG,Greenhouse gases,T_LULU,"Total emissions including land use, land-use change and forestry",T_CO2E,Tonnes of CO2-equivalent,2011,,16361.28,,A,Normal value,3,Thousands,,,,,2,Two,,
DATAFLOW,OECD.ENV.EPI:DSD_AIR_GHG@DF_AIR_GHG(1.0),Air emissions - Greenhouse gas emissions Inventories,I,CRI,Costa Rica,A,Annual,GHG,Greenhouse gases,T_LULU,"Total emissions including land use, land-use change and forestry",T_CO2E,Tonnes of CO2-equivalent,2012,,17696.12,,A,Normal value,3,Thousands,,,,,2,Two,,
DATAFLOW,OECD.ENV.EPI:DSD_AIR_GHG@DF_AIR_GHG(1.0),Air emissions - Greenhouse gas emissions Inventories,I,CRI,Costa Rica,A,Annual,GHG,Greenhouse gases,T_LULU,"Total emissions including land use, land-use change and forestry",T_CO2E,Tonnes of CO2-equivalent,2013,,18736.77,,A,Normal value,3,Thousands,,,,,2,Two,,
DATAFLOW,OECD.ENV.EPI:DSD_AIR_GHG@DF_AIR_GHG(1.0),Air emissions - Greenhouse gas emissions Inventories,I,CRI,Costa Rica,A,Annual,GHG,Greenhouse gases,T_LULU,"Total emissions including land use, land-use change and forestry",T_CO2E,Tonnes of CO2-equivalent,2014,,12559.26,,A,Normal value,3,Thousands,,,,,2,Two,,
DATAFLOW,OECD.ENV.EPI:DSD_AIR_GHG@DF_AIR_GHG(1.0),Air emissions - Greenhouse gas emissions Inventories,I,CRI,Costa Rica,A,Annual,GHG,Greenhouse gases,T_LULU,"Total emissions including land use, land-use change and forestry",T_CO2E,Tonnes of CO2-equivalent,2015,,14108.71,,A,Normal value,3,Thousands,,,,,2,Two,,
DATAFLOW,OECD.ENV.EPI:DSD_AIR_GHG@DF_AIR_GHG(1.0),Air emissions - Greenhouse gas emissions Inventories,I,CRI,Costa Rica,A,Annual,GHG,Greenhouse gases,T_LULU,"Total emissions including land use, land-use change and forestry",T_CO2E,Tonnes of CO2-equivalent,2016,,12773.35,,A,Normal value,3,Thousands,,,,,2,Two,,
DATAFLOW,OECD.ENV.EPI:DSD_AIR_GHG@DF_AIR_GHG(1.0),Air emissions - Greenhouse gas emissions Inventories,I,CRI,Costa Rica,A,Annual,GHG,Greenhouse gases,T_LULU,"Total emissions including land use, land-use change and forestry",T_CO2E,Tonnes of CO2-equivalent,2017,,11509.24,,A,Normal value,3,Thousands,,,,,2,Two,,
DATAFLOW,OECD.ENV.EPI:DSD_AIR_GHG@DF_AIR_GHG(1.0),Air emissions - Greenhouse gas emissions Inventories,I,AUS,Australia,A,Annual,GHG,Greenhouse gases,T_LULU,"Total emissions including land use, land-use change and forestry",T_CO2E,Tonnes of CO2-equivalent,1990,,636268.65,,A,Normal value,3,Thousands,,,,,2,Two,,
DATAFLOW,OECD.ENV.EPI:DSD_AIR_GHG@DF_AIR_GHG(1.0),Air emissions - Greenhouse gas emissions Inventories,I,AUS,Australia,A,Annual,GHG,Greenhouse gases,T_LULU,"Total emissions including land use, land-use change and forestry",T_CO2E,Tonnes of CO2-equivalent,1991,,621497.02,,A,Normal value,3,Thousands,,,,,2,Two,,
DATAFLOW,OECD.ENV.EPI:DSD_AIR_GHG@DF_AIR_GHG(1.0),Air emissions - Greenhouse gas emissions Inventories,I,AUS,Australia,A,Annual,GHG,Greenhouse gases,T_LULU,"Total emissions including land use, land-use change and forestry",T_CO2E,Tonnes of CO2-equivalent,1992,,556765.72,,A,Normal value,3,Thousands,,,,,2,Two,,
DATAFLOW,OECD.ENV.EPI:DSD_AIR_GHG@DF_AIR_GHG(1.0),Air emissions - Greenhouse gas emissions Inventories,I,AUS,Australia,A,Annual,GHG,Greenhouse gases,T_LULU,"Total emissions including land use, land-use change and forestry",T_CO2E,Tonnes of CO2-equivalent,1993,,535319.22,,A,Normal value,3,Thousands,,,,,2,Two,,
DATAFLOW,OECD.ENV.EPI:DSD_AIR_GHG@DF_AIR_GHG(1.0),Air emissions - Greenhouse gas emissions Inventories,I,AUS,Australia,A,Annual,GHG,Greenhouse gases,T_LULU,"Total emissions including land use, land-use change and forestry",T_CO2E,Tonnes of CO2-equivalent,1994,,530958.92,,A,Normal value,3,Thousands,,,,,2,Two,,
DATAFLOW,OECD.ENV.EPI:DSD_AIR_GHG@DF_AIR_GHG(1.0),Air emissions - Greenhouse gas emissions Inventories,I,AUS,Australia,A,Annual,GHG,Greenhouse gases,T_LULU,"Total emissions including land use, land-use change and forestry",T_CO2E,Tonnes of CO2-equivalent,1995,,514211.97,,A,Normal value,3,Thousands,,,,,2,Two,,
DATAFLOW,OECD.ENV.EPI:DSD_AIR_GHG@DF_AIR_GHG(1.0),Air emissions - Greenhouse gas emissions Inventories,I,AUS,Australia,A,Annual,GHG,Greenhouse gases,T_LULU,"Total emissions including land use, land-use change and forestry",T_CO2E,Tonnes of CO2-equivalent,1996,,522310.73,,A,Normal value,3,Thousands,,,,,2,Two,,
DATAFLOW,OECD.ENV.EPI:DSD_AIR_GHG@DF_AIR_GHG(1.0),Air emissions - Greenhouse gas emissions Inventories,I,AUS,Australia,A,Annual,GHG,Greenhouse gases,T_LULU,"Total emissions including land use, land-use change and forestry",T_CO2E,Tonnes of CO2-equivalent,1997,,522850.34,,A,Normal value,3,Thousands,,,,,2,Two,,
DATAFLOW,OECD.ENV.EPI:DSD_AIR_GHG@DF_AIR_GHG(1.0),Air emissions - Greenhouse gas emissions Inventories,I,AUS,Australia,A,Annual,GHG,Greenhouse gases,T_LULU,"Total emissions including land use, land-use change and forestry",T_CO2E,Tonnes of CO2-equivalent,1998,,524332.94,,A,Normal value,3,Thousands,,,,,2,Two,,
DATAFLOW,OECD.ENV.EPI:DSD_AIR_GHG@DF_AIR_GHG(1.0),Air emissions - Greenhouse gas emissions Inventories,I,AUS,Australia,A,Annual,GHG,Greenhouse gases,T_LULU,"Total emissions including land use, land-use change and forestry",T_CO2E,Tonnes of CO2-equivalent,1999,,539610.27,,A,Normal value,3,Thousands,,,,,2,Two,,
DATAFLOW,OECD.ENV.EPI:DSD_AIR_GHG@DF_AIR_GHG(1.0),Air emissions - Greenhouse gas emissions Inventories,I,AUS,Australia,A,Annual,GHG,Greenhouse gases,T_LULU,"Total emissions including land use, land-use change and forestry",T_CO2E,Tonnes of CO2-equivalent,2000,,566358.31,,A,Normal value,3,Thousands,,,,,2,Two,,
DATAFLOW,OECD.ENV.EPI:DSD_AIR_GHG@DF_AIR_GHG(1.0),Air emissions - Greenhouse gas emissions Inventories,I,AUS,Australia,A,Annual,GHG,Greenhouse gases,T_LULU,"Total emissions including land use, land-use change and forestry",T_CO2E,Tonnes of CO2-equivalent,2001,,586636.35,,A,Normal value,3,Thousands,,,,,2,Two,,
DATAFLOW,OECD.ENV.EPI:DSD_AIR_GHG@DF_AIR_GHG(1.0),Air emissions - Greenhouse gas emissions Inventories,I,AUS,Australia,A,Annual,GHG,Greenhouse gases,T_LULU,"Total emissions including land use, land-use change and forestry",T_CO2E,Tonnes of CO2-equivalent,2002,,582524.56,,A,Normal value,3,Thousands,,,,,2,Two,,
DATAFLOW,OECD.ENV.EPI:DSD_AIR_GHG@DF_AIR_GHG(1.0),Air emissions - Greenhouse gas emissions Inventories,I,AUS,Australia,A,Annual,GHG,Greenhouse gases,T_LULU,"Total emissions including land use, land-use change and forestry",T_CO2E,Tonnes of CO2-equivalent,2003,,591486.98,,A,Normal value,3,Thousands,,,,,2,Two,,
DATAFLOW,OECD.ENV.EPI:DSD_AIR_GHG@DF_AIR_GHG(1.0),Air emissions - Greenhouse gas emissions Inventories,I,AUS,Australia,A,Annual,GHG,Greenhouse gases,T_LULU,"Total emissions including land use, land-use change and forestry",T_CO2E,Tonnes of CO2-equivalent,2004,,584853.8,,A,Normal value,3,Thousands,,,,,2,Two,,
DATAFLOW,OECD.ENV.EPI:DSD_AIR_GHG@DF_AIR_GHG(1.0),Air emissions - Greenhouse gas emissions Inventories,I,AUS,Australia,A,Annual,GHG,Greenhouse gases,T_LULU,"Total emissions including land use, land-use change and forestry",T_CO2E,Tonnes of CO2-equivalent,2005,,616293.16,,A,Normal value,3,Thousands,,,,,2,Two,,
DATAFLOW,OECD.ENV.EPI:DSD_AIR_GHG@DF_AIR_GHG(1.0),Air emissions - Greenhouse gas emissions Inventories,I,AUS,Australia,A,Annual,GHG,Greenhouse gases,T_LULU,"Total emissions including land use, land-use change and forestry",T_CO2E,Tonnes of CO2-equivalent,2006,,626790.48,,A,Normal value,3,Thousands,,,,,2,Two,,
DATAFLOW,OECD.ENV.EPI:DSD_AIR_GHG@DF_AIR_GHG(1.0),Air emissions - Greenhouse gas emissions Inventories,I,AUS,Australia,A,Annual,GHG,Greenhouse gases,T_LULU,"Total emissions including land use, land-use change and forestry",T_CO2E,Tonnes of CO2-equivalent,2007,,641523.08,,A,Normal value,3,Thousands,,,,,2,Two,,
DATAFLOW,OECD.ENV.EPI:DSD_AIR_GHG@DF_AIR_GHG(1.0),Air emissions - Greenhouse gas emissions Inventories,I,AUS,Australia,A,Annual,GHG,Greenhouse gases,T_LULU,"Total emissions including land use, land-use change and forestry",T_CO2E,Tonnes of CO2-equivalent,2008,,630251.32,,A,Normal value,3,Thousands,,,,,2,Two,,
DATAFLOW,OECD.ENV.EPI:DSD_AIR_GHG@DF_AIR_GHG(1.0),Air emissions - Greenhouse gas emissions Inventories,I,AUS,Australia,A,Annual,GHG,Greenhouse gases,T_LULU,"Total emissions including land use, land-use change and forestry",T_CO2E,Tonnes of CO2-equivalent,2009,,630906.55,,A,Normal value,3,Thousands,,,,,2,Two,,
DATAFLOW,OECD.ENV.EPI:DSD_AIR_GHG@DF_AIR_GHG(1.0),Air emissions - Greenhouse gas emissions Inventories,I,AUS,Australia,A,Annual,GHG,Greenhouse gases,T_LULU,"Total emissions including land use, land-use change and forestry",T_CO2E,Tonnes of CO2-equivalent,2010,,613332.65,,A,Normal value,3,Thousands,,,,,2,Two,,
DATAFLOW,OECD.ENV.EPI:DSD_AIR_GHG@DF_AIR_GHG(1.0),Air emissions - Greenhouse gas emissions Inventories,I,AUS,Australia,A,Annual,GHG,Greenhouse gases,T_LULU,"Total emissions including land use, land-use change and forestry",T_CO2E,Tonnes of CO2-equivalent,2011,,594032.25,,A,Normal value,3,Thousands,,,,,2,Two,,
DATAFLOW,OECD.ENV.EPI:DSD_AIR_GHG@DF_AIR_GHG(1.0),Air emissions - Greenhouse gas emissions Inventories,I,AUS,Australia,A,Annual,GHG,Greenhouse gases,T_LULU,"Total emissions including land use, land-use change and forestry",T_CO2E,Tonnes of CO2-equivalent,2012,,579077.44,,A,Normal value,3,Thousands,,,,,2,Two,,
DATAFLOW,OECD.ENV.EPI:DSD_AIR_GHG@DF_AIR_GHG(1.0),Air emissions - Greenhouse gas emissions Inventories,I,AUS,Australia,A,Annual,GHG,Greenhouse gases,T_LULU,"Total emissions including land use, land-use change and forestry",T_CO2E,Tonnes of CO2-equivalent,2013,,561101.35,,A,Normal value,3,Thousands,,,,,2,Two,,
DATAFLOW,OECD.ENV.EPI:DSD_AIR_GHG@DF_AIR_GHG(1.0),Air emissions - Greenhouse gas emissions Inventories,I,AUS,Australia,A,Annual,GHG,Greenhouse gases,T_LULU,"Total emissions including land use, land-use change and forestry",T_CO2E,Tonnes of CO2-equivalent,2014,,555817.47,,A,Normal value,3,Thousands,,,,,2,Two,,
DATAFLOW,OECD.ENV.EPI:DSD_AIR_GHG@DF_AIR_GHG(1.0),Air emissions - Greenhouse gas emissions Inventories,I,AUS,Australia,A,Annual,GHG,Greenhouse gases,T_LULU,"Total emissions including land use, land-use change and forestry",T_CO2E,Tonnes of CO2-equivalent,2015,,540912.2,,A,Normal value,3,Thousands,,,,,2,Two,,
DATAFLOW,OECD.ENV.EPI:DSD_AIR_GHG@DF_AIR_GHG(1.0),Air emissions - Greenhouse gas emissions Inventories,I,AUS,Australia,A,Annual,GHG,Greenhouse gases,T_LULU,"Total emissions including land use, land-use change and forestry",T_CO2E,Tonnes of CO2-equivalent,2016,,512483.01,,A,Normal value,3,Thousands,,,,,2,Two,,
DATAFLOW,OECD.ENV.EPI:DSD_AIR_GHG@DF_AIR_GHG(1.0),Air emissions - Greenhouse gas emissions Inventories,I,AUS,Australia,A,Annual,GHG,Greenhouse gases,T_LULU,"Total emissions including land use, land-use change and forestry",T_CO2E,Tonnes of CO2-equivalent,2017,,509809.54,,A,Normal value,3,Thousands,,,,,2,Two,,
DATAFLOW,OECD.ENV.EPI:DSD_AIR_GHG@DF_AIR_GHG(1.0),Air emissions - Greenhouse gas emissions Inventories,I,AUS,Australia,A,Annual,GHG,Greenhouse gases,T_LULU,"Total emissions including land use, land-use change and forestry",T_CO2E,Tonnes of CO2-equivalent,2018,,514226.36,,A,Normal value,3,Thousands,,,,,2,Two,,
DATAFLOW,OECD.ENV.EPI:DSD_AIR_GHG@DF_AIR_GHG(1.0),Air emissions - Greenhouse gas emissions Inventories,I,AUS,Australia,A,Annual,GHG,Greenhouse gases,T_LULU,"Total emissions including land use, land-use change and forestry",T_CO2E,Tonnes of CO2-equivalent,2019,,505857.06,,A,Normal value,3,Thousands,,,,,2,Two,,
DATAFLOW,OECD.ENV.EPI:DSD_AIR_GHG@DF_AIR_GHG(1.0),Air emissions - Greenhouse gas emissions Inventories,I,AUS,Australia,A,Annual,GHG,Greenhouse gases,T_LULU,"Total emissions including land use, land-use change and forestry",T_CO2E,Tonnes of CO2-equivalent,2020,,494232.96,,A,Normal value,3,Thousands,,,,,2,Two,,
DATAFLOW,OECD.ENV.EPI:DSD_AIR_GHG@DF_AIR_GHG(1.0),Air emissions - Greenhouse gas emissions Inventories,I,AUS,Australia,A,Annual,GHG,Greenhouse gases,T_LULU,"Total emissions including land use, land-use change and forestry",T_CO2E,Tonnes of CO2-equivalent,2021,,464770.67,,A,Normal value,3,Thousands,,,,,2,Two,,
DATAFLOW,OECD.ENV.EPI:DSD_AIR_GHG@DF_AIR_GHG(1.0),Air emissions - Greenhouse gas emissions Inventories,I,POL,Poland,A,Annual,GHG,Greenhouse gases,T_LULU,"Total emissions including land use, land-use change and forestry",T_CO2E,Tonnes of CO2-equivalent,1988,,563876.214,,A,Normal value,3,Thousands,,,,,2,Two,,
DATAFLOW,OECD.ENV.EPI:DSD_AIR_GHG@DF_AIR_GHG(1.0),Air emissions - Greenhouse gas emissions Inventories,I,POL,Poland,A,Annual,GHG,Greenhouse gases,T_LULU,"Total emissions including land use, land-use change and forestry",T_CO2E,Tonnes of CO2-equivalent,1989,,538106.707,,A,Normal value,3,Thousands,,,,,2,Two,,
DATAFLOW,OECD.ENV.EPI:DSD_AIR_GHG@DF_AIR_GHG(1.0),Air emissions - Greenhouse gas emissions Inventories,I,POL,Poland,A,Annual,GHG,Greenhouse gases,T_LULU,"Total emissions including land use, land-use change and forestry",T_CO2E,Tonnes of CO2-equivalent,1990,,446060.66,,A,Normal value,3,Thousands,,,,,2,Two,,
DATAFLOW,OECD.ENV.EPI:DSD_AIR_GHG@DF_AIR_GHG(1.0),Air emissions - Greenhouse gas emissions Inventories,I,POL,Poland,A,Annual,GHG,Greenhouse gases,T_LULU,"Total emissions including land use, land-use change and forestry",T_CO2E,Tonnes of CO2-equivalent,1991,,441751.84,,A,Normal value,3,Thousands,,,,,2,Two,,
DATAFLOW,OECD.ENV.EPI:DSD_AIR_GHG@DF_AIR_GHG(1.0),Air emissions - Greenhouse gas emissions Inventories,I,POL,Poland,A,Annual,GHG,Greenhouse gases,T_LULU,"Total emissions including land use, land-use change and forestry",T_CO2E,Tonnes of CO2-equivalent,1992,,450651.08,,A,Normal value,3,Thousands,,,,,2,Two,,
DATAFLOW,OECD.ENV.EPI:DSD_AIR_GHG@DF_AIR_GHG(1.0),Air emissions - Greenhouse gas emissions Inventories,I,POL,Poland,A,Annual,GHG,Greenhouse gases,T_LULU,"Total emissions including land use, land-use change and forestry",T_CO2E,Tonnes of CO2-equivalent,1993,,443017.43,,A,Normal value,3,Thousands,,,,,2,Two,,
DATAFLOW,OECD.ENV.EPI:DSD_AIR_GHG@DF_AIR_GHG(1.0),Air emissions - Greenhouse gas emissions Inventories,I,POL,Poland,A,Annual,GHG,Greenhouse gases,T_LULU,"Total emissions including land use, land-use change and forestry",T_CO2E,Tonnes of CO2-equivalent,1994,,437353.13,,A,Normal value,3,Thousands,,,,,2,Two,,
DATAFLOW,OECD.ENV.EPI:DSD_AIR_GHG@DF_AIR_GHG(1.0),Air emissions - Greenhouse gas emissions Inventories,I,POL,Poland,A,Annual,GHG,Greenhouse gases,T_LULU,"Total emissions including land use, land-use change and forestry",T_CO2E,Tonnes of CO2-equivalent,1995,,429014.94,,A,Normal value,3,Thousands,,,,,2,Two,,
DATAFLOW,OECD.ENV.EPI:DSD_AIR_GHG@DF_AIR_GHG(1.0),Air emissions - Greenhouse gas emissions Inventories,I,POL,Poland,A,Annual,GHG,Greenhouse gases,T_LULU,"Total emissions including land use, land-use change and forestry",T_CO2E,Tonnes of CO2-equivalent,1996,,425255.71,,A,Normal value,3,Thousands,,,,,2,Two,,
DATAFLOW,OECD.ENV.EPI:DSD_AIR_GHG@DF_AIR_GHG(1.0),Air emissions - Greenhouse gas emissions Inventories,I,POL,Poland,A,Annual,GHG,Greenhouse gases,T_LULU,"Total emissions including land use, land-use change and forestry",T_CO2E,Tonnes of CO2-equivalent,1997,,414994.3,,A,Normal value,3,Thousands,,,,,2,Two,,
DATAFLOW,OECD.ENV.EPI:DSD_AIR_GHG@DF_AIR_GHG(1.0),Air emissions - Greenhouse gas emissions Inventories,I,POL,Poland,A,Annual,GHG,Greenhouse gases,T_LULU,"Total emissions including land use, land-use change and forestry",T_CO2E,Tonnes of CO2-equivalent,1998,,378656.79,,A,Normal value,3,Thousands,,,,,2,Two,,
DATAFLOW,OECD.ENV.EPI:DSD_AIR_GHG@DF_AIR_GHG(1.0),Air emissions - Greenhouse gas emissions Inventories,I,POL,Poland,A,Annual,GHG,Greenhouse gases,T_LULU,"Total emissions including land use, land-use change and forestry",T_CO2E,Tonnes of CO2-equivalent,1999,,369592.35,,A,Normal value,3,Thousands,,,,,2,Two,,
DATAFLOW,OECD.ENV.EPI:DSD_AIR_GHG@DF_AIR_GHG(1.0),Air emissions - Greenhouse gas emissions Inventories,I,POL,Poland,A,Annual,GHG,Greenhouse gases,T_LULU,"Total emissions including land use, land-use change and forestry",T_CO2E,Tonnes of CO2-equivalent,2000,,359423.62,,A,Normal value,3,Thousands,,,,,2,Two,,
DATAFLOW,OECD.ENV.EPI:DSD_AIR_GHG@DF_AIR_GHG(1.0),Air emissions - Greenhouse gas emissions Inventories,I,POL,Poland,A,Annual,GHG,Greenhouse gases,T_LULU,"Total emissions including land use, land-use change and forestry",T_CO2E,Tonnes of CO2-equivalent,2001,,365717.12,,A,Normal value,3,Thousands,,,,,2,Two,,
DATAFLOW,OECD.ENV.EPI:DSD_AIR_GHG@DF_AIR_GHG(1.0),Air emissions - Greenhouse gas emissions Inventories,I,POL,Poland,A,Annual,GHG,Greenhouse gases,T_LULU,"Total emissions including land use, land-use change and forestry",T_CO2E,Tonnes of CO2-equivalent,2002,,346813.41,,A,Normal value,3,Thousands,,,,,2,Two,,
DATAFLOW,OECD.ENV.EPI:DSD_AIR_GHG@DF_AIR_GHG(1.0),Air emissions - Greenhouse gas emissions Inventories,I,POL,Poland,A,Annual,GHG,Greenhouse gases,T_LULU,"Total emissions including land use, land-use change and forestry",T_CO2E,Tonnes of CO2-equivalent,2003,,358068.47,,A,Normal value,3,Thousands,,,,,2,Two,,
DATAFLOW,OECD.ENV.EPI:DSD_AIR_GHG@DF_AIR_GHG(1.0),Air emissions - Greenhouse gas emissions Inventories,I,POL,Poland,A,Annual,GHG,Greenhouse gases,T_LULU,"Total emissions including land use, land-use change and forestry",T_CO2E,Tonnes of CO2-equivalent,2004,,352111.58,,A,Normal value,3,Thousands,,,,,2,Two,,
DATAFLOW,OECD.ENV.EPI:DSD_AIR_GHG@DF_AIR_GHG(1.0),Air emissions - Greenhouse gas emissions Inventories,I,POL,Poland,A,Annual,GHG,Greenhouse gases,T_LULU,"Total emissions including land use, land-use change and forestry",T_CO2E,Tonnes of CO2-equivalent,2005,,352690.17,,A,Normal value,3,Thousands,,,,,2,Two,,
DATAFLOW,OECD.ENV.EPI:DSD_AIR_GHG@DF_AIR_GHG(1.0),Air emissions - Greenhouse gas emissions Inventories,I,POL,Poland,A,Annual,GHG,Greenhouse gases,T_LULU,"Total emissions including land use, land-use change and forestry",T_CO2E,Tonnes of CO2-equivalent,2006,,373234.85,,A,Normal value,3,Thousands,,,,,2,Two,,
DATAFLOW,OECD.ENV.EPI:DSD_AIR_GHG@DF_AIR_GHG(1.0),Air emissions - Greenhouse gas emissions Inventories,I,POL,Poland,A,Annual,GHG,Greenhouse gases,T_LULU,"Total emissions including land use, land-use change and forestry",T_CO2E,Tonnes of CO2-equivalent,2007,,379416.67,,A,Normal value,3,Thousands,,,,,2,Two,,
DATAFLOW,OECD.ENV.EPI:DSD_AIR_GHG@DF_AIR_GHG(1.0),Air emissions - Greenhouse gas emissions Inventories,I,POL,Poland,A,Annual,GHG,Greenhouse gases,T_LULU,"Total emissions including land use, land-use change and forestry",T_CO2E,Tonnes of CO2-equivalent,2008,,373024.32,,A,Normal value,3,Thousands,,,,,2,Two,,
DATAFLOW,OECD.ENV.EPI:DSD_AIR_GHG@DF_AIR_GHG(1.0),Air emissions - Greenhouse gas emissions Inventories,I,POL,Poland,A,Annual,GHG,Greenhouse gases,T_LULU,"Total emissions including land use, land-use change and forestry",T_CO2E,Tonnes of CO2-equivalent,2009,,355077.29,,A,Normal value,3,Thousands,,,,,2,Two,,
DATAFLOW,OECD.ENV.EPI:DSD_AIR_GHG@DF_AIR_GHG(1.0),Air emissions - Greenhouse gas emissions Inventories,I,POL,Poland,A,Annual,GHG,Greenhouse gases,T_LULU,"Total emissions including land use, land-use change and forestry",T_CO2E,Tonnes of CO2-equivalent,2010,,374274.66,,A,Normal value,3,Thousands,,,,,2,Two,,
DATAFLOW,OECD.ENV.EPI:DSD_AIR_GHG@DF_AIR_GHG(1.0),Air emissions - Greenhouse gas emissions Inventories,I,POL,Poland,A,Annual,GHG,Greenhouse gases,T_LULU,"Total emissions including land use, land-use change and forestry",T_CO2E,Tonnes of CO2-equivalent,2011,,367381.6,,A,Normal value,3,Thousands,,,,,2,Two,,
DATAFLOW,OECD.ENV.EPI:DSD_AIR_GHG@DF_AIR_GHG(1.0),Air emissions - Greenhouse gas emissions Inventories,I,POL,Poland,A,Annual,GHG,Greenhouse gases,T_LULU,"Total emissions including land use, land-use change and forestry",T_CO2E,Tonnes of CO2-equivalent,2012,,359101.3,,A,Normal value,3,Thousands,,,,,2,Two,,
DATAFLOW,OECD.ENV.EPI:DSD_AIR_GHG@DF_AIR_GHG(1.0),Air emissions - Greenhouse gas emissions Inventories,I,POL,Poland,A,Annual,GHG,Greenhouse gases,T_LULU,"Total emissions including land use, land-use change and forestry",T_CO2E,Tonnes of CO2-equivalent,2013,,352920.38,,A,Normal value,3,Thousands,,,,,2,Two,,
DATAFLOW,OECD.ENV.EPI:DSD_AIR_GHG@DF_AIR_GHG(1.0),Air emissions - Greenhouse gas emissions Inventories,I,POL,Poland,A,Annual,GHG,Greenhouse gases,T_LULU,"Total emissions including land use, land-use change and forestry",T_CO2E,Tonnes of CO2-equivalent,2014,,347583.59,,A,Normal value,3,Thousands,,,,,2,Two,,
DATAFLOW,OECD.ENV.EPI:DSD_AIR_GHG@DF_AIR_GHG(1.0),Air emissions - Greenhouse gas emissions Inventories,I,POL,Poland,A,Annual,GHG,Greenhouse gases,T_LULU,"Total emissions including land use, land-use change and forestry",T_CO2E,Tonnes of CO2-equivalent,2015,,354251.87,,A,Normal value,3,Thousands,,,,,2,Two,,
DATAFLOW,OECD.ENV.EPI:DSD_AIR_GHG@DF_AIR_GHG(1.0),Air emissions - Greenhouse gas emissions Inventories,I,POL,Poland,A,Annual,GHG,Greenhouse gases,T_LULU,"Total emissions including land use, land-use change and forestry",T_CO2E,Tonnes of CO2-equivalent,2016,,357919.51,,A,Normal value,3,Thousands,,,,,2,Two,,
DATAFLOW,OECD.ENV.EPI:DSD_AIR_GHG@DF_AIR_GHG(1.0),Air emissions - Greenhouse gas emissions Inventories,I,POL,Poland,A,Annual,GHG,Greenhouse gases,T_LULU,"Total emissions including land use, land-use change and forestry",T_CO2E,Tonnes of CO2-equivalent,2017,,371614.38,,A,Normal value,3,Thousands,,,,,2,Two,,
DATAFLOW,OECD.ENV.EPI:DSD_AIR_GHG@DF_AIR_GHG(1.0),Air emissions - Greenhouse gas emissions Inventories,I,POL,Poland,A,Annual,GHG,Greenhouse gases,T_LULU,"Total emissions including land use, land-use change and forestry",T_CO2E,Tonnes of CO2-equivalent,2018,,372255.68,,A,Normal value,3,Thousands,,,,,2,Two,,
DATAFLOW,OECD.ENV.EPI:DSD_AIR_GHG@DF_AIR_GHG(1.0),Air emissions - Greenhouse gas emissions Inventories,I,POL,Poland,A,Annual,GHG,Greenhouse gases,T_LULU,"Total emissions including land use, land-use change and forestry",T_CO2E,Tonnes of CO2-equivalent,2019,,368091.86,,A,Normal value,3,Thousands,,,,,2,Two,,
DATAFLOW,OECD.ENV.EPI:DSD_AIR_GHG@DF_AIR_GHG(1.0),Air emissions - Greenhouse gas emissions Inventories,I,POL,Poland,A,Annual,GHG,Greenhouse gases,T_LULU,"Total emissions including land use, land-use change and forestry",T_CO2E,Tonnes of CO2-equivalent,2020,,352354.58,,A,Normal value,3,Thousands,,,,,2,Two,,
DATAFLOW,OECD.ENV.EPI:DSD_AIR_GHG@DF_AIR_GHG(1.0),Air emissions - Greenhouse gas emissions Inventories,I,POL,Poland,A,Annual,GHG,Greenhouse gases,T_LULU,"Total emissions including land use, land-use change and forestry",T_CO2E,Tonnes of CO2-equivalent,2021,,379343.77,,A,Normal value,3,Thousands,,,,,2,Two,,
DATAFLOW,OECD.ENV.EPI:DSD_AIR_GHG@DF_AIR_GHG(1.0),Air emissions - Greenhouse gas emissions Inventories,I,RUS,Russia,A,Annual,GHG,Greenhouse gases,T_LULU,"Total emissions including land use, land-use change and forestry",T_CO2E,Tonnes of CO2-equivalent,1990,,3089163.44,,A,Normal value,3,Thousands,,,,,2,Two,,
DATAFLOW,OECD.ENV.EPI:DSD_AIR_GHG@DF_AIR_GHG(1.0),Air emissions - Greenhouse gas emissions Inventories,I,RUS,Russia,A,Annual,GHG,Greenhouse gases,T_LULU,"Total emissions including land use, land-use change and forestry",T_CO2E,Tonnes of CO2-equivalent,1991,,2969236.85,,A,Normal value,3,Thousands,,,,,2,Two,,
DATAFLOW,OECD.ENV.EPI:DSD_AIR_GHG@DF_AIR_GHG(1.0),Air emissions - Greenhouse gas emissions Inventories,I,RUS,Russia,A,Annual,GHG,Greenhouse gases,T_LULU,"Total emissions including land use, land-use change and forestry",T_CO2E,Tonnes of CO2-equivalent,1992,,2481680.17,,A,Normal value,3,Thousands,,,,,2,Two,,
DATAFLOW,OECD.ENV.EPI:DSD_AIR_GHG@DF_AIR_GHG(1.0),Air emissions - Greenhouse gas emissions Inventories,I,RUS,Russia,A,Annual,GHG,Greenhouse gases,T_LULU,"Total emissions including land use, land-use change and forestry",T_CO2E,Tonnes of CO2-equivalent,1993,,2286900.94,,A,Normal value,3,Thousands,,,,,2,Two,,
DATAFLOW,OECD.ENV.EPI:DSD_AIR_GHG@DF_AIR_GHG(1.0),Air emissions - Greenhouse gas emissions Inventories,I,RUS,Russia,A,Annual,GHG,Greenhouse gases,T_LULU,"Total emissions including land use, land-use change and forestry",T_CO2E,Tonnes of CO2-equivalent,1994,,1940655.87,,A,Normal value,3,Thousands,,,,,2,Two,,
DATAFLOW,OECD.ENV.EPI:DSD_AIR_GHG@DF_AIR_GHG(1.0),Air emissions - Greenhouse gas emissions Inventories,I,RUS,Russia,A,Annual,GHG,Greenhouse gases,T_LULU,"Total emissions including land use, land-use change and forestry",T_CO2E,Tonnes of CO2-equivalent,1995,,1811559.52,,A,Normal value,3,Thousands,,,,,2,Two,,
DATAFLOW,OECD.ENV.EPI:DSD_AIR_GHG@DF_AIR_GHG(1.0),Air emissions - Greenhouse gas emissions Inventories,I,RUS,Russia,A,Annual,GHG,Greenhouse gases,T_LULU,"Total emissions including land use, land-use change and forestry",T_CO2E,Tonnes of CO2-equivalent,1996,,1693785.73,,A,Normal value,3,Thousands,,,,,2,Two,,
DATAFLOW,OECD.ENV.EPI:DSD_AIR_GHG@DF_AIR_GHG(1.0),Air emissions - Greenhouse gas emissions Inventories,I,RUS,Russia,A,Annual,GHG,Greenhouse gases,T_LULU,"Total emissions including land use, land-use change and forestry",T_CO2E,Tonnes of CO2-equivalent,1997,,1500686.28,,A,Normal value,3,Thousands,,,,,2,Two,,
DATAFLOW,OECD.ENV.EPI:DSD_AIR_GHG@DF_AIR_GHG(1.0),Air emissions - Greenhouse gas emissions Inventories,I,RUS,Russia,A,Annual,GHG,Greenhouse gases,T_LULU,"Total emissions including land use, land-use change and forestry",T_CO2E,Tonnes of CO2-equivalent,1998,,1459645.77,,A,Normal value,3,Thousands,,,,,2,Two,,
DATAFLOW,OECD.ENV.EPI:DSD_AIR_GHG@DF_AIR_GHG(1.0),Air emissions - Greenhouse gas emissions Inventories,I,RUS,Russia,A,Annual,GHG,Greenhouse gases,T_LULU,"Total emissions including land use, land-use change and forestry",T_CO2E,Tonnes of CO2-equivalent,1999,,1444050.24,,A,Normal value,3,Thousands,,,,,2,Two,,
DATAFLOW,OECD.ENV.EPI:DSD_AIR_GHG@DF_AIR_GHG(1.0),Air emissions - Greenhouse gas emissions Inventories,I,RUS,Russia,A,Annual,GHG,Greenhouse gases,T_LULU,"Total emissions including land use, land-use change and forestry",T_CO2E,Tonnes of CO2-equivalent,2000,,1421744.11,,A,Normal value,3,Thousands,,,,,2,Two,,
DATAFLOW,OECD.ENV.EPI:DSD_AIR_GHG@DF_AIR_GHG(1.0),Air emissions - Greenhouse gas emissions Inventories,I,RUS,Russia,A,Annual,GHG,Greenhouse gases,T_LULU,"Total emissions including land use, land-use change and forestry",T_CO2E,Tonnes of CO2-equivalent,2001,,1404382.37,,A,Normal value,3,Thousands,,,,,2,Two,,
DATAFLOW,OECD.ENV.EPI:DSD_AIR_GHG@DF_AIR_GHG(1.0),Air emissions - Greenhouse gas emissions Inventories,I,RUS,Russia,A,Annual,GHG,Greenhouse gases,T_LULU,"Total emissions including land use, land-use change and forestry",T_CO2E,Tonnes of CO2-equivalent,2002,,1358516.06,,A,Normal value,3,Thousands,,,,,2,Two,,
DATAFLOW,OECD.ENV.EPI:DSD_AIR_GHG@DF_AIR_GHG(1.0),Air emissions - Greenhouse gas emissions Inventories,I,RUS,Russia,A,Annual,GHG,Greenhouse gases,T_LULU,"Total emissions including land use, land-use change and forestry",T_CO2E,Tonnes of CO2-equivalent,2003,,1386494.14,,A,Normal value,3,Thousands,,,,,2,Two,,
DATAFLOW,OECD.ENV.EPI:DSD_AIR_GHG@DF_AIR_GHG(1.0),Air emissions - Greenhouse gas emissions Inventories,I,RUS,Russia,A,Annual,GHG,Greenhouse gases,T_LULU,"Total emissions including land use, land-use change and forestry",T_CO2E,Tonnes of CO2-equivalent,2004,,1408500.41,,A,Normal value,3,Thousands,,,,,2,Two,,
DATAFLOW,OECD.ENV.EPI:DSD_AIR_GHG@DF_AIR_GHG(1.0),Air emissions - Greenhouse gas emissions Inventories,I,RUS,Russia,A,Annual,GHG,Greenhouse gases,T_LULU,"Total emissions including land use, land-use change and forestry",T_CO2E,Tonnes of CO2-equivalent,2005,,1430913.66,,A,Normal value,3,Thousands,,,,,2,Two,,
DATAFLOW,OECD.ENV.EPI:DSD_AIR_GHG@DF_AIR_GHG(1.0),Air emissions - Greenhouse gas emissions Inventories,I,RUS,Russia,A,Annual,GHG,Greenhouse gases,T_LULU,"Total emissions including land use, land-use change and forestry",T_CO2E,Tonnes of CO2-equivalent,2006,,1490744.16,,A,Normal value,3,Thousands,,,,,2,Two,,
DATAFLOW,OECD.ENV.EPI:DSD_AIR_GHG@DF_AIR_GHG(1.0),Air emissions - Greenhouse gas emissions Inventories,I,RUS,Russia,A,Annual,GHG,Greenhouse gases,T_LULU,"Total emissions including land use, land-use change and forestry",T_CO2E,Tonnes of CO2-equivalent,2007,,1471162.34,,A,Normal value,3,Thousands,,,,,2,Two,,
DATAFLOW,OECD.ENV.EPI:DSD_AIR_GHG@DF_AIR_GHG(1.0),Air emissions - Greenhouse gas emissions Inventories,I,RUS,Russia,A,Annual,GHG,Greenhouse gases,T_LULU,"Total emissions including land use, land-use change and forestry",T_CO2E,Tonnes of CO2-equivalent,2008,,1463363.81,,A,Normal value,3,Thousands,,,,,2,Two,,
DATAFLOW,OECD.ENV.EPI:DSD_AIR_GHG@DF_AIR_GHG(1.0),Air emissions - Greenhouse gas emissions Inventories,I,RUS,Russia,A,Annual,GHG,Greenhouse gases,T_LULU,"Total emissions including land use, land-use change and forestry",T_CO2E,Tonnes of CO2-equivalent,2009,,1255332.96,,A,Normal value,3,Thousands,,,,,2,Two,,
DATAFLOW,OECD.ENV.EPI:DSD_AIR_GHG@DF_AIR_GHG(1.0),Air emissions - Greenhouse gas emissions Inventories,I,RUS,Russia,A,Annual,GHG,Greenhouse gases,T_LULU,"Total emissions including land use, land-use change and forestry",T_CO2E,Tonnes of CO2-equivalent,2010,,1321327.29,,A,Normal value,3,Thousands,,,,,2,Two,,
DATAFLOW,OECD.ENV.EPI:DSD_AIR_GHG@DF_AIR_GHG(1.0),Air emissions - Greenhouse gas emissions Inventories,I,RUS,Russia,A,Annual,GHG,Greenhouse gases,T_LULU,"Total emissions including land use, land-use change and forestry",T_CO2E,Tonnes of CO2-equivalent,2011,,1425390.51,,A,Normal value,3,Thousands,,,,,2,Two,,
DATAFLOW,OECD.ENV.EPI:DSD_AIR_GHG@DF_AIR_GHG(1.0),Air emissions - Greenhouse gas emissions Inventories,I,RUS,Russia,A,Annual,GHG,Greenhouse gases,T_LULU,"Total emissions including land use, land-use change and forestry",T_CO2E,Tonnes of CO2-equivalent,2012,,1439469.57,,A,Normal value,3,Thousands,,,,,2,Two,,
DATAFLOW,OECD.ENV.EPI:DSD_AIR_GHG@DF_AIR_GHG(1.0),Air emissions - Greenhouse gas emissions Inventories,I,RUS,Russia,A,Annual,GHG,Greenhouse gases,T_LULU,"Total emissions including land use, land-use change and forestry",T_CO2E,Tonnes of CO2-equivalent,2013,,1429172.92,,A,Normal value,3,Thousands,,,,,2,Two,,
DATAFLOW,OECD.ENV.EPI:DSD_AIR_GHG@DF_AIR_GHG(1.0),Air emissions - Greenhouse gas emissions Inventories,I,RUS,Russia,A,Annual,GHG,Greenhouse gases,T_LULU,"Total emissions including land use, land-use change and forestry",T_CO2E,Tonnes of CO2-equivalent,2014,,1380210.77,,A,Normal value,3,Thousands,,,,,2,Two,,
DATAFLOW,OECD.ENV.EPI:DSD_AIR_GHG@DF_AIR_GHG(1.0),Air emissions - Greenhouse gas emissions Inventories,I,RUS,Russia,A,Annual,GHG,Greenhouse gases,T_LULU,"Total emissions including land use, land-use change and forestry",T_CO2E,Tonnes of CO2-equivalent,2015,,1450053.37,,A,Normal value,3,Thousands,,,,,2,Two,,
DATAFLOW,OECD.ENV.EPI:DSD_AIR_GHG@DF_AIR_GHG(1.0),Air emissions - Greenhouse gas emissions Inventories,I,RUS,Russia,A,Annual,GHG,Greenhouse gases,T_LULU,"Total emissions including land use, land-use change and forestry",T_CO2E,Tonnes of CO2-equivalent,2016,,1418657.76,,A,Normal value,3,Thousands,,,,,2,Two,,
DATAFLOW,OECD.ENV.EPI:DSD_AIR_GHG@DF_AIR_GHG(1.0),Air emissions - Greenhouse gas emissions Inventories,I,RUS,Russia,A,Annual,GHG,Greenhouse gases,T_LULU,"Total emissions including land use, land-use change and forestry",T_CO2E,Tonnes of CO2-equivalent,2017,,1479737.13,,A,Normal value,3,Thousands,,,,,2,Two,,
DATAFLOW,OECD.ENV.EPI:DSD_AIR_GHG@DF_AIR_GHG(1.0),Air emissions - Greenhouse gas emissions Inventories,I,RUS,Russia,A,Annual,GHG,Greenhouse gases,T_LULU,"Total emissions including land use, land-use change and forestry",T_CO2E,Tonnes of CO2-equivalent,2018,,1567952.66,,A,Normal value,3,Thousands,,,,,2,Two,,
DATAFLOW,OECD.ENV.EPI:DSD_AIR_GHG@DF_AIR_GHG(1.0),Air emissions - Greenhouse gas emissions Inventories,I,RUS,Russia,A,Annual,GHG,Greenhouse gases,T_LULU,"Total emissions including land use, land-use change and forestry",T_CO2E,Tonnes of CO2-equivalent,2019,,1586015.7,,A,Normal value,3,Thousands,,,,,2,Two,,
DATAFLOW,OECD.ENV.EPI:DSD_AIR_GHG@DF_AIR_GHG(1.0),Air emissions - Greenhouse gas emissions Inventories,I,RUS,Russia,A,Annual,GHG,Greenhouse gases,T_LULU,"Total emissions including land use, land-use change and forestry",T_CO2E,Tonnes of CO2-equivalent,2020,,1503801.98,,A,Normal value,3,Thousands,,,,,2,Two,,
DATAFLOW,OECD.ENV.EPI:DSD_AIR_GHG@DF_AIR_GHG(1.0),Air emissions - Greenhouse gas emissions Inventories,I,RUS,Russia,A,Annual,GHG,Greenhouse gases,T_LULU,"Total emissions including land use, land-use change and forestry",T_CO2E,Tonnes of CO2-equivalent,2021,,1671774.66,,A,Normal value,3,Thousands,,,,,2,Two,,
DATAFLOW,OECD.ENV.EPI:DSD_AIR_GHG@DF_AIR_GHG(1.0),Air emissions - Greenhouse gas emissions Inventories,I,ESP,Spain,A,Annual,GHG,Greenhouse gases,T_LULU,"Total emissions including land use, land-use change and forestry",T_CO2E,Tonnes of CO2-equivalent,1990,,253814.28,,A,Normal value,3,Thousands,,,,,2,Two,,
DATAFLOW,OECD.ENV.EPI:DSD_AIR_GHG@DF_AIR_GHG(1.0),Air emissions - Greenhouse gas emissions Inventories,I,ESP,Spain,A,Annual,GHG,Greenhouse gases,T_LULU,"Total emissions including land use, land-use change and forestry",T_CO2E,Tonnes of CO2-equivalent,1991,,261369.91,,A,Normal value,3,Thousands,,,,,2,Two,,
DATAFLOW,OECD.ENV.EPI:DSD_AIR_GHG@DF_AIR_GHG(1.0),Air emissions - Greenhouse gas emissions Inventories,I,ESP,Spain,A,Annual,GHG,Greenhouse gases,T_LULU,"Total emissions including land use, land-use change and forestry",T_CO2E,Tonnes of CO2-equivalent,1992,,270608.59,,A,Normal value,3,Thousands,,,,,2,Two,,
DATAFLOW,OECD.ENV.EPI:DSD_AIR_GHG@DF_AIR_GHG(1.0),Air emissions - Greenhouse gas emissions Inventories,I,ESP,Spain,A,Annual,GHG,Greenhouse gases,T_LULU,"Total emissions including land use, land-use change and forestry",T_CO2E,Tonnes of CO2-equivalent,1993,,259342.48,,A,Normal value,3,Thousands,,,,,2,Two,,
DATAFLOW,OECD.ENV.EPI:DSD_AIR_GHG@DF_AIR_GHG(1.0),Air emissions - Greenhouse gas emissions Inventories,I,ESP,Spain,A,Annual,GHG,Greenhouse gases,T_LULU,"Total emissions including land use, land-use change and forestry",T_CO2E,Tonnes of CO2-equivalent,1994,,276732.54,,A,Normal value,3,Thousands,,,,,2,Two,,
DATAFLOW,OECD.ENV.EPI:DSD_AIR_GHG@DF_AIR_GHG(1.0),Air emissions - Greenhouse gas emissions Inventories,I,ESP,Spain,A,Annual,GHG,Greenhouse gases,T_LULU,"Total emissions including land use, land-use change and forestry",T_CO2E,Tonnes of CO2-equivalent,1995,,290576.25,,A,Normal value,3,Thousands,,,,,2,Two,,
DATAFLOW,OECD.ENV.EPI:DSD_AIR_GHG@DF_AIR_GHG(1.0),Air emissions - Greenhouse gas emissions Inventories,I,ESP,Spain,A,Annual,GHG,Greenhouse gases,T_LULU,"Total emissions including land use, land-use change and forestry",T_CO2E,Tonnes of CO2-equivalent,1996,,281301.92,,A,Normal value,3,Thousands,,,,,2,Two,,
DATAFLOW,OECD.ENV.EPI:DSD_AIR_GHG@DF_AIR_GHG(1.0),Air emissions - Greenhouse gas emissions Inventories,I,ESP,Spain,A,Annual,GHG,Greenhouse gases,T_LULU,"Total emissions including land use, land-use change and forestry",T_CO2E,Tonnes of CO2-equivalent,1997,,295436.2,,A,Normal value,3,Thousands,,,,,2,Two,,
DATAFLOW,OECD.ENV.EPI:DSD_AIR_GHG@DF_AIR_GHG(1.0),Air emissions - Greenhouse gas emissions Inventories,I,ESP,Spain,A,Annual,GHG,Greenhouse gases,T_LULU,"Total emissions including land use, land-use change and forestry",T_CO2E,Tonnes of CO2-equivalent,1998,,304316.7,,A,Normal value,3,Thousands,,,,,2,Two,,
DATAFLOW,OECD.ENV.EPI:DSD_AIR_GHG@DF_AIR_GHG(1.0),Air emissions - Greenhouse gas emissions Inventories,I,ESP,Spain,A,Annual,GHG,Greenhouse gases,T_LULU,"Total emissions including land use, land-use change and forestry",T_CO2E,Tonnes of CO2-equivalent,1999,,326925.7,,A,Normal value,3,Thousands,,,,,2,Two,,
DATAFLOW,OECD.ENV.EPI:DSD_AIR_GHG@DF_AIR_GHG(1.0),Air emissions - Greenhouse gas emissions Inventories,I,ESP,Spain,A,Annual,GHG,Greenhouse gases,T_LULU,"Total emissions including land use, land-use change and forestry",T_CO2E,Tonnes of CO2-equivalent,2000,,339879.56,,A,Normal value,3,Thousands,,,,,2,Two,,
DATAFLOW,OECD.ENV.EPI:DSD_AIR_GHG@DF_AIR_GHG(1.0),Air emissions - Greenhouse gas emissions Inventories,I,ESP,Spain,A,Annual,GHG,Greenhouse gases,T_LULU,"Total emissions including land use, land-use change and forestry",T_CO2E,Tonnes of CO2-equivalent,2001,,336738.08,,A,Normal value,3,Thousands,,,,,2,Two,,
DATAFLOW,OECD.ENV.EPI:DSD_AIR_GHG@DF_AIR_GHG(1.0),Air emissions - Greenhouse gas emissions Inventories,I,ESP,Spain,A,Annual,GHG,Greenhouse gases,T_LULU,"Total emissions including land use, land-use change and forestry",T_CO2E,Tonnes of CO2-equivalent,2002,,356375.7,,A,Normal value,3,Thousands,,,,,2,Two,,
DATAFLOW,OECD.ENV.EPI:DSD_AIR_GHG@DF_AIR_GHG(1.0),Air emissions - Greenhouse gas emissions Inventories,I,ESP,Spain,A,Annual,GHG,Greenhouse gases,T_LULU,"Total emissions including land use, land-use change and forestry",T_CO2E,Tonnes of CO2-equivalent,2003,,364050.48,,A,Normal value,3,Thousands,,,,,2,Two,,
DATAFLOW,OECD.ENV.EPI:DSD_AIR_GHG@DF_AIR_GHG(1.0),Air emissions - Greenhouse gas emissions Inventories,I,ESP,Spain,A,Annual,GHG,Greenhouse gases,T_LULU,"Total emissions including land use, land-use change and forestry",T_CO2E,Tonnes of CO2-equivalent,2004,,378957.54,,A,Normal value,3,Thousands,,,,,2,Two,,
DATAFLOW,OECD.ENV.EPI:DSD_AIR_GHG@DF_AIR_GHG(1.0),Air emissions - Greenhouse gas emissions Inventories,I,ESP,Spain,A,Annual,GHG,Greenhouse gases,T_LULU,"Total emissions including land use, land-use change and forestry",T_CO2E,Tonnes of CO2-equivalent,2005,,394377.96,,A,Normal value,3,Thousands,,,,,2,Two,,
DATAFLOW,OECD.ENV.EPI:DSD_AIR_GHG@DF_AIR_GHG(1.0),Air emissions - Greenhouse gas emissions Inventories,I,ESP,Spain,A,Annual,GHG,Greenhouse gases,T_LULU,"Total emissions including land use, land-use change and forestry",T_CO2E,Tonnes of CO2-equivalent,2006,,385336.34,,A,Normal value,3,Thousands,,,,,2,Two,,
DATAFLOW,OECD.ENV.EPI:DSD_AIR_GHG@DF_AIR_GHG(1.0),Air emissions - Greenhouse gas emissions Inventories,I,ESP,Spain,A,Annual,GHG,Greenhouse gases,T_LULU,"Total emissions including land use, land-use change and forestry",T_CO2E,Tonnes of CO2-equivalent,2007,,398664.57,,A,Normal value,3,Thousands,,,,,2,Two,,
DATAFLOW,OECD.ENV.EPI:DSD_AIR_GHG@DF_AIR_GHG(1.0),Air emissions - Greenhouse gas emissions Inventories,I,ESP,Spain,A,Annual,GHG,Greenhouse gases,T_LULU,"Total emissions including land use, land-use change and forestry",T_CO2E,Tonnes of CO2-equivalent,2008,,365116.79,,A,Normal value,3,Thousands,,,,,2,Two,,
DATAFLOW,OECD.ENV.EPI:DSD_AIR_GHG@DF_AIR_GHG(1.0),Air emissions - Greenhouse gas emissions Inventories,I,ESP,Spain,A,Annual,GHG,Greenhouse gases,T_LULU,"Total emissions including land use, land-use change and forestry",T_CO2E,Tonnes of CO2-equivalent,2009,,328155.12,,A,Normal value,3,Thousands,,,,,2,Two,,
DATAFLOW,OECD.ENV.EPI:DSD_AIR_GHG@DF_AIR_GHG(1.0),Air emissions - Greenhouse gas emissions Inventories,I,ESP,Spain,A,Annual,GHG,Greenhouse gases,T_LULU,"Total emissions including land use, land-use change and forestry",T_CO2E,Tonnes of CO2-equivalent,2010,,310507.42,,A,Normal value,3,Thousands,,,,,2,Two,,
DATAFLOW,OECD.ENV.EPI:DSD_AIR_GHG@DF_AIR_GHG(1.0),Air emissions - Greenhouse gas emissions Inventories,I,ESP,Spain,A,Annual,GHG,Greenhouse gases,T_LULU,"Total emissions including land use, land-use change and forestry",T_CO2E,Tonnes of CO2-equivalent,2011,,311071.32,,A,Normal value,3,Thousands,,,,,2,Two,,
DATAFLOW,OECD.ENV.EPI:DSD_AIR_GHG@DF_AIR_GHG(1.0),Air emissions - Greenhouse gas emissions Inventories,I,ESP,Spain,A,Annual,GHG,Greenhouse gases,T_LULU,"Total emissions including land use, land-use change and forestry",T_CO2E,Tonnes of CO2-equivalent,2012,,306463.85,,A,Normal value,3,Thousands,,,,,2,Two,,
DATAFLOW,OECD.ENV.EPI:DSD_AIR_GHG@DF_AIR_GHG(1.0),Air emissions - Greenhouse gas emissions Inventories,I,ESP,Spain,A,Annual,GHG,Greenhouse gases,T_LULU,"Total emissions including land use, land-use change and forestry",T_CO2E,Tonnes of CO2-equivalent,2013,,280190.48,,A,Normal value,3,Thousands,,,,,2,Two,,
DATAFLOW,OECD.ENV.EPI:DSD_AIR_GHG@DF_AIR_GHG(1.0),Air emissions - Greenhouse gas emissions Inventories,I,ESP,Spain,A,Annual,GHG,Greenhouse gases,T_LULU,"Total emissions including land use, land-use change and forestry",T_CO2E,Tonnes of CO2-equivalent,2014,,279804.26,,A,Normal value,3,Thousands,,,,,2,Two,,
DATAFLOW,OECD.ENV.EPI:DSD_AIR_GHG@DF_AIR_GHG(1.0),Air emissions - Greenhouse gas emissions Inventories,I,ESP,Spain,A,Annual,GHG,Greenhouse gases,T_LULU,"Total emissions including land use, land-use change and forestry",T_CO2E,Tonnes of CO2-equivalent,2015,,289064.89,,A,Normal value,3,Thousands,,,,,2,Two,,
DATAFLOW,OECD.ENV.EPI:DSD_AIR_GHG@DF_AIR_GHG(1.0),Air emissions - Greenhouse gas emissions Inventories,I,ESP,Spain,A,Annual,GHG,Greenhouse gases,T_LULU,"Total emissions including land use, land-use change and forestry",T_CO2E,Tonnes of CO2-equivalent,2016,,276861.91,,A,Normal value,3,Thousands,,,,,2,Two,,
DATAFLOW,OECD.ENV.EPI:DSD_AIR_GHG@DF_AIR_GHG(1.0),Air emissions - Greenhouse gas emissions Inventories,I,ESP,Spain,A,Annual,GHG,Greenhouse gases,T_LULU,"Total emissions including land use, land-use change and forestry",T_CO2E,Tonnes of CO2-equivalent,2017,,289396.86,,A,Normal value,3,Thousands,,,,,2,Two,,
DATAFLOW,OECD.ENV.EPI:DSD_AIR_GHG@DF_AIR_GHG(1.0),Air emissions - Greenhouse gas emissions Inventories,I,ESP,Spain,A,Annual,GHG,Greenhouse gases,T_LULU,"Total emissions including land use, land-use change and forestry",T_CO2E,Tonnes of CO2-equivalent,2018,,282765.69,,A,Normal value,3,Thousands,,,,,2,Two,,
DATAFLOW,OECD.ENV.EPI:DSD_AIR_GHG@DF_AIR_GHG(1.0),Air emissions - Greenhouse gas emissions Inventories,I,ESP,Spain,A,Annual,GHG,Greenhouse gases,T_LULU,"Total emissions including land use, land-use change and forestry",T_CO2E,Tonnes of CO2-equivalent,2019,,264584.78,,A,Normal value,3,Thousands,,,,,2,Two,,
DATAFLOW,OECD.ENV.EPI:DSD_AIR_GHG@DF_AIR_GHG(1.0),Air emissions - Greenhouse gas emissions Inventories,I,ESP,Spain,A,Annual,GHG,Greenhouse gases,T_LULU,"Total emissions including land use, land-use change and forestry",T_CO2E,Tonnes of CO2-equivalent,2020,,228149.6,,A,Normal value,3,Thousands,,,,,2,Two,,
DATAFLOW,OECD.ENV.EPI:DSD_AIR_GHG@DF_AIR_GHG(1.0),Air emissions - Greenhouse gas emissions Inventories,I,ESP,Spain,A,Annual,GHG,Greenhouse gases,T_LULU,"Total emissions including land use, land-use change and forestry",T_CO2E,Tonnes of CO2-equivalent,2021,,244325.83,,A,Normal value,3,Thousands,,,,,2,Two,,
DATAFLOW,OECD.ENV.EPI:DSD_AIR_GHG@DF_AIR_GHG(1.0),Air emissions - Greenhouse gas emissions Inventories,I,CYP,Cyprus,A,Annual,GHG,Greenhouse gases,T_LULU,"Total emissions including land use, land-use change and forestry",T_CO2E,Tonnes of CO2-equivalent,1990,,5418.66,,A,Normal value,3,Thousands,,,,,2,Two,,
DATAFLOW,OECD.ENV.EPI:DSD_AIR_GHG@DF_AIR_GHG(1.0),Air emissions - Greenhouse gas emissions Inventories,I,CYP,Cyprus,A,Annual,GHG,Greenhouse gases,T_LULU,"Total emissions including land use, land-use change and forestry",T_CO2E,Tonnes of CO2-equivalent,1991,,5909.37,,A,Normal value,3,Thousands,,,,,2,Two,,
DATAFLOW,OECD.ENV.EPI:DSD_AIR_GHG@DF_AIR_GHG(1.0),Air emissions - Greenhouse gas emissions Inventories,I,CYP,Cyprus,A,Annual,GHG,Greenhouse gases,T_LULU,"Total emissions including land use, land-use change and forestry",T_CO2E,Tonnes of CO2-equivalent,1992,,6341.03,,A,Normal value,3,Thousands,,,,,2,Two,,
DATAFLOW,OECD.ENV.EPI:DSD_AIR_GHG@DF_AIR_GHG(1.0),Air emissions - Greenhouse gas emissions Inventories,I,CYP,Cyprus,A,Annual,GHG,Greenhouse gases,T_LULU,"Total emissions including land use, land-use change and forestry",T_CO2E,Tonnes of CO2-equivalent,1993,,6625.78,,A,Normal value,3,Thousands,,,,,2,Two,,
DATAFLOW,OECD.ENV.EPI:DSD_AIR_GHG@DF_AIR_GHG(1.0),Air emissions - Greenhouse gas emissions Inventories,I,CYP,Cyprus,A,Annual,GHG,Greenhouse gases,T_LULU,"Total emissions including land use, land-use change and forestry",T_CO2E,Tonnes of CO2-equivalent,1994,,6874.02,,A,Normal value,3,Thousands,,,,,2,Two,,
DATAFLOW,OECD.ENV.EPI:DSD_AIR_GHG@DF_AIR_GHG(1.0),Air emissions - Greenhouse gas emissions Inventories,I,CYP,Cyprus,A,Annual,GHG,Greenhouse gases,T_LULU,"Total emissions including land use, land-use change and forestry",T_CO2E,Tonnes of CO2-equivalent,1995,,6792.15,,A,Normal value,3,Thousands,,,,,2,Two,,
DATAFLOW,OECD.ENV.EPI:DSD_AIR_GHG@DF_AIR_GHG(1.0),Air emissions - Greenhouse gas emissions Inventories,I,CYP,Cyprus,A,Annual,GHG,Greenhouse gases,T_LULU,"Total emissions including land use, land-use change and forestry",T_CO2E,Tonnes of CO2-equivalent,1996,,7159.67,,A,Normal value,3,Thousands,,,,,2,Two,,
DATAFLOW,OECD.ENV.EPI:DSD_AIR_GHG@DF_AIR_GHG(1.0),Air emissions - Greenhouse gas emissions Inventories,I,CYP,Cyprus,A,Annual,GHG,Greenhouse gases,T_LULU,"Total emissions including land use, land-use change and forestry",T_CO2E,Tonnes of CO2-equivalent,1997,,7254.82,,A,Normal value,3,Thousands,,,,,2,Two,,
DATAFLOW,OECD.ENV.EPI:DSD_AIR_GHG@DF_AIR_GHG(1.0),Air emissions - Greenhouse gas emissions Inventories,I,CYP,Cyprus,A,Annual,GHG,Greenhouse gases,T_LULU,"Total emissions including land use, land-use change and forestry",T_CO2E,Tonnes of CO2-equivalent,1998,,7564.41,,A,Normal value,3,Thousands,,,,,2,Two,,
DATAFLOW,OECD.ENV.EPI:DSD_AIR_GHG@DF_AIR_GHG(1.0),Air emissions - Greenhouse gas emissions Inventories,I,CYP,Cyprus,A,Annual,GHG,Greenhouse gases,T_LULU,"Total emissions including land use, land-use change and forestry",T_CO2E,Tonnes of CO2-equivalent,1999,,7833.91,,A,Normal value,3,Thousands,,,,,2,Two,,
DATAFLOW,OECD.ENV.EPI:DSD_AIR_GHG@DF_AIR_GHG(1.0),Air emissions - Greenhouse gas emissions Inventories,I,CYP,Cyprus,A,Annual,GHG,Greenhouse gases,T_LULU,"Total emissions including land use, land-use change and forestry",T_CO2E,Tonnes of CO2-equivalent,2000,,8163.94,,A,Normal value,3,Thousands,,,,,2,Two,,
DATAFLOW,OECD.ENV.EPI:DSD_AIR_GHG@DF_AIR_GHG(1.0),Air emissions - Greenhouse gas emissions Inventories,I,CYP,Cyprus,A,Annual,GHG,Greenhouse gases,T_LULU,"Total emissions including land use, land-use change and forestry",T_CO2E,Tonnes of CO2-equivalent,2001,,8079.15,,A,Normal value,3,Thousands,,,,,2,Two,,
DATAFLOW,OECD.ENV.EPI:DSD_AIR_GHG@DF_AIR_GHG(1.0),Air emissions - Greenhouse gas emissions Inventories,I,CYP,Cyprus,A,Annual,GHG,Greenhouse gases,T_LULU,"Total emissions including land use, land-use change and forestry",T_CO2E,Tonnes of CO2-equivalent,2002,,8280.38,,A,Normal value,3,Thousands,,,,,2,Two,,
DATAFLOW,OECD.ENV.EPI:DSD_AIR_GHG@DF_AIR_GHG(1.0),Air emissions - Greenhouse gas emissions Inventories,I,CYP,Cyprus,A,Annual,GHG,Greenhouse gases,T_LULU,"Total emissions including land use, land-use change and forestry",T_CO2E,Tonnes of CO2-equivalent,2003,,8660.11,,A,Normal value,3,Thousands,,,,,2,Two,,
DATAFLOW,OECD.ENV.EPI:DSD_AIR_GHG@DF_AIR_GHG(1.0),Air emissions - Greenhouse gas emissions Inventories,I,CYP,Cyprus,A,Annual,GHG,Greenhouse gases,T_LULU,"Total emissions including land use, land-use change and forestry",T_CO2E,Tonnes of CO2-equivalent,2004,,8863.08,,A,Normal value,3,Thousands,,,,,2,Two,,
DATAFLOW,OECD.ENV.EPI:DSD_AIR_GHG@DF_AIR_GHG(1.0),Air emissions - Greenhouse gas emissions Inventories,I,CYP,Cyprus,A,Annual,GHG,Greenhouse gases,T_LULU,"Total emissions including land use, land-use change and forestry",T_CO2E,Tonnes of CO2-equivalent,2005,,9001.61,,A,Normal value,3,Thousands,,,,,2,Two,,
DATAFLOW,OECD.ENV.EPI:DSD_AIR_GHG@DF_AIR_GHG(1.0),Air emissions - Greenhouse gas emissions Inventories,I,CYP,Cyprus,A,Annual,GHG,Greenhouse gases,T_LULU,"Total emissions including land use, land-use change and forestry",T_CO2E,Tonnes of CO2-equivalent,2006,,9248,,A,Normal value,3,Thousands,,,,,2,Two,,
DATAFLOW,OECD.ENV.EPI:DSD_AIR_GHG@DF_AIR_GHG(1.0),Air emissions - Greenhouse gas emissions Inventories,I,CYP,Cyprus,A,Annual,GHG,Greenhouse gases,T_LULU,"Total emissions including land use, land-use change and forestry",T_CO2E,Tonnes of CO2-equivalent,2007,,9620.76,,A,Normal value,3,Thousands,,,,,2,Two,,
DATAFLOW,OECD.ENV.EPI:DSD_AIR_GHG@DF_AIR_GHG(1.0),Air emissions - Greenhouse gas emissions Inventories,I,CYP,Cyprus,A,Annual,GHG,Greenhouse gases,T_LULU,"Total emissions including land use, land-use change and forestry",T_CO2E,Tonnes of CO2-equivalent,2008,,9775.56,,A,Normal value,3,Thousands,,,,,2,Two,,
DATAFLOW,OECD.ENV.EPI:DSD_AIR_GHG@DF_AIR_GHG(1.0),Air emissions - Greenhouse gas emissions Inventories,I,CYP,Cyprus,A,Annual,GHG,Greenhouse gases,T_LULU,"Total emissions including land use, land-use change and forestry",T_CO2E,Tonnes of CO2-equivalent,2009,,9512.32,,A,Normal value,3,Thousands,,,,,2,Two,,
DATAFLOW,OECD.ENV.EPI:DSD_AIR_GHG@DF_AIR_GHG(1.0),Air emissions - Greenhouse gas emissions Inventories,I,CYP,Cyprus,A,Annual,GHG,Greenhouse gases,T_LULU,"Total emissions including land use, land-use change and forestry",T_CO2E,Tonnes of CO2-equivalent,2010,,9190.83,,A,Normal value,3,Thousands,,,,,2,Two,,
DATAFLOW,OECD.ENV.EPI:DSD_AIR_GHG@DF_AIR_GHG(1.0),Air emissions - Greenhouse gas emissions Inventories,I,CYP,Cyprus,A,Annual,GHG,Greenhouse gases,T_LULU,"Total emissions including land use, land-use change and forestry",T_CO2E,Tonnes of CO2-equivalent,2011,,8857.68,,A,Normal value,3,Thousands,,,,,2,Two,,
DATAFLOW,OECD.ENV.EPI:DSD_AIR_GHG@DF_AIR_GHG(1.0),Air emissions - Greenhouse gas emissions Inventories,I,CYP,Cyprus,A,Annual,GHG,Greenhouse gases,T_LULU,"Total emissions including land use, land-use change and forestry",T_CO2E,Tonnes of CO2-equivalent,2012,,8331.06,,A,Normal value,3,Thousands,,,,,2,Two,,
DATAFLOW,OECD.ENV.EPI:DSD_AIR_GHG@DF_AIR_GHG(1.0),Air emissions - Greenhouse gas emissions Inventories,I,CYP,Cyprus,A,Annual,GHG,Greenhouse gases,T_LULU,"Total emissions including land use, land-use change and forestry",T_CO2E,Tonnes of CO2-equivalent,2013,,7622.95,,A,Normal value,3,Thousands,,,,,2,Two,,
DATAFLOW,OECD.ENV.EPI:DSD_AIR_GHG@DF_AIR_GHG(1.0),Air emissions - Greenhouse gas emissions Inventories,I,CYP,Cyprus,A,Annual,GHG,Greenhouse gases,T_LULU,"Total emissions including land use, land-use change and forestry",T_CO2E,Tonnes of CO2-equivalent,2014,,7995.81,,A,Normal value,3,Thousands,,,,,2,Two,,
DATAFLOW,OECD.ENV.EPI:DSD_AIR_GHG@DF_AIR_GHG(1.0),Air emissions - Greenhouse gas emissions Inventories,I,CYP,Cyprus,A,Annual,GHG,Greenhouse gases,T_LULU,"Total emissions including land use, land-use change and forestry",T_CO2E,Tonnes of CO2-equivalent,2015,,8047.16,,A,Normal value,3,Thousands,,,,,2,Two,,
DATAFLOW,OECD.ENV.EPI:DSD_AIR_GHG@DF_AIR_GHG(1.0),Air emissions - Greenhouse gas emissions Inventories,I,CYP,Cyprus,A,Annual,GHG,Greenhouse gases,T_LULU,"Total emissions including land use, land-use change and forestry",T_CO2E,Tonnes of CO2-equivalent,2016,,8599.23,,A,Normal value,3,Thousands,,,,,2,Two,,
DATAFLOW,OECD.ENV.EPI:DSD_AIR_GHG@DF_AIR_GHG(1.0),Air emissions - Greenhouse gas emissions Inventories,I,CYP,Cyprus,A,Annual,GHG,Greenhouse gases,T_LULU,"Total emissions including land use, land-use change and forestry",T_CO2E,Tonnes of CO2-equivalent,2017,,8659.04,,A,Normal value,3,Thousands,,,,,2,Two,,
DATAFLOW,OECD.ENV.EPI:DSD_AIR_GHG@DF_AIR_GHG(1.0),Air emissions - Greenhouse gas emissions Inventories,I,CYP,Cyprus,A,Annual,GHG,Greenhouse gases,T_LULU,"Total emissions including land use, land-use change and forestry",T_CO2E,Tonnes of CO2-equivalent,2018,,8518.88,,A,Normal value,3,Thousands,,,,,2,Two,,
DATAFLOW,OECD.ENV.EPI:DSD_AIR_GHG@DF_AIR_GHG(1.0),Air emissions - Greenhouse gas emissions Inventories,I,CYP,Cyprus,A,Annual,GHG,Greenhouse gases,T_LULU,"Total emissions including land use, land-use change and forestry",T_CO2E,Tonnes of CO2-equivalent,2019,,8594.58,,A,Normal value,3,Thousands,,,,,2,Two,,
DATAFLOW,OECD.ENV.EPI:DSD_AIR_GHG@DF_AIR_GHG(1.0),Air emissions - Greenhouse gas emissions Inventories,I,CYP,Cyprus,A,Annual,GHG,Greenhouse gases,T_LULU,"Total emissions including land use, land-use change and forestry",T_CO2E,Tonnes of CO2-equivalent,2020,,8204.31,,A,Normal value,3,Thousands,,,,,2,Two,,
DATAFLOW,OECD.ENV.EPI:DSD_AIR_GHG@DF_AIR_GHG(1.0),Air emissions - Greenhouse gas emissions Inventories,I,CYP,Cyprus,A,Annual,GHG,Greenhouse gases,T_LULU,"Total emissions including land use, land-use change and forestry",T_CO2E,Tonnes of CO2-equivalent,2021,,8434.69,,A,Normal value,3,Thousands,,,,,2,Two,,
DATAFLOW,OECD.ENV.EPI:DSD_AIR_GHG@DF_AIR_GHG(1.0),Air emissions - Greenhouse gas emissions Inventories,I,KAZ,Kazakhstan,A,Annual,GHG,Greenhouse gases,T_LULU,"Total emissions including land use, land-use change and forestry",T_CO2E,Tonnes of CO2-equivalent,1990,,380186.58,,A,Normal value,3,Thousands,,,,,2,Two,,
DATAFLOW,OECD.ENV.EPI:DSD_AIR_GHG@DF_AIR_GHG(1.0),Air emissions - Greenhouse gas emissions Inventories,I,KAZ,Kazakhstan,A,Annual,GHG,Greenhouse gases,T_LULU,"Total emissions including land use, land-use change and forestry",T_CO2E,Tonnes of CO2-equivalent,1991,,368300.25,,A,Normal value,3,Thousands,,,,,2,Two,,
DATAFLOW,OECD.ENV.EPI:DSD_AIR_GHG@DF_AIR_GHG(1.0),Air emissions - Greenhouse gas emissions Inventories,I,KAZ,Kazakhstan,A,Annual,GHG,Greenhouse gases,T_LULU,"Total emissions including land use, land-use change and forestry",T_CO2E,Tonnes of CO2-equivalent,1992,,345524.71,,A,Normal value,3,Thousands,,,,,2,Two,,
DATAFLOW,OECD.ENV.EPI:DSD_AIR_GHG@DF_AIR_GHG(1.0),Air emissions - Greenhouse gas emissions Inventories,I,KAZ,Kazakhstan,A,Annual,GHG,Greenhouse gases,T_LULU,"Total emissions including land use, land-use change and forestry",T_CO2E,Tonnes of CO2-equivalent,1993,,312636.53,,A,Normal value,3,Thousands,,,,,2,Two,,
DATAFLOW,OECD.ENV.EPI:DSD_AIR_GHG@DF_AIR_GHG(1.0),Air emissions - Greenhouse gas emissions Inventories,I,KAZ,Kazakhstan,A,Annual,GHG,Greenhouse gases,T_LULU,"Total emissions including land use, land-use change and forestry",T_CO2E,Tonnes of CO2-equivalent,1994,,277759.58,,A,Normal value,3,Thousands,,,,,2,Two,,
DATAFLOW,OECD.ENV.EPI:DSD_AIR_GHG@DF_AIR_GHG(1.0),Air emissions - Greenhouse gas emissions Inventories,I,KAZ,Kazakhstan,A,Annual,GHG,Greenhouse gases,T_LULU,"Total emissions including land use, land-use change and forestry",T_CO2E,Tonnes of CO2-equivalent,1995,,278393.85,,A,Normal value,3,Thousands,,,,,2,Two,,
DATAFLOW,OECD.ENV.EPI:DSD_AIR_GHG@DF_AIR_GHG(1.0),Air emissions - Greenhouse gas emissions Inventories,I,KAZ,Kazakhstan,A,Annual,GHG,Greenhouse gases,T_LULU,"Total emissions including land use, land-use change and forestry",T_CO2E,Tonnes of CO2-equivalent,1996,,271328.7,,A,Normal value,3,Thousands,,,,,2,Two,,
DATAFLOW,OECD.ENV.EPI:DSD_AIR_GHG@DF_AIR_GHG(1.0),Air emissions - Greenhouse gas emissions Inventories,I,KAZ,Kazakhstan,A,Annual,GHG,Greenhouse gases,T_LULU,"Total emissions including land use, land-use change and forestry",T_CO2E,Tonnes of CO2-equivalent,1997,,287263.4,,A,Normal value,3,Thousands,,,,,2,Two,,
DATAFLOW,OECD.ENV.EPI:DSD_AIR_GHG@DF_AIR_GHG(1.0),Air emissions - Greenhouse gas emissions Inventories,I,KAZ,Kazakhstan,A,Annual,GHG,Greenhouse gases,T_LULU,"Total emissions including land use, land-use change and forestry",T_CO2E,Tonnes of CO2-equivalent,1998,,295259.06,,A,Normal value,3,Thousands,,,,,2,Two,,
DATAFLOW,OECD.ENV.EPI:DSD_AIR_GHG@DF_AIR_GHG(1.0),Air emissions - Greenhouse gas emissions Inventories,I,KAZ,Kazakhstan,A,Annual,GHG,Greenhouse gases,T_LULU,"Total emissions including land use, land-use change and forestry",T_CO2E,Tonnes of CO2-equivalent,1999,,265270.67,,A,Normal value,3,Thousands,,,,,2,Two,,
DATAFLOW,OECD.ENV.EPI:DSD_AIR_GHG@DF_AIR_GHG(1.0),Air emissions - Greenhouse gas emissions Inventories,I,KAZ,Kazakhstan,A,Annual,GHG,Greenhouse gases,T_LULU,"Total emissions including land use, land-use change and forestry",T_CO2E,Tonnes of CO2-equivalent,2000,,303144.9,,A,Normal value,3,Thousands,,,,,2,Two,,
DATAFLOW,OECD.ENV.EPI:DSD_AIR_GHG@DF_AIR_GHG(1.0),Air emissions - Greenhouse gas emissions Inventories,I,KAZ,Kazakhstan,A,Annual,GHG,Greenhouse gases,T_LULU,"Total emissions including land use, land-use change and forestry",T_CO2E,Tonnes of CO2-equivalent,2001,,304394.3,,A,Normal value,3,Thousands,,,,,2,Two,,
DATAFLOW,OECD.ENV.EPI:DSD_AIR_GHG@DF_AIR_GHG(1.0),Air emissions - Greenhouse gas emissions Inventories,I,KAZ,Kazakhstan,A,Annual,GHG,Greenhouse gases,T_LULU,"Total emissions including land use, land-use change and forestry",T_CO2E,Tonnes of CO2-equivalent,2002,,323618.93,,A,Normal value,3,Thousands,,,,,2,Two,,
DATAFLOW,OECD.ENV.EPI:DSD_AIR_GHG@DF_AIR_GHG(1.0),Air emissions - Greenhouse gas emissions Inventories,I,KAZ,Kazakhstan,A,Annual,GHG,Greenhouse gases,T_LULU,"Total emissions including land use, land-use change and forestry",T_CO2E,Tonnes of CO2-equivalent,2003,,346736.4,,A,Normal value,3,Thousands,,,,,2,Two,,
DATAFLOW,OECD.ENV.EPI:DSD_AIR_GHG@DF_AIR_GHG(1.0),Air emissions - Greenhouse gas emissions Inventories,I,KAZ,Kazakhstan,A,Annual,GHG,Greenhouse gases,T_LULU,"Total emissions including land use, land-use change and forestry",T_CO2E,Tonnes of CO2-equivalent,2004,,356054.76,,A,Normal value,3,Thousands,,,,,2,Two,,
DATAFLOW,OECD.ENV.EPI:DSD_AIR_GHG@DF_AIR_GHG(1.0),Air emissions - Greenhouse gas emissions Inventories,I,KAZ,Kazakhstan,A,Annual,GHG,Greenhouse gases,T_LULU,"Total emissions including land use, land-use change and forestry",T_CO2E,Tonnes of CO2-equivalent,2005,,370625,,A,Normal value,3,Thousands,,,,,2,Two,,
DATAFLOW,OECD.ENV.EPI:DSD_AIR_GHG@DF_AIR_GHG(1.0),Air emissions - Greenhouse gas emissions Inventories,I,KAZ,Kazakhstan,A,Annual,GHG,Greenhouse gases,T_LULU,"Total emissions including land use, land-use change and forestry",T_CO2E,Tonnes of CO2-equivalent,2006,,398011.91,,A,Normal value,3,Thousands,,,,,2,Two,,
DATAFLOW,OECD.ENV.EPI:DSD_AIR_GHG@DF_AIR_GHG(1.0),Air emissions - Greenhouse gas emissions Inventories,I,KAZ,Kazakhstan,A,Annual,GHG,Greenhouse gases,T_LULU,"Total emissions including land use, land-use change and forestry",T_CO2E,Tonnes of CO2-equivalent,2007,,388643.3,,A,Normal value,3,Thousands,,,,,2,Two,,
DATAFLOW,OECD.ENV.EPI:DSD_AIR_GHG@DF_AIR_GHG(1.0),Air emissions - Greenhouse gas emissions Inventories,I,KAZ,Kazakhstan,A,Annual,GHG,Greenhouse gases,T_LULU,"Total emissions including land use, land-use change and forestry",T_CO2E,Tonnes of CO2-equivalent,2008,,378435.69,,A,Normal value,3,Thousands,,,,,2,Two,,
DATAFLOW,OECD.ENV.EPI:DSD_AIR_GHG@DF_AIR_GHG(1.0),Air emissions - Greenhouse gas emissions Inventories,I,KAZ,Kazakhstan,A,Annual,GHG,Greenhouse gases,T_LULU,"Total emissions including land use, land-use change and forestry",T_CO2E,Tonnes of CO2-equivalent,2009,,365392.76,,A,Normal value,3,Thousands,,,,,2,Two,,
DATAFLOW,OECD.ENV.EPI:DSD_AIR_GHG@DF_AIR_GHG(1.0),Air emissions - Greenhouse gas emissions Inventories,I,KAZ,Kazakhstan,A,Annual,GHG,Greenhouse gases,T_LULU,"Total emissions including land use, land-use change and forestry",T_CO2E,Tonnes of CO2-equivalent,2010,,381414.87,,A,Normal value,3,Thousands,,,,,2,Two,,
DATAFLOW,OECD.ENV.EPI:DSD_AIR_GHG@DF_AIR_GHG(1.0),Air emissions - Greenhouse gas emissions Inventories,I,KAZ,Kazakhstan,A,Annual,GHG,Greenhouse gases,T_LULU,"Total emissions including land use, land-use change and forestry",T_CO2E,Tonnes of CO2-equivalent,2011,,355241.1,,A,Normal value,3,Thousands,,,,,2,Two,,
DATAFLOW,OECD.ENV.EPI:DSD_AIR_GHG@DF_AIR_GHG(1.0),Air emissions - Greenhouse gas emissions Inventories,I,KAZ,Kazakhstan,A,Annual,GHG,Greenhouse gases,T_LULU,"Total emissions including land use, land-use change and forestry",T_CO2E,Tonnes of CO2-equivalent,2012,,346189.43,,A,Normal value,3,Thousands,,,,,2,Two,,
DATAFLOW,OECD.ENV.EPI:DSD_AIR_GHG@DF_AIR_GHG(1.0),Air emissions - Greenhouse gas emissions Inventories,I,KAZ,Kazakhstan,A,Annual,GHG,Greenhouse gases,T_LULU,"Total emissions including land use, land-use change and forestry",T_CO2E,Tonnes of CO2-equivalent,2013,,340001.79,,A,Normal value,3,Thousands,,,,,2,Two,,
DATAFLOW,OECD.ENV.EPI:DSD_AIR_GHG@DF_AIR_GHG(1.0),Air emissions - Greenhouse gas emissions Inventories,I,KAZ,Kazakhstan,A,Annual,GHG,Greenhouse gases,T_LULU,"Total emissions including land use, land-use change and forestry",T_CO2E,Tonnes of CO2-equivalent,2014,,361651.31,,A,Normal value,3,Thousands,,,,,2,Two,,
DATAFLOW,OECD.ENV.EPI:DSD_AIR_GHG@DF_AIR_GHG(1.0),Air emissions - Greenhouse gas emissions Inventories,I,KAZ,Kazakhstan,A,Annual,GHG,Greenhouse gases,T_LULU,"Total emissions including land use, land-use change and forestry",T_CO2E,Tonnes of CO2-equivalent,2015,,367697.33,,A,Normal value,3,Thousands,,,,,2,Two,,
DATAFLOW,OECD.ENV.EPI:DSD_AIR_GHG@DF_AIR_GHG(1.0),Air emissions - Greenhouse gas emissions Inventories,I,KAZ,Kazakhstan,A,Annual,GHG,Greenhouse gases,T_LULU,"Total emissions including land use, land-use change and forestry",T_CO2E,Tonnes of CO2-equivalent,2016,,365833.11,,A,Normal value,3,Thousands,,,,,2,Two,,
DATAFLOW,OECD.ENV.EPI:DSD_AIR_GHG@DF_AIR_GHG(1.0),Air emissions - Greenhouse gas emissions Inventories,I,KAZ,Kazakhstan,A,Annual,GHG,Greenhouse gases,T_LULU,"Total emissions including land use, land-use change and forestry",T_CO2E,Tonnes of CO2-equivalent,2017,,391863.58,,A,Normal value,3,Thousands,,,,,2,Two,,
DATAFLOW,OECD.ENV.EPI:DSD_AIR_GHG@DF_AIR_GHG(1.0),Air emissions - Greenhouse gas emissions Inventories,I,KAZ,Kazakhstan,A,Annual,GHG,Greenhouse gases,T_LULU,"Total emissions including land use, land-use change and forestry",T_CO2E,Tonnes of CO2-equivalent,2018,,404504.77,,A,Normal value,3,Thousands,,,,,2,Two,,
DATAFLOW,OECD.ENV.EPI:DSD_AIR_GHG@DF_AIR_GHG(1.0),Air emissions - Greenhouse gas emissions Inventories,I,KAZ,Kazakhstan,A,Annual,GHG,Greenhouse gases,T_LULU,"Total emissions including land use, land-use change and forestry",T_CO2E,Tonnes of CO2-equivalent,2019,,367057.5,,A,Normal value,3,Thousands,,,,,2,Two,,
DATAFLOW,OECD.ENV.EPI:DSD_AIR_GHG@DF_AIR_GHG(1.0),Air emissions - Greenhouse gas emissions Inventories,I,KAZ,Kazakhstan,A,Annual,GHG,Greenhouse gases,T_LULU,"Total emissions including land use, land-use change and forestry",T_CO2E,Tonnes of CO2-equivalent,2020,,342098.12,,A,Normal value,3,Thousands,,,,,2,Two,,
DATAFLOW,OECD.ENV.EPI:DSD_AIR_GHG@DF_AIR_GHG(1.0),Air emissions - Greenhouse gas emissions Inventories,I,KAZ,Kazakhstan,A,Annual,GHG,Greenhouse gases,T_LULU,"Total emissions including land use, land-use change and forestry",T_CO2E,Tonnes of CO2-equivalent,2021,,340837.72,,A,Normal value,3,Thousands,,,,,2,Two,,
DATAFLOW,OECD.ENV.EPI:DSD_AIR_GHG@DF_AIR_GHG(1.0),Air emissions - Greenhouse gas emissions Inventories,I,LIE,Liechtenstein,A,Annual,GHG,Greenhouse gases,T_LULU,"Total emissions including land use, land-use change and forestry",T_CO2E,Tonnes of CO2-equivalent,1990,,237.18,,A,Normal value,3,Thousands,,,,,2,Two,,
DATAFLOW,OECD.ENV.EPI:DSD_AIR_GHG@DF_AIR_GHG(1.0),Air emissions - Greenhouse gas emissions Inventories,I,LIE,Liechtenstein,A,Annual,GHG,Greenhouse gases,T_LULU,"Total emissions including land use, land-use change and forestry",T_CO2E,Tonnes of CO2-equivalent,1991,,229.08,,A,Normal value,3,Thousands,,,,,2,Two,,
DATAFLOW,OECD.ENV.EPI:DSD_AIR_GHG@DF_AIR_GHG(1.0),Air emissions - Greenhouse gas emissions Inventories,I,LIE,Liechtenstein,A,Annual,GHG,Greenhouse gases,T_LULU,"Total emissions including land use, land-use change and forestry",T_CO2E,Tonnes of CO2-equivalent,1992,,240.05,,A,Normal value,3,Thousands,,,,,2,Two,,
DATAFLOW,OECD.ENV.EPI:DSD_AIR_GHG@DF_AIR_GHG(1.0),Air emissions - Greenhouse gas emissions Inventories,I,LIE,Liechtenstein,A,Annual,GHG,Greenhouse gases,T_LULU,"Total emissions including land use, land-use change and forestry",T_CO2E,Tonnes of CO2-equivalent,1993,,243.84,,A,Normal value,3,Thousands,,,,,2,Two,,
DATAFLOW,OECD.ENV.EPI:DSD_AIR_GHG@DF_AIR_GHG(1.0),Air emissions - Greenhouse gas emissions Inventories,I,LIE,Liechtenstein,A,Annual,GHG,Greenhouse gases,T_LULU,"Total emissions including land use, land-use change and forestry",T_CO2E,Tonnes of CO2-equivalent,1994,,249.29,,A,Normal value,3,Thousands,,,,,2,Two,,
DATAFLOW,OECD.ENV.EPI:DSD_AIR_GHG@DF_AIR_GHG(1.0),Air emissions - Greenhouse gas emissions Inventories,I,LIE,Liechtenstein,A,Annual,GHG,Greenhouse gases,T_LULU,"Total emissions including land use, land-use change and forestry",T_CO2E,Tonnes of CO2-equivalent,1995,,239.71,,A,Normal value,3,Thousands,,,,,2,Two,,
DATAFLOW,OECD.ENV.EPI:DSD_AIR_GHG@DF_AIR_GHG(1.0),Air emissions - Greenhouse gas emissions Inventories,I,LIE,Liechtenstein,A,Annual,GHG,Greenhouse gases,T_LULU,"Total emissions including land use, land-use change and forestry",T_CO2E,Tonnes of CO2-equivalent,1996,,233.79,,A,Normal value,3,Thousands,,,,,2,Two,,
DATAFLOW,OECD.ENV.EPI:DSD_AIR_GHG@DF_AIR_GHG(1.0),Air emissions - Greenhouse gas emissions Inventories,I,LIE,Liechtenstein,A,Annual,GHG,Greenhouse gases,T_LULU,"Total emissions including land use, land-use change and forestry",T_CO2E,Tonnes of CO2-equivalent,1997,,257.63,,A,Normal value,3,Thousands,,,,,2,Two,,
DATAFLOW,OECD.ENV.EPI:DSD_AIR_GHG@DF_AIR_GHG(1.0),Air emissions - Greenhouse gas emissions Inventories,I,LIE,Liechtenstein,A,Annual,GHG,Greenhouse gases,T_LULU,"Total emissions including land use, land-use change and forestry",T_CO2E,Tonnes of CO2-equivalent,1998,,260.91,,A,Normal value,3,Thousands,,,,,2,Two,,
DATAFLOW,OECD.ENV.EPI:DSD_AIR_GHG@DF_AIR_GHG(1.0),Air emissions - Greenhouse gas emissions Inventories,I,LIE,Liechtenstein,A,Annual,GHG,Greenhouse gases,T_LULU,"Total emissions including land use, land-use change and forestry",T_CO2E,Tonnes of CO2-equivalent,1999,,256.73,,A,Normal value,3,Thousands,,,,,2,Two,,
DATAFLOW,OECD.ENV.EPI:DSD_AIR_GHG@DF_AIR_GHG(1.0),Air emissions - Greenhouse gas emissions Inventories,I,LIE,Liechtenstein,A,Annual,GHG,Greenhouse gases,T_LULU,"Total emissions including land use, land-use change and forestry",T_CO2E,Tonnes of CO2-equivalent,2000,,272.73,,A,Normal value,3,Thousands,,,,,2,Two,,
DATAFLOW,OECD.ENV.EPI:DSD_AIR_GHG@DF_AIR_GHG(1.0),Air emissions - Greenhouse gas emissions Inventories,I,LIE,Liechtenstein,A,Annual,GHG,Greenhouse gases,T_LULU,"Total emissions including land use, land-use change and forestry",T_CO2E,Tonnes of CO2-equivalent,2001,,249.46,,A,Normal value,3,Thousands,,,,,2,Two,,
DATAFLOW,OECD.ENV.EPI:DSD_AIR_GHG@DF_AIR_GHG(1.0),Air emissions - Greenhouse gas emissions Inventories,I,LIE,Liechtenstein,A,Annual,GHG,Greenhouse gases,T_LULU,"Total emissions including land use, land-use change and forestry",T_CO2E,Tonnes of CO2-equivalent,2002,,256.73,,A,Normal value,3,Thousands,,,,,2,Two,,
DATAFLOW,OECD.ENV.EPI:DSD_AIR_GHG@DF_AIR_GHG(1.0),Air emissions - Greenhouse gas emissions Inventories,I,LIE,Liechtenstein,A,Annual,GHG,Greenhouse gases,T_LULU,"Total emissions including land use, land-use change and forestry",T_CO2E,Tonnes of CO2-equivalent,2003,,270.83,,A,Normal value,3,Thousands,,,,,2,Two,,
DATAFLOW,OECD.ENV.EPI:DSD_AIR_GHG@DF_AIR_GHG(1.0),Air emissions - Greenhouse gas emissions Inventories,I,LIE,Liechtenstein,A,Annual,GHG,Greenhouse gases,T_LULU,"Total emissions including land use, land-use change and forestry",T_CO2E,Tonnes of CO2-equivalent,2004,,273.24,,A,Normal value,3,Thousands,,,,,2,Two,,
DATAFLOW,OECD.ENV.EPI:DSD_AIR_GHG@DF_AIR_GHG(1.0),Air emissions - Greenhouse gas emissions Inventories,I,LIE,Liechtenstein,A,Annual,GHG,Greenhouse gases,T_LULU,"Total emissions including land use, land-use change and forestry",T_CO2E,Tonnes of CO2-equivalent,2005,,273.87,,A,Normal value,3,Thousands,,,,,2,Two,,
DATAFLOW,OECD.ENV.EPI:DSD_AIR_GHG@DF_AIR_GHG(1.0),Air emissions - Greenhouse gas emissions Inventories,I,LIE,Liechtenstein,A,Annual,GHG,Greenhouse gases,T_LULU,"Total emissions including land use, land-use change and forestry",T_CO2E,Tonnes of CO2-equivalent,2006,,282.3,,A,Normal value,3,Thousands,,,,,2,Two,,
DATAFLOW,OECD.ENV.EPI:DSD_AIR_GHG@DF_AIR_GHG(1.0),Air emissions - Greenhouse gas emissions Inventories,I,LIE,Liechtenstein,A,Annual,GHG,Greenhouse gases,T_LULU,"Total emissions including land use, land-use change and forestry",T_CO2E,Tonnes of CO2-equivalent,2007,,262.14,,A,Normal value,3,Thousands,,,,,2,Two,,
DATAFLOW,OECD.ENV.EPI:DSD_AIR_GHG@DF_AIR_GHG(1.0),Air emissions - Greenhouse gas emissions Inventories,I,LIE,Liechtenstein,A,Annual,GHG,Greenhouse gases,T_LULU,"Total emissions including land use, land-use change and forestry",T_CO2E,Tonnes of CO2-equivalent,2008,,283.92,,A,Normal value,3,Thousands,,,,,2,Two,,
DATAFLOW,OECD.ENV.EPI:DSD_AIR_GHG@DF_AIR_GHG(1.0),Air emissions - Greenhouse gas emissions Inventories,I,LIE,Liechtenstein,A,Annual,GHG,Greenhouse gases,T_LULU,"Total emissions including land use, land-use change and forestry",T_CO2E,Tonnes of CO2-equivalent,2009,,266.19,,A,Normal value,3,Thousands,,,,,2,Two,,
DATAFLOW,OECD.ENV.EPI:DSD_AIR_GHG@DF_AIR_GHG(1.0),Air emissions - Greenhouse gas emissions Inventories,I,LIE,Liechtenstein,A,Annual,GHG,Greenhouse gases,T_LULU,"Total emissions including land use, land-use change and forestry",T_CO2E,Tonnes of CO2-equivalent,2010,,249.79,,A,Normal value,3,Thousands,,,,,2,Two,,
DATAFLOW,OECD.ENV.EPI:DSD_AIR_GHG@DF_AIR_GHG(1.0),Air emissions - Greenhouse gas emissions Inventories,I,LIE,Liechtenstein,A,Annual,GHG,Greenhouse gases,T_LULU,"Total emissions including land use, land-use change and forestry",T_CO2E,Tonnes of CO2-equivalent,2011,,240.62,,A,Normal value,3,Thousands,,,,,2,Two,,
DATAFLOW,OECD.ENV.EPI:DSD_AIR_GHG@DF_AIR_GHG(1.0),Air emissions - Greenhouse gas emissions Inventories,I,LIE,Liechtenstein,A,Annual,GHG,Greenhouse gases,T_LULU,"Total emissions including land use, land-use change and forestry",T_CO2E,Tonnes of CO2-equivalent,2012,,250.11,,A,Normal value,3,Thousands,,,,,2,Two,,
DATAFLOW,OECD.ENV.EPI:DSD_AIR_GHG@DF_AIR_GHG(1.0),Air emissions - Greenhouse gas emissions Inventories,I,LIE,Liechtenstein,A,Annual,GHG,Greenhouse gases,T_LULU,"Total emissions including land use, land-use change and forestry",T_CO2E,Tonnes of CO2-equivalent,2013,,248.82,,A,Normal value,3,Thousands,,,,,2,Two,,
DATAFLOW,OECD.ENV.EPI:DSD_AIR_GHG@DF_AIR_GHG(1.0),Air emissions - Greenhouse gas emissions Inventories,I,LIE,Liechtenstein,A,Annual,GHG,Greenhouse gases,T_LULU,"Total emissions including land use, land-use change and forestry",T_CO2E,Tonnes of CO2-equivalent,2014,,217.69,,A,Normal value,3,Thousands,,,,,2,Two,,
DATAFLOW,OECD.ENV.EPI:DSD_AIR_GHG@DF_AIR_GHG(1.0),Air emissions - Greenhouse gas emissions Inventories,I,LIE,Liechtenstein,A,Annual,GHG,Greenhouse gases,T_LULU,"Total emissions including land use, land-use change and forestry",T_CO2E,Tonnes of CO2-equivalent,2015,,210.8,,A,Normal value,3,Thousands,,,,,2,Two,,
DATAFLOW,OECD.ENV.EPI:DSD_AIR_GHG@DF_AIR_GHG(1.0),Air emissions - Greenhouse gas emissions Inventories,I,LIE,Liechtenstein,A,Annual,GHG,Greenhouse gases,T_LULU,"Total emissions including land use, land-use change and forestry",T_CO2E,Tonnes of CO2-equivalent,2016,,198.69,,A,Normal value,3,Thousands,,,,,2,Two,,
DATAFLOW,OECD.ENV.EPI:DSD_AIR_GHG@DF_AIR_GHG(1.0),Air emissions - Greenhouse gas emissions Inventories,I,LIE,Liechtenstein,A,Annual,GHG,Greenhouse gases,T_LULU,"Total emissions including land use, land-use change and forestry",T_CO2E,Tonnes of CO2-equivalent,2017,,205.59,,A,Normal value,3,Thousands,,,,,2,Two,,
DATAFLOW,OECD.ENV.EPI:DSD_AIR_GHG@DF_AIR_GHG(1.0),Air emissions - Greenhouse gas emissions Inventories,I,LIE,Liechtenstein,A,Annual,GHG,Greenhouse gases,T_LULU,"Total emissions including land use, land-use change and forestry",T_CO2E,Tonnes of CO2-equivalent,2018,,204.05,,A,Normal value,3,Thousands,,,,,2,Two,,
DATAFLOW,OECD.ENV.EPI:DSD_AIR_GHG@DF_AIR_GHG(1.0),Air emissions - Greenhouse gas emissions Inventories,I,LIE,Liechtenstein,A,Annual,GHG,Greenhouse gases,T_LULU,"Total emissions including land use, land-use change and forestry",T_CO2E,Tonnes of CO2-equivalent,2019,,200.68,,A,Normal value,3,Thousands,,,,,2,Two,,
DATAFLOW,OECD.ENV.EPI:DSD_AIR_GHG@DF_AIR_GHG(1.0),Air emissions - Greenhouse gas emissions Inventories,I,LIE,Liechtenstein,A,Annual,GHG,Greenhouse gases,T_LULU,"Total emissions including land use, land-use change and forestry",T_CO2E,Tonnes of CO2-equivalent,2020,,185.67,,A,Normal value,3,Thousands,,,,,2,Two,,
DATAFLOW,OECD.ENV.EPI:DSD_AIR_GHG@DF_AIR_GHG(1.0),Air emissions - Greenhouse gas emissions Inventories,I,LIE,Liechtenstein,A,Annual,GHG,Greenhouse gases,T_LULU,"Total emissions including land use, land-use change and forestry",T_CO2E,Tonnes of CO2-equivalent,2021,,184.19,,A,Normal value,3,Thousands,,,,,2,Two,,
DATAFLOW,OECD.ENV.EPI:DSD_AIR_GHG@DF_AIR_GHG(1.0),Air emissions - Greenhouse gas emissions Inventories,I,CHL,Chile,A,Annual,GHG,Greenhouse gases,T_LULU,"Total emissions including land use, land-use change and forestry",T_CO2E,Tonnes of CO2-equivalent,1990,,-16992.896540972,,A,Normal value,3,Thousands,,,,,2,Two,,
DATAFLOW,OECD.ENV.EPI:DSD_AIR_GHG@DF_AIR_GHG(1.0),Air emissions - Greenhouse gas emissions Inventories,I,CHL,Chile,A,Annual,GHG,Greenhouse gases,T_LULU,"Total emissions including land use, land-use change and forestry",T_CO2E,Tonnes of CO2-equivalent,1991,,-13966.250587196,,A,Normal value,3,Thousands,,,,,2,Two,,
DATAFLOW,OECD.ENV.EPI:DSD_AIR_GHG@DF_AIR_GHG(1.0),Air emissions - Greenhouse gas emissions Inventories,I,CHL,Chile,A,Annual,GHG,Greenhouse gases,T_LULU,"Total emissions including land use, land-use change and forestry",T_CO2E,Tonnes of CO2-equivalent,1992,,-12768.703890616,,A,Normal value,3,Thousands,,,,,2,Two,,
DATAFLOW,OECD.ENV.EPI:DSD_AIR_GHG@DF_AIR_GHG(1.0),Air emissions - Greenhouse gas emissions Inventories,I,CHL,Chile,A,Annual,GHG,Greenhouse gases,T_LULU,"Total emissions including land use, land-use change and forestry",T_CO2E,Tonnes of CO2-equivalent,1993,,-9692.6378479566,,A,Normal value,3,Thousands,,,,,2,Two,,
DATAFLOW,OECD.ENV.EPI:DSD_AIR_GHG@DF_AIR_GHG(1.0),Air emissions - Greenhouse gas emissions Inventories,I,CHL,Chile,A,Annual,GHG,Greenhouse gases,T_LULU,"Total emissions including land use, land-use change and forestry",T_CO2E,Tonnes of CO2-equivalent,1994,,-6890.8359817509,,A,Normal value,3,Thousands,,,,,2,Two,,
DATAFLOW,OECD.ENV.EPI:DSD_AIR_GHG@DF_AIR_GHG(1.0),Air emissions - Greenhouse gas emissions Inventories,I,CHL,Chile,A,Annual,GHG,Greenhouse gases,T_LULU,"Total emissions including land use, land-use change and forestry",T_CO2E,Tonnes of CO2-equivalent,1995,,-3101.9172728844,,A,Normal value,3,Thousands,,,,,2,Two,,
DATAFLOW,OECD.ENV.EPI:DSD_AIR_GHG@DF_AIR_GHG(1.0),Air emissions - Greenhouse gas emissions Inventories,I,CHL,Chile,A,Annual,GHG,Greenhouse gases,T_LULU,"Total emissions including land use, land-use change and forestry",T_CO2E,Tonnes of CO2-equivalent,1996,,3711.1199229045,,A,Normal value,3,Thousands,,,,,2,Two,,
DATAFLOW,OECD.ENV.EPI:DSD_AIR_GHG@DF_AIR_GHG(1.0),Air emissions - Greenhouse gas emissions Inventories,I,CHL,Chile,A,Annual,GHG,Greenhouse gases,T_LULU,"Total emissions including land use, land-use change and forestry",T_CO2E,Tonnes of CO2-equivalent,1997,,7384.4577719787,,A,Normal value,3,Thousands,,,,,2,Two,,
DATAFLOW,OECD.ENV.EPI:DSD_AIR_GHG@DF_AIR_GHG(1.0),Air emissions - Greenhouse gas emissions Inventories,I,CHL,Chile,A,Annual,GHG,Greenhouse gases,T_LULU,"Total emissions including land use, land-use change and forestry",T_CO2E,Tonnes of CO2-equivalent,1998,,26843.783817097,,A,Normal value,3,Thousands,,,,,2,Two,,
DATAFLOW,OECD.ENV.EPI:DSD_AIR_GHG@DF_AIR_GHG(1.0),Air emissions - Greenhouse gas emissions Inventories,I,CHL,Chile,A,Annual,GHG,Greenhouse gases,T_LULU,"Total emissions including land use, land-use change and forestry",T_CO2E,Tonnes of CO2-equivalent,1999,,16209.767298985,,A,Normal value,3,Thousands,,,,,2,Two,,
DATAFLOW,OECD.ENV.EPI:DSD_AIR_GHG@DF_AIR_GHG(1.0),Air emissions - Greenhouse gas emissions Inventories,I,CHL,Chile,A,Annual,GHG,Greenhouse gases,T_LULU,"Total emissions including land use, land-use change and forestry",T_CO2E,Tonnes of CO2-equivalent,2000,,5279.0705610192,,A,Normal value,3,Thousands,,,,,2,Two,,
DATAFLOW,OECD.ENV.EPI:DSD_AIR_GHG@DF_AIR_GHG(1.0),Air emissions - Greenhouse gas emissions Inventories,I,CHL,Chile,A,Annual,GHG,Greenhouse gases,T_LULU,"Total emissions including land use, land-use change and forestry",T_CO2E,Tonnes of CO2-equivalent,2001,,3100.1609484024,,A,Normal value,3,Thousands,,,,,2,Two,,
DATAFLOW,OECD.ENV.EPI:DSD_AIR_GHG@DF_AIR_GHG(1.0),Air emissions - Greenhouse gas emissions Inventories,I,CHL,Chile,A,Annual,GHG,Greenhouse gases,T_LULU,"Total emissions including land use, land-use change and forestry",T_CO2E,Tonnes of CO2-equivalent,2002,,15009.640340127,,A,Normal value,3,Thousands,,,,,2,Two,,
DATAFLOW,OECD.ENV.EPI:DSD_AIR_GHG@DF_AIR_GHG(1.0),Air emissions - Greenhouse gas emissions Inventories,I,CHL,Chile,A,Annual,GHG,Greenhouse gases,T_LULU,"Total emissions including land use, land-use change and forestry",T_CO2E,Tonnes of CO2-equivalent,2003,,2788.7514661144,,A,Normal value,3,Thousands,,,,,2,Two,,
DATAFLOW,OECD.ENV.EPI:DSD_AIR_GHG@DF_AIR_GHG(1.0),Air emissions - Greenhouse gas emissions Inventories,I,CHL,Chile,A,Annual,GHG,Greenhouse gases,T_LULU,"Total emissions including land use, land-use change and forestry",T_CO2E,Tonnes of CO2-equivalent,2004,,14082.926598793,,A,Normal value,3,Thousands,,,,,2,Two,,
DATAFLOW,OECD.ENV.EPI:DSD_AIR_GHG@DF_AIR_GHG(1.0),Air emissions - Greenhouse gas emissions Inventories,I,CHL,Chile,A,Annual,GHG,Greenhouse gases,T_LULU,"Total emissions including land use, land-use change and forestry",T_CO2E,Tonnes of CO2-equivalent,2005,,16418.549586055,,A,Normal value,3,Thousands,,,,,2,Two,,
DATAFLOW,OECD.ENV.EPI:DSD_AIR_GHG@DF_AIR_GHG(1.0),Air emissions - Greenhouse gas emissions Inventories,I,CHL,Chile,A,Annual,GHG,Greenhouse gases,T_LULU,"Total emissions including land use, land-use change and forestry",T_CO2E,Tonnes of CO2-equivalent,2006,,15616.40288316,,A,Normal value,3,Thousands,,,,,2,Two,,
DATAFLOW,OECD.ENV.EPI:DSD_AIR_GHG@DF_AIR_GHG(1.0),Air emissions - Greenhouse gas emissions Inventories,I,CHL,Chile,A,Annual,GHG,Greenhouse gases,T_LULU,"Total emissions including land use, land-use change and forestry",T_CO2E,Tonnes of CO2-equivalent,2007,,36816.356637424,,A,Normal value,3,Thousands,,,,,2,Two,,
DATAFLOW,OECD.ENV.EPI:DSD_AIR_GHG@DF_AIR_GHG(1.0),Air emissions - Greenhouse gas emissions Inventories,I,CHL,Chile,A,Annual,GHG,Greenhouse gases,T_LULU,"Total emissions including land use, land-use change and forestry",T_CO2E,Tonnes of CO2-equivalent,2008,,37209.318598478,,A,Normal value,3,Thousands,,,,,2,Two,,
DATAFLOW,OECD.ENV.EPI:DSD_AIR_GHG@DF_AIR_GHG(1.0),Air emissions - Greenhouse gas emissions Inventories,I,CHL,Chile,A,Annual,GHG,Greenhouse gases,T_LULU,"Total emissions including land use, land-use change and forestry",T_CO2E,Tonnes of CO2-equivalent,2009,,30853.22992695,,A,Normal value,3,Thousands,,,,,2,Two,,
DATAFLOW,OECD.ENV.EPI:DSD_AIR_GHG@DF_AIR_GHG(1.0),Air emissions - Greenhouse gas emissions Inventories,I,CHL,Chile,A,Annual,GHG,Greenhouse gases,T_LULU,"Total emissions including land use, land-use change and forestry",T_CO2E,Tonnes of CO2-equivalent,2010,,23354.134273986,,A,Normal value,3,Thousands,,,,,2,Two,,
DATAFLOW,OECD.ENV.EPI:DSD_AIR_GHG@DF_AIR_GHG(1.0),Air emissions - Greenhouse gas emissions Inventories,I,CHL,Chile,A,Annual,GHG,Greenhouse gases,T_LULU,"Total emissions including land use, land-use change and forestry",T_CO2E,Tonnes of CO2-equivalent,2011,,31634.036873049,,A,Normal value,3,Thousands,,,,,2,Two,,
DATAFLOW,OECD.ENV.EPI:DSD_AIR_GHG@DF_AIR_GHG(1.0),Air emissions - Greenhouse gas emissions Inventories,I,CHL,Chile,A,Annual,GHG,Greenhouse gases,T_LULU,"Total emissions including land use, land-use change and forestry",T_CO2E,Tonnes of CO2-equivalent,2012,,43209.524900635,,A,Normal value,3,Thousands,,,,,2,Two,,
DATAFLOW,OECD.ENV.EPI:DSD_AIR_GHG@DF_AIR_GHG(1.0),Air emissions - Greenhouse gas emissions Inventories,I,CHL,Chile,A,Annual,GHG,Greenhouse gases,T_LULU,"Total emissions including land use, land-use change and forestry",T_CO2E,Tonnes of CO2-equivalent,2013,,35912.96150321,,A,Normal value,3,Thousands,,,,,2,Two,,
DATAFLOW,OECD.ENV.EPI:DSD_AIR_GHG@DF_AIR_GHG(1.0),Air emissions - Greenhouse gas emissions Inventories,I,CHL,Chile,A,Annual,GHG,Greenhouse gases,T_LULU,"Total emissions including land use, land-use change and forestry",T_CO2E,Tonnes of CO2-equivalent,2014,,40222.184570652,,A,Normal value,3,Thousands,,,,,2,Two,,
DATAFLOW,OECD.ENV.EPI:DSD_AIR_GHG@DF_AIR_GHG(1.0),Air emissions - Greenhouse gas emissions Inventories,I,CHL,Chile,A,Annual,GHG,Greenhouse gases,T_LULU,"Total emissions including land use, land-use change and forestry",T_CO2E,Tonnes of CO2-equivalent,2015,,56595.964482244,,A,Normal value,3,Thousands,,,,,2,Two,,
DATAFLOW,OECD.ENV.EPI:DSD_AIR_GHG@DF_AIR_GHG(1.0),Air emissions - Greenhouse gas emissions Inventories,I,CHL,Chile,A,Annual,GHG,Greenhouse gases,T_LULU,"Total emissions including land use, land-use change and forestry",T_CO2E,Tonnes of CO2-equivalent,2016,,45634.549346485,,A,Normal value,3,Thousands,,,,,2,Two,,
DATAFLOW,OECD.ENV.EPI:DSD_AIR_GHG@DF_AIR_GHG(1.0),Air emissions - Greenhouse gas emissions Inventories,I,CHL,Chile,A,Annual,GHG,Greenhouse gases,T_LULU,"Total emissions including land use, land-use change and forestry",T_CO2E,Tonnes of CO2-equivalent,2017,,122898.89525904,,A,Normal value,3,Thousands,,,,,2,Two,,
DATAFLOW,OECD.ENV.EPI:DSD_AIR_GHG@DF_AIR_GHG(1.0),Air emissions - Greenhouse gas emissions Inventories,I,CHL,Chile,A,Annual,GHG,Greenhouse gases,T_LULU,"Total emissions including land use, land-use change and forestry",T_CO2E,Tonnes of CO2-equivalent,2018,,57881.643390931,,A,Normal value,3,Thousands,,,,,2,Two,,
DATAFLOW,OECD.ENV.EPI:DSD_AIR_GHG@DF_AIR_GHG(1.0),Air emissions - Greenhouse gas emissions Inventories,I,CHL,Chile,A,Annual,GHG,Greenhouse gases,T_LULU,"Total emissions including land use, land-use change and forestry",T_CO2E,Tonnes of CO2-equivalent,2019,,62488.915320537,,A,Normal value,3,Thousands,,,,,2,Two,,
DATAFLOW,OECD.ENV.EPI:DSD_AIR_GHG@DF_AIR_GHG(1.0),Air emissions - Greenhouse gas emissions Inventories,I,CHL,Chile,A,Annual,GHG,Greenhouse gases,T_LULU,"Total emissions including land use, land-use change and forestry",T_CO2E,Tonnes of CO2-equivalent,2020,,55824.537612046,,A,Normal value,3,Thousands,,,,,2,Two,,
DATAFLOW,OECD.ENV.EPI:DSD_AIR_GHG@DF_AIR_GHG(1.0),Air emissions - Greenhouse gas emissions Inventories,I,FRA,France,A,Annual,GHG,Greenhouse gases,T_LULU,"Total emissions including land use, land-use change and forestry",T_CO2E,Tonnes of CO2-equivalent,1990,,523909.71,,A,Normal value,3,Thousands,,,,,2,Two,,
DATAFLOW,OECD.ENV.EPI:DSD_AIR_GHG@DF_AIR_GHG(1.0),Air emissions - Greenhouse gas emissions Inventories,I,FRA,France,A,Annual,GHG,Greenhouse gases,T_LULU,"Total emissions including land use, land-use change and forestry",T_CO2E,Tonnes of CO2-equivalent,1991,,549848.75,,A,Normal value,3,Thousands,,,,,2,Two,,
DATAFLOW,OECD.ENV.EPI:DSD_AIR_GHG@DF_AIR_GHG(1.0),Air emissions - Greenhouse gas emissions Inventories,I,FRA,France,A,Annual,GHG,Greenhouse gases,T_LULU,"Total emissions including land use, land-use change and forestry",T_CO2E,Tonnes of CO2-equivalent,1992,,542460.11,,A,Normal value,3,Thousands,,,,,2,Two,,
DATAFLOW,OECD.ENV.EPI:DSD_AIR_GHG@DF_AIR_GHG(1.0),Air emissions - Greenhouse gas emissions Inventories,I,FRA,France,A,Annual,GHG,Greenhouse gases,T_LULU,"Total emissions including land use, land-use change and forestry",T_CO2E,Tonnes of CO2-equivalent,1993,,517469.16,,A,Normal value,3,Thousands,,,,,2,Two,,
DATAFLOW,OECD.ENV.EPI:DSD_AIR_GHG@DF_AIR_GHG(1.0),Air emissions - Greenhouse gas emissions Inventories,I,FRA,France,A,Annual,GHG,Greenhouse gases,T_LULU,"Total emissions including land use, land-use change and forestry",T_CO2E,Tonnes of CO2-equivalent,1994,,511213.09,,A,Normal value,3,Thousands,,,,,2,Two,,
DATAFLOW,OECD.ENV.EPI:DSD_AIR_GHG@DF_AIR_GHG(1.0),Air emissions - Greenhouse gas emissions Inventories,I,FRA,France,A,Annual,GHG,Greenhouse gases,T_LULU,"Total emissions including land use, land-use change and forestry",T_CO2E,Tonnes of CO2-equivalent,1995,,514204.21,,A,Normal value,3,Thousands,,,,,2,Two,,
DATAFLOW,OECD.ENV.EPI:DSD_AIR_GHG@DF_AIR_GHG(1.0),Air emissions - Greenhouse gas emissions Inventories,I,FRA,France,A,Annual,GHG,Greenhouse gases,T_LULU,"Total emissions including land use, land-use change and forestry",T_CO2E,Tonnes of CO2-equivalent,1996,,525208.98,,A,Normal value,3,Thousands,,,,,2,Two,,
DATAFLOW,OECD.ENV.EPI:DSD_AIR_GHG@DF_AIR_GHG(1.0),Air emissions - Greenhouse gas emissions Inventories,I,FRA,France,A,Annual,GHG,Greenhouse gases,T_LULU,"Total emissions including land use, land-use change and forestry",T_CO2E,Tonnes of CO2-equivalent,1997,,515961.29,,A,Normal value,3,Thousands,,,,,2,Two,,
DATAFLOW,OECD.ENV.EPI:DSD_AIR_GHG@DF_AIR_GHG(1.0),Air emissions - Greenhouse gas emissions Inventories,I,FRA,France,A,Annual,GHG,Greenhouse gases,T_LULU,"Total emissions including land use, land-use change and forestry",T_CO2E,Tonnes of CO2-equivalent,1998,,527811.81,,A,Normal value,3,Thousands,,,,,2,Two,,
DATAFLOW,OECD.ENV.EPI:DSD_AIR_GHG@DF_AIR_GHG(1.0),Air emissions - Greenhouse gas emissions Inventories,I,FRA,France,A,Annual,GHG,Greenhouse gases,T_LULU,"Total emissions including land use, land-use change and forestry",T_CO2E,Tonnes of CO2-equivalent,1999,,518216.72,,A,Normal value,3,Thousands,,,,,2,Two,,
DATAFLOW,OECD.ENV.EPI:DSD_AIR_GHG@DF_AIR_GHG(1.0),Air emissions - Greenhouse gas emissions Inventories,I,FRA,France,A,Annual,GHG,Greenhouse gases,T_LULU,"Total emissions including land use, land-use change and forestry",T_CO2E,Tonnes of CO2-equivalent,2000,,527644.57,,A,Normal value,3,Thousands,,,,,2,Two,,
DATAFLOW,OECD.ENV.EPI:DSD_AIR_GHG@DF_AIR_GHG(1.0),Air emissions - Greenhouse gas emissions Inventories,I,FRA,France,A,Annual,GHG,Greenhouse gases,T_LULU,"Total emissions including land use, land-use change and forestry",T_CO2E,Tonnes of CO2-equivalent,2001,,519968.14,,A,Normal value,3,Thousands,,,,,2,Two,,
DATAFLOW,OECD.ENV.EPI:DSD_AIR_GHG@DF_AIR_GHG(1.0),Air emissions - Greenhouse gas emissions Inventories,I,FRA,France,A,Annual,GHG,Greenhouse gases,T_LULU,"Total emissions including land use, land-use change and forestry",T_CO2E,Tonnes of CO2-equivalent,2002,,506757.45,,A,Normal value,3,Thousands,,,,,2,Two,,
DATAFLOW,OECD.ENV.EPI:DSD_AIR_GHG@DF_AIR_GHG(1.0),Air emissions - Greenhouse gas emissions Inventories,I,FRA,France,A,Annual,GHG,Greenhouse gases,T_LULU,"Total emissions including land use, land-use change and forestry",T_CO2E,Tonnes of CO2-equivalent,2003,,504713.83,,A,Normal value,3,Thousands,,,,,2,Two,,
DATAFLOW,OECD.ENV.EPI:DSD_AIR_GHG@DF_AIR_GHG(1.0),Air emissions - Greenhouse gas emissions Inventories,I,FRA,France,A,Annual,GHG,Greenhouse gases,T_LULU,"Total emissions including land use, land-use change and forestry",T_CO2E,Tonnes of CO2-equivalent,2004,,503416.02,,A,Normal value,3,Thousands,,,,,2,Two,,
DATAFLOW,OECD.ENV.EPI:DSD_AIR_GHG@DF_AIR_GHG(1.0),Air emissions - Greenhouse gas emissions Inventories,I,FRA,France,A,Annual,GHG,Greenhouse gases,T_LULU,"Total emissions including land use, land-use change and forestry",T_CO2E,Tonnes of CO2-equivalent,2005,,503205.43,,A,Normal value,3,Thousands,,,,,2,Two,,
DATAFLOW,OECD.ENV.EPI:DSD_AIR_GHG@DF_AIR_GHG(1.0),Air emissions - Greenhouse gas emissions Inventories,I,FRA,France,A,Annual,GHG,Greenhouse gases,T_LULU,"Total emissions including land use, land-use change and forestry",T_CO2E,Tonnes of CO2-equivalent,2006,,492620.78,,A,Normal value,3,Thousands,,,,,2,Two,,
DATAFLOW,OECD.ENV.EPI:DSD_AIR_GHG@DF_AIR_GHG(1.0),Air emissions - Greenhouse gas emissions Inventories,I,FRA,France,A,Annual,GHG,Greenhouse gases,T_LULU,"Total emissions including land use, land-use change and forestry",T_CO2E,Tonnes of CO2-equivalent,2007,,484336.31,,A,Normal value,3,Thousands,,,,,2,Two,,
DATAFLOW,OECD.ENV.EPI:DSD_AIR_GHG@DF_AIR_GHG(1.0),Air emissions - Greenhouse gas emissions Inventories,I,FRA,France,A,Annual,GHG,Greenhouse gases,T_LULU,"Total emissions including land use, land-use change and forestry",T_CO2E,Tonnes of CO2-equivalent,2008,,479369.75,,A,Normal value,3,Thousands,,,,,2,Two,,
DATAFLOW,OECD.ENV.EPI:DSD_AIR_GHG@DF_AIR_GHG(1.0),Air emissions - Greenhouse gas emissions Inventories,I,FRA,France,A,Annual,GHG,Greenhouse gases,T_LULU,"Total emissions including land use, land-use change and forestry",T_CO2E,Tonnes of CO2-equivalent,2009,,468924.12,,A,Normal value,3,Thousands,,,,,2,Two,,
DATAFLOW,OECD.ENV.EPI:DSD_AIR_GHG@DF_AIR_GHG(1.0),Air emissions - Greenhouse gas emissions Inventories,I,FRA,France,A,Annual,GHG,Greenhouse gases,T_LULU,"Total emissions including land use, land-use change and forestry",T_CO2E,Tonnes of CO2-equivalent,2010,,470208.61,,A,Normal value,3,Thousands,,,,,2,Two,,
DATAFLOW,OECD.ENV.EPI:DSD_AIR_GHG@DF_AIR_GHG(1.0),Air emissions - Greenhouse gas emissions Inventories,I,FRA,France,A,Annual,GHG,Greenhouse gases,T_LULU,"Total emissions including land use, land-use change and forestry",T_CO2E,Tonnes of CO2-equivalent,2011,,443902.84,,A,Normal value,3,Thousands,,,,,2,Two,,
DATAFLOW,OECD.ENV.EPI:DSD_AIR_GHG@DF_AIR_GHG(1.0),Air emissions - Greenhouse gas emissions Inventories,I,FRA,France,A,Annual,GHG,Greenhouse gases,T_LULU,"Total emissions including land use, land-use change and forestry",T_CO2E,Tonnes of CO2-equivalent,2012,,440645.66,,A,Normal value,3,Thousands,,,,,2,Two,,
DATAFLOW,OECD.ENV.EPI:DSD_AIR_GHG@DF_AIR_GHG(1.0),Air emissions - Greenhouse gas emissions Inventories,I,FRA,France,A,Annual,GHG,Greenhouse gases,T_LULU,"Total emissions including land use, land-use change and forestry",T_CO2E,Tonnes of CO2-equivalent,2013,,442442.77,,A,Normal value,3,Thousands,,,,,2,Two,,
DATAFLOW,OECD.ENV.EPI:DSD_AIR_GHG@DF_AIR_GHG(1.0),Air emissions - Greenhouse gas emissions Inventories,I,FRA,France,A,Annual,GHG,Greenhouse gases,T_LULU,"Total emissions including land use, land-use change and forestry",T_CO2E,Tonnes of CO2-equivalent,2014,,415983.88,,A,Normal value,3,Thousands,,,,,2,Two,,
DATAFLOW,OECD.ENV.EPI:DSD_AIR_GHG@DF_AIR_GHG(1.0),Air emissions - Greenhouse gas emissions Inventories,I,FRA,France,A,Annual,GHG,Greenhouse gases,T_LULU,"Total emissions including land use, land-use change and forestry",T_CO2E,Tonnes of CO2-equivalent,2015,,423580.86,,A,Normal value,3,Thousands,,,,,2,Two,,
DATAFLOW,OECD.ENV.EPI:DSD_AIR_GHG@DF_AIR_GHG(1.0),Air emissions - Greenhouse gas emissions Inventories,I,FRA,France,A,Annual,GHG,Greenhouse gases,T_LULU,"Total emissions including land use, land-use change and forestry",T_CO2E,Tonnes of CO2-equivalent,2016,,432836.1,,A,Normal value,3,Thousands,,,,,2,Two,,
DATAFLOW,OECD.ENV.EPI:DSD_AIR_GHG@DF_AIR_GHG(1.0),Air emissions - Greenhouse gas emissions Inventories,I,FRA,France,A,Annual,GHG,Greenhouse gases,T_LULU,"Total emissions including land use, land-use change and forestry",T_CO2E,Tonnes of CO2-equivalent,2017,,446785.66,,A,Normal value,3,Thousands,,,,,2,Two,,
DATAFLOW,OECD.ENV.EPI:DSD_AIR_GHG@DF_AIR_GHG(1.0),Air emissions - Greenhouse gas emissions Inventories,I,FRA,France,A,Annual,GHG,Greenhouse gases,T_LULU,"Total emissions including land use, land-use change and forestry",T_CO2E,Tonnes of CO2-equivalent,2018,,427214.36,,A,Normal value,3,Thousands,,,,,2,Two,,
DATAFLOW,OECD.ENV.EPI:DSD_AIR_GHG@DF_AIR_GHG(1.0),Air emissions - Greenhouse gas emissions Inventories,I,FRA,France,A,Annual,GHG,Greenhouse gases,T_LULU,"Total emissions including land use, land-use change and forestry",T_CO2E,Tonnes of CO2-equivalent,2019,,421617.29,,A,Normal value,3,Thousands,,,,,2,Two,,
DATAFLOW,OECD.ENV.EPI:DSD_AIR_GHG@DF_AIR_GHG(1.0),Air emissions - Greenhouse gas emissions Inventories,I,FRA,France,A,Annual,GHG,Greenhouse gases,T_LULU,"Total emissions including land use, land-use change and forestry",T_CO2E,Tonnes of CO2-equivalent,2020,,376060.52,,A,Normal value,3,Thousands,,,,,2,Two,,
DATAFLOW,OECD.ENV.EPI:DSD_AIR_GHG@DF_AIR_GHG(1.0),Air emissions - Greenhouse gas emissions Inventories,I,FRA,France,A,Annual,GHG,Greenhouse gases,T_LULU,"Total emissions including land use, land-use change and forestry",T_CO2E,Tonnes of CO2-equivalent,2021,,403271.96,,A,Normal value,3,Thousands,,,,,2,Two,,
DATAFLOW,OECD.ENV.EPI:DSD_AIR_GHG@DF_AIR_GHG(1.0),Air emissions - Greenhouse gas emissions Inventories,I,BRA,Brazil,A,Annual,GHG,Greenhouse gases,T_LULU,"Total emissions including land use, land-use change and forestry",T_CO2E,Tonnes of CO2-equivalent,1990,,1346971.12,,A,Normal value,3,Thousands,,,,,2,Two,,
DATAFLOW,OECD.ENV.EPI:DSD_AIR_GHG@DF_AIR_GHG(1.0),Air emissions - Greenhouse gas emissions Inventories,I,BRA,Brazil,A,Annual,GHG,Greenhouse gases,T_LULU,"Total emissions including land use, land-use change and forestry",T_CO2E,Tonnes of CO2-equivalent,1991,,1232547.09,,A,Normal value,3,Thousands,,,,,2,Two,,
DATAFLOW,OECD.ENV.EPI:DSD_AIR_GHG@DF_AIR_GHG(1.0),Air emissions - Greenhouse gas emissions Inventories,I,BRA,Brazil,A,Annual,GHG,Greenhouse gases,T_LULU,"Total emissions including land use, land-use change and forestry",T_CO2E,Tonnes of CO2-equivalent,1992,,1384444.15,,A,Normal value,3,Thousands,,,,,2,Two,,
DATAFLOW,OECD.ENV.EPI:DSD_AIR_GHG@DF_AIR_GHG(1.0),Air emissions - Greenhouse gas emissions Inventories,I,BRA,Brazil,A,Annual,GHG,Greenhouse gases,T_LULU,"Total emissions including land use, land-use change and forestry",T_CO2E,Tonnes of CO2-equivalent,1993,,1458270.7,,A,Normal value,3,Thousands,,,,,2,Two,,
DATAFLOW,OECD.ENV.EPI:DSD_AIR_GHG@DF_AIR_GHG(1.0),Air emissions - Greenhouse gas emissions Inventories,I,BRA,Brazil,A,Annual,GHG,Greenhouse gases,T_LULU,"Total emissions including land use, land-use change and forestry",T_CO2E,Tonnes of CO2-equivalent,1994,,1476109.9,,A,Normal value,3,Thousands,,,,,2,Two,,
DATAFLOW,OECD.ENV.EPI:DSD_AIR_GHG@DF_AIR_GHG(1.0),Air emissions - Greenhouse gas emissions Inventories,I,BRA,Brazil,A,Annual,GHG,Greenhouse gases,T_LULU,"Total emissions including land use, land-use change and forestry",T_CO2E,Tonnes of CO2-equivalent,1995,,2490606.8,,A,Normal value,3,Thousands,,,,,2,Two,,
DATAFLOW,OECD.ENV.EPI:DSD_AIR_GHG@DF_AIR_GHG(1.0),Air emissions - Greenhouse gas emissions Inventories,I,BRA,Brazil,A,Annual,GHG,Greenhouse gases,T_LULU,"Total emissions including land use, land-use change and forestry",T_CO2E,Tonnes of CO2-equivalent,1996,,1823022.42,,A,Normal value,3,Thousands,,,,,2,Two,,
DATAFLOW,OECD.ENV.EPI:DSD_AIR_GHG@DF_AIR_GHG(1.0),Air emissions - Greenhouse gas emissions Inventories,I,BRA,Brazil,A,Annual,GHG,Greenhouse gases,T_LULU,"Total emissions including land use, land-use change and forestry",T_CO2E,Tonnes of CO2-equivalent,1997,,1544129,,A,Normal value,3,Thousands,,,,,2,Two,,
DATAFLOW,OECD.ENV.EPI:DSD_AIR_GHG@DF_AIR_GHG(1.0),Air emissions - Greenhouse gas emissions Inventories,I,BRA,Brazil,A,Annual,GHG,Greenhouse gases,T_LULU,"Total emissions including land use, land-use change and forestry",T_CO2E,Tonnes of CO2-equivalent,1998,,1818402.45,,A,Normal value,3,Thousands,,,,,2,Two,,
DATAFLOW,OECD.ENV.EPI:DSD_AIR_GHG@DF_AIR_GHG(1.0),Air emissions - Greenhouse gas emissions Inventories,I,BRA,Brazil,A,Annual,GHG,Greenhouse gases,T_LULU,"Total emissions including land use, land-use change and forestry",T_CO2E,Tonnes of CO2-equivalent,1999,,1827505.27,,A,Normal value,3,Thousands,,,,,2,Two,,
DATAFLOW,OECD.ENV.EPI:DSD_AIR_GHG@DF_AIR_GHG(1.0),Air emissions - Greenhouse gas emissions Inventories,I,BRA,Brazil,A,Annual,GHG,Greenhouse gases,T_LULU,"Total emissions including land use, land-use change and forestry",T_CO2E,Tonnes of CO2-equivalent,2000,,1911180.94,,A,Normal value,3,Thousands,,,,,2,Two,,
DATAFLOW,OECD.ENV.EPI:DSD_AIR_GHG@DF_AIR_GHG(1.0),Air emissions - Greenhouse gas emissions Inventories,I,BRA,Brazil,A,Annual,GHG,Greenhouse gases,T_LULU,"Total emissions including land use, land-use change and forestry",T_CO2E,Tonnes of CO2-equivalent,2001,,1925772.25,,A,Normal value,3,Thousands,,,,,2,Two,,
DATAFLOW,OECD.ENV.EPI:DSD_AIR_GHG@DF_AIR_GHG(1.0),Air emissions - Greenhouse gas emissions Inventories,I,BRA,Brazil,A,Annual,GHG,Greenhouse gases,T_LULU,"Total emissions including land use, land-use change and forestry",T_CO2E,Tonnes of CO2-equivalent,2002,,2159764.5,,A,Normal value,3,Thousands,,,,,2,Two,,
DATAFLOW,OECD.ENV.EPI:DSD_AIR_GHG@DF_AIR_GHG(1.0),Air emissions - Greenhouse gas emissions Inventories,I,BRA,Brazil,A,Annual,GHG,Greenhouse gases,T_LULU,"Total emissions including land use, land-use change and forestry",T_CO2E,Tonnes of CO2-equivalent,2003,,3090713.21,,A,Normal value,3,Thousands,,,,,2,Two,,
DATAFLOW,OECD.ENV.EPI:DSD_AIR_GHG@DF_AIR_GHG(1.0),Air emissions - Greenhouse gas emissions Inventories,I,BRA,Brazil,A,Annual,GHG,Greenhouse gases,T_LULU,"Total emissions including land use, land-use change and forestry",T_CO2E,Tonnes of CO2-equivalent,2004,,3324850.61,,A,Normal value,3,Thousands,,,,,2,Two,,
DATAFLOW,OECD.ENV.EPI:DSD_AIR_GHG@DF_AIR_GHG(1.0),Air emissions - Greenhouse gas emissions Inventories,I,BRA,Brazil,A,Annual,GHG,Greenhouse gases,T_LULU,"Total emissions including land use, land-use change and forestry",T_CO2E,Tonnes of CO2-equivalent,2005,,2352530.37,,A,Normal value,3,Thousands,,,,,2,Two,,
DATAFLOW,OECD.ENV.EPI:DSD_AIR_GHG@DF_AIR_GHG(1.0),Air emissions - Greenhouse gas emissions Inventories,I,BRA,Brazil,A,Annual,GHG,Greenhouse gases,T_LULU,"Total emissions including land use, land-use change and forestry",T_CO2E,Tonnes of CO2-equivalent,2006,,1949017.48,,A,Normal value,3,Thousands,,,,,2,Two,,
DATAFLOW,OECD.ENV.EPI:DSD_AIR_GHG@DF_AIR_GHG(1.0),Air emissions - Greenhouse gas emissions Inventories,I,BRA,Brazil,A,Annual,GHG,Greenhouse gases,T_LULU,"Total emissions including land use, land-use change and forestry",T_CO2E,Tonnes of CO2-equivalent,2007,,1662577.41,,A,Normal value,3,Thousands,,,,,2,Two,,
DATAFLOW,OECD.ENV.EPI:DSD_AIR_GHG@DF_AIR_GHG(1.0),Air emissions - Greenhouse gas emissions Inventories,I,BRA,Brazil,A,Annual,GHG,Greenhouse gases,T_LULU,"Total emissions including land use, land-use change and forestry",T_CO2E,Tonnes of CO2-equivalent,2008,,1795467.98,,A,Normal value,3,Thousands,,,,,2,Two,,
DATAFLOW,OECD.ENV.EPI:DSD_AIR_GHG@DF_AIR_GHG(1.0),Air emissions - Greenhouse gas emissions Inventories,I,BRA,Brazil,A,Annual,GHG,Greenhouse gases,T_LULU,"Total emissions including land use, land-use change and forestry",T_CO2E,Tonnes of CO2-equivalent,2009,,1175957.37,,A,Normal value,3,Thousands,,,,,2,Two,,
DATAFLOW,OECD.ENV.EPI:DSD_AIR_GHG@DF_AIR_GHG(1.0),Air emissions - Greenhouse gas emissions Inventories,I,BRA,Brazil,A,Annual,GHG,Greenhouse gases,T_LULU,"Total emissions including land use, land-use change and forestry",T_CO2E,Tonnes of CO2-equivalent,2010,,1202128.3,,A,Normal value,3,Thousands,,,,,2,Two,,
DATAFLOW,OECD.ENV.EPI:DSD_AIR_GHG@DF_AIR_GHG(1.0),Air emissions - Greenhouse gas emissions Inventories,I,BRA,Brazil,A,Annual,GHG,Greenhouse gases,T_LULU,"Total emissions including land use, land-use change and forestry",T_CO2E,Tonnes of CO2-equivalent,2011,,1148605.39,,A,Normal value,3,Thousands,,,,,2,Two,,
DATAFLOW,OECD.ENV.EPI:DSD_AIR_GHG@DF_AIR_GHG(1.0),Air emissions - Greenhouse gas emissions Inventories,I,BRA,Brazil,A,Annual,GHG,Greenhouse gases,T_LULU,"Total emissions including land use, land-use change and forestry",T_CO2E,Tonnes of CO2-equivalent,2012,,1047965.21,,A,Normal value,3,Thousands,,,,,2,Two,,
DATAFLOW,OECD.ENV.EPI:DSD_AIR_GHG@DF_AIR_GHG(1.0),Air emissions - Greenhouse gas emissions Inventories,I,BRA,Brazil,A,Annual,GHG,Greenhouse gases,T_LULU,"Total emissions including land use, land-use change and forestry",T_CO2E,Tonnes of CO2-equivalent,2013,,1281806.27,,A,Normal value,3,Thousands,,,,,2,Two,,
DATAFLOW,OECD.ENV.EPI:DSD_AIR_GHG@DF_AIR_GHG(1.0),Air emissions - Greenhouse gas emissions Inventories,I,BRA,Brazil,A,Annual,GHG,Greenhouse gases,T_LULU,"Total emissions including land use, land-use change and forestry",T_CO2E,Tonnes of CO2-equivalent,2014,,1182221.64,,A,Normal value,3,Thousands,,,,,2,Two,,
DATAFLOW,OECD.ENV.EPI:DSD_AIR_GHG@DF_AIR_GHG(1.0),Air emissions - Greenhouse gas emissions Inventories,I,BRA,Brazil,A,Annual,GHG,Greenhouse gases,T_LULU,"Total emissions including land use, land-use change and forestry",T_CO2E,Tonnes of CO2-equivalent,2015,,1274810.49,,A,Normal value,3,Thousands,,,,,2,Two,,
DATAFLOW,OECD.ENV.EPI:DSD_AIR_GHG@DF_AIR_GHG(1.0),Air emissions - Greenhouse gas emissions Inventories,I,BRA,Brazil,A,Annual,GHG,Greenhouse gases,T_LULU,"Total emissions including land use, land-use change and forestry",T_CO2E,Tonnes of CO2-equivalent,2016,,1305569.78,,A,Normal value,3,Thousands,,,,,2,Two,,
DATAFLOW,OECD.ENV.EPI:DSD_AIR_GHG@DF_AIR_GHG(1.0),Air emissions - Greenhouse gas emissions Inventories,I,ZAF,South Africa,A,Annual,GHG,Greenhouse gases,T_LULU,"Total emissions including land use, land-use change and forestry",T_CO2E,Tonnes of CO2-equivalent,1990,,330366.99,,A,Normal value,3,Thousands,,,,,2,Two,,
DATAFLOW,OECD.ENV.EPI:DSD_AIR_GHG@DF_AIR_GHG(1.0),Air emissions - Greenhouse gas emissions Inventories,I,ZAF,South Africa,A,Annual,GHG,Greenhouse gases,T_LULU,"Total emissions including land use, land-use change and forestry",T_CO2E,Tonnes of CO2-equivalent,1994,,361221.2,,A,Normal value,3,Thousands,,,,,2,Two,,
DATAFLOW,OECD.ENV.EPI:DSD_AIR_GHG@DF_AIR_GHG(1.0),Air emissions - Greenhouse gas emissions Inventories,I,ZAF,South Africa,A,Annual,GHG,Greenhouse gases,T_LULU,"Total emissions including land use, land-use change and forestry",T_CO2E,Tonnes of CO2-equivalent,2000,,444396.95,,B,Time series break,3,Thousands,,,,,2,Two,,
DATAFLOW,OECD.ENV.EPI:DSD_AIR_GHG@DF_AIR_GHG(1.0),Air emissions - Greenhouse gas emissions Inventories,I,ZAF,South Africa,A,Annual,GHG,Greenhouse gases,T_LULU,"Total emissions including land use, land-use change and forestry",T_CO2E,Tonnes of CO2-equivalent,2001,,457600.23,,A,Normal value,3,Thousands,,,,,2,Two,,
DATAFLOW,OECD.ENV.EPI:DSD_AIR_GHG@DF_AIR_GHG(1.0),Air emissions - Greenhouse gas emissions Inventories,I,ZAF,South Africa,A,Annual,GHG,Greenhouse gases,T_LULU,"Total emissions including land use, land-use change and forestry",T_CO2E,Tonnes of CO2-equivalent,2002,,472534.14,,A,Normal value,3,Thousands,,,,,2,Two,,
DATAFLOW,OECD.ENV.EPI:DSD_AIR_GHG@DF_AIR_GHG(1.0),Air emissions - Greenhouse gas emissions Inventories,I,ZAF,South Africa,A,Annual,GHG,Greenhouse gases,T_LULU,"Total emissions including land use, land-use change and forestry",T_CO2E,Tonnes of CO2-equivalent,2003,,482791.43,,A,Normal value,3,Thousands,,,,,2,Two,,
DATAFLOW,OECD.ENV.EPI:DSD_AIR_GHG@DF_AIR_GHG(1.0),Air emissions - Greenhouse gas emissions Inventories,I,ZAF,South Africa,A,Annual,GHG,Greenhouse gases,T_LULU,"Total emissions including land use, land-use change and forestry",T_CO2E,Tonnes of CO2-equivalent,2004,,506589.47,,A,Normal value,3,Thousands,,,,,2,Two,,
DATAFLOW,OECD.ENV.EPI:DSD_AIR_GHG@DF_AIR_GHG(1.0),Air emissions - Greenhouse gas emissions Inventories,I,ZAF,South Africa,A,Annual,GHG,Greenhouse gases,T_LULU,"Total emissions including land use, land-use change and forestry",T_CO2E,Tonnes of CO2-equivalent,2005,,520505.03,,A,Normal value,3,Thousands,,,,,2,Two,,
DATAFLOW,OECD.ENV.EPI:DSD_AIR_GHG@DF_AIR_GHG(1.0),Air emissions - Greenhouse gas emissions Inventories,I,ZAF,South Africa,A,Annual,GHG,Greenhouse gases,T_LULU,"Total emissions including land use, land-use change and forestry",T_CO2E,Tonnes of CO2-equivalent,2006,,514503.76,,A,Normal value,3,Thousands,,,,,2,Two,,
DATAFLOW,OECD.ENV.EPI:DSD_AIR_GHG@DF_AIR_GHG(1.0),Air emissions - Greenhouse gas emissions Inventories,I,ZAF,South Africa,A,Annual,GHG,Greenhouse gases,T_LULU,"Total emissions including land use, land-use change and forestry",T_CO2E,Tonnes of CO2-equivalent,2007,,537626.51,,A,Normal value,3,Thousands,,,,,2,Two,,
DATAFLOW,OECD.ENV.EPI:DSD_AIR_GHG@DF_AIR_GHG(1.0),Air emissions - Greenhouse gas emissions Inventories,I,ZAF,South Africa,A,Annual,GHG,Greenhouse gases,T_LULU,"Total emissions including land use, land-use change and forestry",T_CO2E,Tonnes of CO2-equivalent,2008,,546176.9,,A,Normal value,3,Thousands,,,,,2,Two,,
DATAFLOW,OECD.ENV.EPI:DSD_AIR_GHG@DF_AIR_GHG(1.0),Air emissions - Greenhouse gas emissions Inventories,I,ZAF,South Africa,A,Annual,GHG,Greenhouse gases,T_LULU,"Total emissions including land use, land-use change and forestry",T_CO2E,Tonnes of CO2-equivalent,2009,,551913.26,,A,Normal value,3,Thousands,,,,,2,Two,,
DATAFLOW,OECD.ENV.EPI:DSD_AIR_GHG@DF_AIR_GHG(1.0),Air emissions - Greenhouse gas emissions Inventories,I,ZAF,South Africa,A,Annual,GHG,Greenhouse gases,T_LULU,"Total emissions including land use, land-use change and forestry",T_CO2E,Tonnes of CO2-equivalent,2010,,526248.69,,A,Normal value,3,Thousands,,,,,2,Two,,
DATAFLOW,OECD.ENV.EPI:DSD_AIR_GHG@DF_AIR_GHG(1.0),Air emissions - Greenhouse gas emissions Inventories,I,ZAF,South Africa,A,Annual,GHG,Greenhouse gases,T_LULU,"Total emissions including land use, land-use change and forestry",T_CO2E,Tonnes of CO2-equivalent,2011,,517322.43,,A,Normal value,3,Thousands,,,,,2,Two,,
DATAFLOW,OECD.ENV.EPI:DSD_AIR_GHG@DF_AIR_GHG(1.0),Air emissions - Greenhouse gas emissions Inventories,I,ZAF,South Africa,A,Annual,GHG,Greenhouse gases,T_LULU,"Total emissions including land use, land-use change and forestry",T_CO2E,Tonnes of CO2-equivalent,2012,,529064.2,,A,Normal value,3,Thousands,,,,,2,Two,,
DATAFLOW,OECD.ENV.EPI:DSD_AIR_GHG@DF_AIR_GHG(1.0),Air emissions - Greenhouse gas emissions Inventories,I,ZAF,South Africa,A,Annual,GHG,Greenhouse gases,T_LULU,"Total emissions including land use, land-use change and forestry",T_CO2E,Tonnes of CO2-equivalent,2013,,519233.76,,A,Normal value,3,Thousands,,,,,2,Two,,
DATAFLOW,OECD.ENV.EPI:DSD_AIR_GHG@DF_AIR_GHG(1.0),Air emissions - Greenhouse gas emissions Inventories,I,ZAF,South Africa,A,Annual,GHG,Greenhouse gases,T_LULU,"Total emissions including land use, land-use change and forestry",T_CO2E,Tonnes of CO2-equivalent,2014,,503361.75,,A,Normal value,3,Thousands,,,,,2,Two,,
DATAFLOW,OECD.ENV.EPI:DSD_AIR_GHG@DF_AIR_GHG(1.0),Air emissions - Greenhouse gas emissions Inventories,I,ZAF,South Africa,A,Annual,GHG,Greenhouse gases,T_LULU,"Total emissions including land use, land-use change and forestry",T_CO2E,Tonnes of CO2-equivalent,2015,,495477.39,,A,Normal value,3,Thousands,,,,,2,Two,,
DATAFLOW,OECD.ENV.EPI:DSD_AIR_GHG@DF_AIR_GHG(1.0),Air emissions - Greenhouse gas emissions Inventories,I,ZAF,South Africa,A,Annual,GHG,Greenhouse gases,T_LULU,"Total emissions including land use, land-use change and forestry",T_CO2E,Tonnes of CO2-equivalent,2016,,479260.11,,A,Normal value,3,Thousands,,,,,2,Two,,
DATAFLOW,OECD.ENV.EPI:DSD_AIR_GHG@DF_AIR_GHG(1.0),Air emissions - Greenhouse gas emissions Inventories,I,ZAF,South Africa,A,Annual,GHG,Greenhouse gases,T_LULU,"Total emissions including land use, land-use change and forestry",T_CO2E,Tonnes of CO2-equivalent,2017,,479958.4,,A,Normal value,3,Thousands,,,,,2,Two,,
DATAFLOW,OECD.ENV.EPI:DSD_AIR_GHG@DF_AIR_GHG(1.0),Air emissions - Greenhouse gas emissions Inventories,I,ZAF,South Africa,A,Annual,GHG,Greenhouse gases,T_LULU,"Total emissions including land use, land-use change and forestry",T_CO2E,Tonnes of CO2-equivalent,2018,,490282.64,,A,Normal value,3,Thousands,,,,,2,Two,,
DATAFLOW,OECD.ENV.EPI:DSD_AIR_GHG@DF_AIR_GHG(1.0),Air emissions - Greenhouse gas emissions Inventories,I,ZAF,South Africa,A,Annual,GHG,Greenhouse gases,T_LULU,"Total emissions including land use, land-use change and forestry",T_CO2E,Tonnes of CO2-equivalent,2019,,475861.86,,A,Normal value,3,Thousands,,,,,2,Two,,
DATAFLOW,OECD.ENV.EPI:DSD_AIR_GHG@DF_AIR_GHG(1.0),Air emissions - Greenhouse gas emissions Inventories,I,ZAF,South Africa,A,Annual,GHG,Greenhouse gases,T_LULU,"Total emissions including land use, land-use change and forestry",T_CO2E,Tonnes of CO2-equivalent,2020,,442022.9,,A,Normal value,3,Thousands,,,,,2,Two,,
DATAFLOW,OECD.ENV.EPI:DSD_AIR_GHG@DF_AIR_GHG(1.0),Air emissions - Greenhouse gas emissions Inventories,I,EU28,European Union (28 countries),A,Annual,GHG,Greenhouse gases,T_LULU,"Total emissions including land use, land-use change and forestry",T_CO2E,Tonnes of CO2-equivalent,1990,,5464792.68,,A,Normal value,3,Thousands,,,,,2,Two,,
DATAFLOW,OECD.ENV.EPI:DSD_AIR_GHG@DF_AIR_GHG(1.0),Air emissions - Greenhouse gas emissions Inventories,I,EU28,European Union (28 countries),A,Annual,GHG,Greenhouse gases,T_LULU,"Total emissions including land use, land-use change and forestry",T_CO2E,Tonnes of CO2-equivalent,1991,,5277634.94,,A,Normal value,3,Thousands,,,,,2,Two,,
DATAFLOW,OECD.ENV.EPI:DSD_AIR_GHG@DF_AIR_GHG(1.0),Air emissions - Greenhouse gas emissions Inventories,I,EU28,European Union (28 countries),A,Annual,GHG,Greenhouse gases,T_LULU,"Total emissions including land use, land-use change and forestry",T_CO2E,Tonnes of CO2-equivalent,1992,,5132657.47,,A,Normal value,3,Thousands,,,,,2,Two,,
DATAFLOW,OECD.ENV.EPI:DSD_AIR_GHG@DF_AIR_GHG(1.0),Air emissions - Greenhouse gas emissions Inventories,I,EU28,European Union (28 countries),A,Annual,GHG,Greenhouse gases,T_LULU,"Total emissions including land use, land-use change and forestry",T_CO2E,Tonnes of CO2-equivalent,1993,,5029367.46,,A,Normal value,3,Thousands,,,,,2,Two,,
DATAFLOW,OECD.ENV.EPI:DSD_AIR_GHG@DF_AIR_GHG(1.0),Air emissions - Greenhouse gas emissions Inventories,I,EU28,European Union (28 countries),A,Annual,GHG,Greenhouse gases,T_LULU,"Total emissions including land use, land-use change and forestry",T_CO2E,Tonnes of CO2-equivalent,1994,,4996380.12,,A,Normal value,3,Thousands,,,,,2,Two,,
DATAFLOW,OECD.ENV.EPI:DSD_AIR_GHG@DF_AIR_GHG(1.0),Air emissions - Greenhouse gas emissions Inventories,I,EU28,European Union (28 countries),A,Annual,GHG,Greenhouse gases,T_LULU,"Total emissions including land use, land-use change and forestry",T_CO2E,Tonnes of CO2-equivalent,1995,,5011739.65,,A,Normal value,3,Thousands,,,,,2,Two,,
DATAFLOW,OECD.ENV.EPI:DSD_AIR_GHG@DF_AIR_GHG(1.0),Air emissions - Greenhouse gas emissions Inventories,I,EU28,European Union (28 countries),A,Annual,GHG,Greenhouse gases,T_LULU,"Total emissions including land use, land-use change and forestry",T_CO2E,Tonnes of CO2-equivalent,1996,,5103451.47,,A,Normal value,3,Thousands,,,,,2,Two,,
DATAFLOW,OECD.ENV.EPI:DSD_AIR_GHG@DF_AIR_GHG(1.0),Air emissions - Greenhouse gas emissions Inventories,I,EU28,European Union (28 countries),A,Annual,GHG,Greenhouse gases,T_LULU,"Total emissions including land use, land-use change and forestry",T_CO2E,Tonnes of CO2-equivalent,1997,,5010338.5,,A,Normal value,3,Thousands,,,,,2,Two,,
DATAFLOW,OECD.ENV.EPI:DSD_AIR_GHG@DF_AIR_GHG(1.0),Air emissions - Greenhouse gas emissions Inventories,I,EU28,European Union (28 countries),A,Annual,GHG,Greenhouse gases,T_LULU,"Total emissions including land use, land-use change and forestry",T_CO2E,Tonnes of CO2-equivalent,1998,,4954003.5,,A,Normal value,3,Thousands,,,,,2,Two,,
DATAFLOW,OECD.ENV.EPI:DSD_AIR_GHG@DF_AIR_GHG(1.0),Air emissions - Greenhouse gas emissions Inventories,I,EU28,European Union (28 countries),A,Annual,GHG,Greenhouse gases,T_LULU,"Total emissions including land use, land-use change and forestry",T_CO2E,Tonnes of CO2-equivalent,1999,,4837727.1,,A,Normal value,3,Thousands,,,,,2,Two,,
DATAFLOW,OECD.ENV.EPI:DSD_AIR_GHG@DF_AIR_GHG(1.0),Air emissions - Greenhouse gas emissions Inventories,I,EU28,European Union (28 countries),A,Annual,GHG,Greenhouse gases,T_LULU,"Total emissions including land use, land-use change and forestry",T_CO2E,Tonnes of CO2-equivalent,2000,,4861339.78,,A,Normal value,3,Thousands,,,,,2,Two,,
DATAFLOW,OECD.ENV.EPI:DSD_AIR_GHG@DF_AIR_GHG(1.0),Air emissions - Greenhouse gas emissions Inventories,I,EU28,European Union (28 countries),A,Annual,GHG,Greenhouse gases,T_LULU,"Total emissions including land use, land-use change and forestry",T_CO2E,Tonnes of CO2-equivalent,2001,,4885818.29,,A,Normal value,3,Thousands,,,,,2,Two,,
DATAFLOW,OECD.ENV.EPI:DSD_AIR_GHG@DF_AIR_GHG(1.0),Air emissions - Greenhouse gas emissions Inventories,I,EU28,European Union (28 countries),A,Annual,GHG,Greenhouse gases,T_LULU,"Total emissions including land use, land-use change and forestry",T_CO2E,Tonnes of CO2-equivalent,2002,,4865844.64,,A,Normal value,3,Thousands,,,,,2,Two,,
DATAFLOW,OECD.ENV.EPI:DSD_AIR_GHG@DF_AIR_GHG(1.0),Air emissions - Greenhouse gas emissions Inventories,I,EU28,European Union (28 countries),A,Annual,GHG,Greenhouse gases,T_LULU,"Total emissions including land use, land-use change and forestry",T_CO2E,Tonnes of CO2-equivalent,2003,,4980752.81,,A,Normal value,3,Thousands,,,,,2,Two,,
DATAFLOW,OECD.ENV.EPI:DSD_AIR_GHG@DF_AIR_GHG(1.0),Air emissions - Greenhouse gas emissions Inventories,I,EU28,European Union (28 countries),A,Annual,GHG,Greenhouse gases,T_LULU,"Total emissions including land use, land-use change and forestry",T_CO2E,Tonnes of CO2-equivalent,2004,,4951806,,A,Normal value,3,Thousands,,,,,2,Two,,
DATAFLOW,OECD.ENV.EPI:DSD_AIR_GHG@DF_AIR_GHG(1.0),Air emissions - Greenhouse gas emissions Inventories,I,EU28,European Union (28 countries),A,Annual,GHG,Greenhouse gases,T_LULU,"Total emissions including land use, land-use change and forestry",T_CO2E,Tonnes of CO2-equivalent,2005,,4923959.17,,A,Normal value,3,Thousands,,,,,2,Two,,
DATAFLOW,OECD.ENV.EPI:DSD_AIR_GHG@DF_AIR_GHG(1.0),Air emissions - Greenhouse gas emissions Inventories,I,EU28,European Union (28 countries),A,Annual,GHG,Greenhouse gases,T_LULU,"Total emissions including land use, land-use change and forestry",T_CO2E,Tonnes of CO2-equivalent,2006,,4894474.84,,A,Normal value,3,Thousands,,,,,2,Two,,
DATAFLOW,OECD.ENV.EPI:DSD_AIR_GHG@DF_AIR_GHG(1.0),Air emissions - Greenhouse gas emissions Inventories,I,EU28,European Union (28 countries),A,Annual,GHG,Greenhouse gases,T_LULU,"Total emissions including land use, land-use change and forestry",T_CO2E,Tonnes of CO2-equivalent,2007,,4892195.8,,A,Normal value,3,Thousands,,,,,2,Two,,
DATAFLOW,OECD.ENV.EPI:DSD_AIR_GHG@DF_AIR_GHG(1.0),Air emissions - Greenhouse gas emissions Inventories,I,EU28,European Union (28 countries),A,Annual,GHG,Greenhouse gases,T_LULU,"Total emissions including land use, land-use change and forestry",T_CO2E,Tonnes of CO2-equivalent,2008,,4732009.7,,A,Normal value,3,Thousands,,,,,2,Two,,
DATAFLOW,OECD.ENV.EPI:DSD_AIR_GHG@DF_AIR_GHG(1.0),Air emissions - Greenhouse gas emissions Inventories,I,EU28,European Union (28 countries),A,Annual,GHG,Greenhouse gases,T_LULU,"Total emissions including land use, land-use change and forestry",T_CO2E,Tonnes of CO2-equivalent,2009,,4352472.33,,A,Normal value,3,Thousands,,,,,2,Two,,
DATAFLOW,OECD.ENV.EPI:DSD_AIR_GHG@DF_AIR_GHG(1.0),Air emissions - Greenhouse gas emissions Inventories,I,EU28,European Union (28 countries),A,Annual,GHG,Greenhouse gases,T_LULU,"Total emissions including land use, land-use change and forestry",T_CO2E,Tonnes of CO2-equivalent,2010,,4470385.86,,A,Normal value,3,Thousands,,,,,2,Two,,
DATAFLOW,OECD.ENV.EPI:DSD_AIR_GHG@DF_AIR_GHG(1.0),Air emissions - Greenhouse gas emissions Inventories,I,EU28,European Union (28 countries),A,Annual,GHG,Greenhouse gases,T_LULU,"Total emissions including land use, land-use change and forestry",T_CO2E,Tonnes of CO2-equivalent,2011,,4319659.51,,A,Normal value,3,Thousands,,,,,2,Two,,
DATAFLOW,OECD.ENV.EPI:DSD_AIR_GHG@DF_AIR_GHG(1.0),Air emissions - Greenhouse gas emissions Inventories,I,EU28,European Union (28 countries),A,Annual,GHG,Greenhouse gases,T_LULU,"Total emissions including land use, land-use change and forestry",T_CO2E,Tonnes of CO2-equivalent,2012,,4254677.73,,A,Normal value,3,Thousands,,,,,2,Two,,
DATAFLOW,OECD.ENV.EPI:DSD_AIR_GHG@DF_AIR_GHG(1.0),Air emissions - Greenhouse gas emissions Inventories,I,EU28,European Union (28 countries),A,Annual,GHG,Greenhouse gases,T_LULU,"Total emissions including land use, land-use change and forestry",T_CO2E,Tonnes of CO2-equivalent,2013,,4154702.92,,A,Normal value,3,Thousands,,,,,2,Two,,
DATAFLOW,OECD.ENV.EPI:DSD_AIR_GHG@DF_AIR_GHG(1.0),Air emissions - Greenhouse gas emissions Inventories,I,EU28,European Union (28 countries),A,Annual,GHG,Greenhouse gases,T_LULU,"Total emissions including land use, land-use change and forestry",T_CO2E,Tonnes of CO2-equivalent,2014,,3996202.04,,A,Normal value,3,Thousands,,,,,2,Two,,
DATAFLOW,OECD.ENV.EPI:DSD_AIR_GHG@DF_AIR_GHG(1.0),Air emissions - Greenhouse gas emissions Inventories,I,EU28,European Union (28 countries),A,Annual,GHG,Greenhouse gases,T_LULU,"Total emissions including land use, land-use change and forestry",T_CO2E,Tonnes of CO2-equivalent,2015,,4032669.3,,A,Normal value,3,Thousands,,,,,2,Two,,
DATAFLOW,OECD.ENV.EPI:DSD_AIR_GHG@DF_AIR_GHG(1.0),Air emissions - Greenhouse gas emissions Inventories,I,EU28,European Union (28 countries),A,Annual,GHG,Greenhouse gases,T_LULU,"Total emissions including land use, land-use change and forestry",T_CO2E,Tonnes of CO2-equivalent,2016,,4011447.58,,A,Normal value,3,Thousands,,,,,2,Two,,
DATAFLOW,OECD.ENV.EPI:DSD_AIR_GHG@DF_AIR_GHG(1.0),Air emissions - Greenhouse gas emissions Inventories,I,EU28,European Union (28 countries),A,Annual,GHG,Greenhouse gases,T_LULU,"Total emissions including land use, land-use change and forestry",T_CO2E,Tonnes of CO2-equivalent,2017,,4066657.2,,A,Normal value,3,Thousands,,,,,2,Two,,
DATAFLOW,OECD.ENV.EPI:DSD_AIR_GHG@DF_AIR_GHG(1.0),Air emissions - Greenhouse gas emissions Inventories,I,EU28,European Union (28 countries),A,Annual,GHG,Greenhouse gases,T_LULU,"Total emissions including land use, land-use change and forestry",T_CO2E,Tonnes of CO2-equivalent,2018,,3966652.04,,A,Normal value,3,Thousands,,,,,2,Two,,
DATAFLOW,OECD.ENV.EPI:DSD_AIR_GHG@DF_AIR_GHG(1.0),Air emissions - Greenhouse gas emissions Inventories,I,EU28,European Union (28 countries),A,Annual,GHG,Greenhouse gases,T_LULU,"Total emissions including land use, land-use change and forestry",T_CO2E,Tonnes of CO2-equivalent,2019,,3814473.65,,A,Normal value,3,Thousands,,,,,2,Two,,
DATAFLOW,OECD.ENV.EPI:DSD_AIR_GHG@DF_AIR_GHG(1.0),Air emissions - Greenhouse gas emissions Inventories,I,OECD,OECD,A,Annual,GHG,Greenhouse gases,T_LULU,"Total emissions including land use, land-use change and forestry",T_CO2E,Tonnes of CO2-equivalent,1988,,,,A,Normal value,3,Thousands,,,,,2,Two,,
DATAFLOW,OECD.ENV.EPI:DSD_AIR_GHG@DF_AIR_GHG(1.0),Air emissions - Greenhouse gas emissions Inventories,I,OECD,OECD,A,Annual,GHG,Greenhouse gases,T_LULU,"Total emissions including land use, land-use change and forestry",T_CO2E,Tonnes of CO2-equivalent,1989,,,,A,Normal value,3,Thousands,,,,,2,Two,,
DATAFLOW,OECD.ENV.EPI:DSD_AIR_GHG@DF_AIR_GHG(1.0),Air emissions - Greenhouse gas emissions Inventories,I,OECD,OECD,A,Annual,GHG,Greenhouse gases,T_LULU,"Total emissions including land use, land-use change and forestry",T_CO2E,Tonnes of CO2-equivalent,1990,,14426871.19,,A,Normal value,3,Thousands,,,,,2,Two,,
DATAFLOW,OECD.ENV.EPI:DSD_AIR_GHG@DF_AIR_GHG(1.0),Air emissions - Greenhouse gas emissions Inventories,I,OECD,OECD,A,Annual,GHG,Greenhouse gases,T_LULU,"Total emissions including land use, land-use change and forestry",T_CO2E,Tonnes of CO2-equivalent,1991,,14248369.5,,A,Normal value,3,Thousands,,,,,2,Two,,
DATAFLOW,OECD.ENV.EPI:DSD_AIR_GHG@DF_AIR_GHG(1.0),Air emissions - Greenhouse gas emissions Inventories,I,OECD,OECD,A,Annual,GHG,Greenhouse gases,T_LULU,"Total emissions including land use, land-use change and forestry",T_CO2E,Tonnes of CO2-equivalent,1992,,14249951.63,,A,Normal value,3,Thousands,,,,,2,Two,,
DATAFLOW,OECD.ENV.EPI:DSD_AIR_GHG@DF_AIR_GHG(1.0),Air emissions - Greenhouse gas emissions Inventories,I,OECD,OECD,A,Annual,GHG,Greenhouse gases,T_LULU,"Total emissions including land use, land-use change and forestry",T_CO2E,Tonnes of CO2-equivalent,1993,,14306487.38,,A,Normal value,3,Thousands,,,,,2,Two,,
DATAFLOW,OECD.ENV.EPI:DSD_AIR_GHG@DF_AIR_GHG(1.0),Air emissions - Greenhouse gas emissions Inventories,I,OECD,OECD,A,Annual,GHG,Greenhouse gases,T_LULU,"Total emissions including land use, land-use change and forestry",T_CO2E,Tonnes of CO2-equivalent,1994,,14505430.38,,A,Normal value,3,Thousands,,,,,2,Two,,
DATAFLOW,OECD.ENV.EPI:DSD_AIR_GHG@DF_AIR_GHG(1.0),Air emissions - Greenhouse gas emissions Inventories,I,OECD,OECD,A,Annual,GHG,Greenhouse gases,T_LULU,"Total emissions including land use, land-use change and forestry",T_CO2E,Tonnes of CO2-equivalent,1995,,14694481,,A,Normal value,3,Thousands,,,,,2,Two,,
DATAFLOW,OECD.ENV.EPI:DSD_AIR_GHG@DF_AIR_GHG(1.0),Air emissions - Greenhouse gas emissions Inventories,I,OECD,OECD,A,Annual,GHG,Greenhouse gases,T_LULU,"Total emissions including land use, land-use change and forestry",T_CO2E,Tonnes of CO2-equivalent,1996,,15083018.75,,A,Normal value,3,Thousands,,,,,2,Two,,
DATAFLOW,OECD.ENV.EPI:DSD_AIR_GHG@DF_AIR_GHG(1.0),Air emissions - Greenhouse gas emissions Inventories,I,OECD,OECD,A,Annual,GHG,Greenhouse gases,T_LULU,"Total emissions including land use, land-use change and forestry",T_CO2E,Tonnes of CO2-equivalent,1997,,15156348.13,,A,Normal value,3,Thousands,,,,,2,Two,,
DATAFLOW,OECD.ENV.EPI:DSD_AIR_GHG@DF_AIR_GHG(1.0),Air emissions - Greenhouse gas emissions Inventories,I,OECD,OECD,A,Annual,GHG,Greenhouse gases,T_LULU,"Total emissions including land use, land-use change and forestry",T_CO2E,Tonnes of CO2-equivalent,1998,,15093776.88,,A,Normal value,3,Thousands,,,,,2,Two,,
DATAFLOW,OECD.ENV.EPI:DSD_AIR_GHG@DF_AIR_GHG(1.0),Air emissions - Greenhouse gas emissions Inventories,I,OECD,OECD,A,Annual,GHG,Greenhouse gases,T_LULU,"Total emissions including land use, land-use change and forestry",T_CO2E,Tonnes of CO2-equivalent,1999,,15111843,,A,Normal value,3,Thousands,,,,,2,Two,,
DATAFLOW,OECD.ENV.EPI:DSD_AIR_GHG@DF_AIR_GHG(1.0),Air emissions - Greenhouse gas emissions Inventories,I,OECD,OECD,A,Annual,GHG,Greenhouse gases,T_LULU,"Total emissions including land use, land-use change and forestry",T_CO2E,Tonnes of CO2-equivalent,2000,,15292185.63,,A,Normal value,3,Thousands,,,,,2,Two,,
DATAFLOW,OECD.ENV.EPI:DSD_AIR_GHG@DF_AIR_GHG(1.0),Air emissions - Greenhouse gas emissions Inventories,I,OECD,OECD,A,Annual,GHG,Greenhouse gases,T_LULU,"Total emissions including land use, land-use change and forestry",T_CO2E,Tonnes of CO2-equivalent,2001,,15097231,,A,Normal value,3,Thousands,,,,,2,Two,,
DATAFLOW,OECD.ENV.EPI:DSD_AIR_GHG@DF_AIR_GHG(1.0),Air emissions - Greenhouse gas emissions Inventories,I,OECD,OECD,A,Annual,GHG,Greenhouse gases,T_LULU,"Total emissions including land use, land-use change and forestry",T_CO2E,Tonnes of CO2-equivalent,2002,,15313825.38,,A,Normal value,3,Thousands,,,,,2,Two,,
DATAFLOW,OECD.ENV.EPI:DSD_AIR_GHG@DF_AIR_GHG(1.0),Air emissions - Greenhouse gas emissions Inventories,I,OECD,OECD,A,Annual,GHG,Greenhouse gases,T_LULU,"Total emissions including land use, land-use change and forestry",T_CO2E,Tonnes of CO2-equivalent,2003,,15481964.63,,A,Normal value,3,Thousands,,,,,2,Two,,
DATAFLOW,OECD.ENV.EPI:DSD_AIR_GHG@DF_AIR_GHG(1.0),Air emissions - Greenhouse gas emissions Inventories,I,OECD,OECD,A,Annual,GHG,Greenhouse gases,T_LULU,"Total emissions including land use, land-use change and forestry",T_CO2E,Tonnes of CO2-equivalent,2004,,15714458.13,,A,Normal value,3,Thousands,,,,,2,Two,,
DATAFLOW,OECD.ENV.EPI:DSD_AIR_GHG@DF_AIR_GHG(1.0),Air emissions - Greenhouse gas emissions Inventories,I,OECD,OECD,A,Annual,GHG,Greenhouse gases,T_LULU,"Total emissions including land use, land-use change and forestry",T_CO2E,Tonnes of CO2-equivalent,2005,,15721205,,A,Normal value,3,Thousands,,,,,2,Two,,
DATAFLOW,OECD.ENV.EPI:DSD_AIR_GHG@DF_AIR_GHG(1.0),Air emissions - Greenhouse gas emissions Inventories,I,OECD,OECD,A,Annual,GHG,Greenhouse gases,T_LULU,"Total emissions including land use, land-use change and forestry",T_CO2E,Tonnes of CO2-equivalent,2006,,15603280.13,,A,Normal value,3,Thousands,,,,,2,Two,,
DATAFLOW,OECD.ENV.EPI:DSD_AIR_GHG@DF_AIR_GHG(1.0),Air emissions - Greenhouse gas emissions Inventories,I,OECD,OECD,A,Annual,GHG,Greenhouse gases,T_LULU,"Total emissions including land use, land-use change and forestry",T_CO2E,Tonnes of CO2-equivalent,2007,,15943751.63,,A,Normal value,3,Thousands,,,,,2,Two,,
DATAFLOW,OECD.ENV.EPI:DSD_AIR_GHG@DF_AIR_GHG(1.0),Air emissions - Greenhouse gas emissions Inventories,I,OECD,OECD,A,Annual,GHG,Greenhouse gases,T_LULU,"Total emissions including land use, land-use change and forestry",T_CO2E,Tonnes of CO2-equivalent,2008,,15530210.5,,A,Normal value,3,Thousands,,,,,2,Two,,
DATAFLOW,OECD.ENV.EPI:DSD_AIR_GHG@DF_AIR_GHG(1.0),Air emissions - Greenhouse gas emissions Inventories,I,OECD,OECD,A,Annual,GHG,Greenhouse gases,T_LULU,"Total emissions including land use, land-use change and forestry",T_CO2E,Tonnes of CO2-equivalent,2009,,14629140.25,,A,Normal value,3,Thousands,,,,,2,Two,,
DATAFLOW,OECD.ENV.EPI:DSD_AIR_GHG@DF_AIR_GHG(1.0),Air emissions - Greenhouse gas emissions Inventories,I,OECD,OECD,A,Annual,GHG,Greenhouse gases,T_LULU,"Total emissions including land use, land-use change and forestry",T_CO2E,Tonnes of CO2-equivalent,2010,,15060818.25,,A,Normal value,3,Thousands,,,,,2,Two,,
DATAFLOW,OECD.ENV.EPI:DSD_AIR_GHG@DF_AIR_GHG(1.0),Air emissions - Greenhouse gas emissions Inventories,I,OECD,OECD,A,Annual,GHG,Greenhouse gases,T_LULU,"Total emissions including land use, land-use change and forestry",T_CO2E,Tonnes of CO2-equivalent,2011,,14843717.5,,A,Normal value,3,Thousands,,,,,2,Two,,
DATAFLOW,OECD.ENV.EPI:DSD_AIR_GHG@DF_AIR_GHG(1.0),Air emissions - Greenhouse gas emissions Inventories,I,OECD,OECD,A,Annual,GHG,Greenhouse gases,T_LULU,"Total emissions including land use, land-use change and forestry",T_CO2E,Tonnes of CO2-equivalent,2012,,14631449.88,,A,Normal value,3,Thousands,,,,,2,Two,,
DATAFLOW,OECD.ENV.EPI:DSD_AIR_GHG@DF_AIR_GHG(1.0),Air emissions - Greenhouse gas emissions Inventories,I,OECD,OECD,A,Annual,GHG,Greenhouse gases,T_LULU,"Total emissions including land use, land-use change and forestry",T_CO2E,Tonnes of CO2-equivalent,2013,,14761518,,A,Normal value,3,Thousands,,,,,2,Two,,
DATAFLOW,OECD.ENV.EPI:DSD_AIR_GHG@DF_AIR_GHG(1.0),Air emissions - Greenhouse gas emissions Inventories,I,OECD,OECD,A,Annual,GHG,Greenhouse gases,T_LULU,"Total emissions including land use, land-use change and forestry",T_CO2E,Tonnes of CO2-equivalent,2014,,14592085.25,,A,Normal value,3,Thousands,,,,,2,Two,,
DATAFLOW,OECD.ENV.EPI:DSD_AIR_GHG@DF_AIR_GHG(1.0),Air emissions - Greenhouse gas emissions Inventories,I,OECD,OECD,A,Annual,GHG,Greenhouse gases,T_LULU,"Total emissions including land use, land-use change and forestry",T_CO2E,Tonnes of CO2-equivalent,2015,,14590278.75,,A,Normal value,3,Thousands,,,,,2,Two,,
DATAFLOW,OECD.ENV.EPI:DSD_AIR_GHG@DF_AIR_GHG(1.0),Air emissions - Greenhouse gas emissions Inventories,I,OECD,OECD,A,Annual,GHG,Greenhouse gases,T_LULU,"Total emissions including land use, land-use change and forestry",T_CO2E,Tonnes of CO2-equivalent,2016,,14287810.88,,A,Normal value,3,Thousands,,,,,2,Two,,
DATAFLOW,OECD.ENV.EPI:DSD_AIR_GHG@DF_AIR_GHG(1.0),Air emissions - Greenhouse gas emissions Inventories,I,OECD,OECD,A,Annual,GHG,Greenhouse gases,T_LULU,"Total emissions including land use, land-use change and forestry",T_CO2E,Tonnes of CO2-equivalent,2017,,14465963.5,,A,Normal value,3,Thousands,,,,,2,Two,,
DATAFLOW,OECD.ENV.EPI:DSD_AIR_GHG@DF_AIR_GHG(1.0),Air emissions - Greenhouse gas emissions Inventories,I,OECD,OECD,A,Annual,GHG,Greenhouse gases,T_LULU,"Total emissions including land use, land-use change and forestry",T_CO2E,Tonnes of CO2-equivalent,2018,,14516546.38,,A,Normal value,3,Thousands,,,,,2,Two,,
DATAFLOW,OECD.ENV.EPI:DSD_AIR_GHG@DF_AIR_GHG(1.0),Air emissions - Greenhouse gas emissions Inventories,I,OECD,OECD,A,Annual,GHG,Greenhouse gases,T_LULU,"Total emissions including land use, land-use change and forestry",T_CO2E,Tonnes of CO2-equivalent,2019,,14173981.25,,A,Normal value,3,Thousands,,,,,2,Two,,
DATAFLOW,OECD.ENV.EPI:DSD_AIR_GHG@DF_AIR_GHG(1.0),Air emissions - Greenhouse gas emissions Inventories,I,OECD,OECD,A,Annual,GHG,Greenhouse gases,T_LULU,"Total emissions including land use, land-use change and forestry",T_CO2E,Tonnes of CO2-equivalent,2020,,13016203.5,,A,Normal value,3,Thousands,,,,,2,Two,,
DATAFLOW,OECD.ENV.EPI:DSD_AIR_GHG@DF_AIR_GHG(1.0),Air emissions - Greenhouse gas emissions Inventories,I,OECD,OECD,A,Annual,GHG,Greenhouse gases,T_LULU,"Total emissions including land use, land-use change and forestry",T_CO2E,Tonnes of CO2-equivalent,2021,,13598348.5,,A,Normal value,3,Thousands,,,,,2,Two,,
DATAFLOW,OECD.ENV.EPI:DSD_AIR_GHG@DF_AIR_GHG(1.0),Air emissions - Greenhouse gas emissions Inventories,I,OECDSO,OECD Asia Oceania,A,Annual,GHG,Greenhouse gases,T_LULU,"Total emissions including land use, land-use change and forestry",T_CO2E,Tonnes of CO2-equivalent,1990,,2198332.34,,A,Normal value,3,Thousands,,,,,2,Two,,
DATAFLOW,OECD.ENV.EPI:DSD_AIR_GHG@DF_AIR_GHG(1.0),Air emissions - Greenhouse gas emissions Inventories,I,OECDSO,OECD Asia Oceania,A,Annual,GHG,Greenhouse gases,T_LULU,"Total emissions including land use, land-use change and forestry",T_CO2E,Tonnes of CO2-equivalent,1991,,2215423.38,,A,Normal value,3,Thousands,,,,,2,Two,,
DATAFLOW,OECD.ENV.EPI:DSD_AIR_GHG@DF_AIR_GHG(1.0),Air emissions - Greenhouse gas emissions Inventories,I,OECDSO,OECD Asia Oceania,A,Annual,GHG,Greenhouse gases,T_LULU,"Total emissions including land use, land-use change and forestry",T_CO2E,Tonnes of CO2-equivalent,1992,,2188940.07,,A,Normal value,3,Thousands,,,,,2,Two,,
DATAFLOW,OECD.ENV.EPI:DSD_AIR_GHG@DF_AIR_GHG(1.0),Air emissions - Greenhouse gas emissions Inventories,I,OECDSO,OECD Asia Oceania,A,Annual,GHG,Greenhouse gases,T_LULU,"Total emissions including land use, land-use change and forestry",T_CO2E,Tonnes of CO2-equivalent,1993,,2195722.5,,A,Normal value,3,Thousands,,,,,2,Two,,
DATAFLOW,OECD.ENV.EPI:DSD_AIR_GHG@DF_AIR_GHG(1.0),Air emissions - Greenhouse gas emissions Inventories,I,OECDSO,OECD Asia Oceania,A,Annual,GHG,Greenhouse gases,T_LULU,"Total emissions including land use, land-use change and forestry",T_CO2E,Tonnes of CO2-equivalent,1994,,2276419.15,,A,Normal value,3,Thousands,,,,,2,Two,,
DATAFLOW,OECD.ENV.EPI:DSD_AIR_GHG@DF_AIR_GHG(1.0),Air emissions - Greenhouse gas emissions Inventories,I,OECDSO,OECD Asia Oceania,A,Annual,GHG,Greenhouse gases,T_LULU,"Total emissions including land use, land-use change and forestry",T_CO2E,Tonnes of CO2-equivalent,1995,,2314956.91,,A,Normal value,3,Thousands,,,,,2,Two,,
DATAFLOW,OECD.ENV.EPI:DSD_AIR_GHG@DF_AIR_GHG(1.0),Air emissions - Greenhouse gas emissions Inventories,I,OECDSO,OECD Asia Oceania,A,Annual,GHG,Greenhouse gases,T_LULU,"Total emissions including land use, land-use change and forestry",T_CO2E,Tonnes of CO2-equivalent,1996,,2367514.53,,A,Normal value,3,Thousands,,,,,2,Two,,
DATAFLOW,OECD.ENV.EPI:DSD_AIR_GHG@DF_AIR_GHG(1.0),Air emissions - Greenhouse gas emissions Inventories,I,OECDSO,OECD Asia Oceania,A,Annual,GHG,Greenhouse gases,T_LULU,"Total emissions including land use, land-use change and forestry",T_CO2E,Tonnes of CO2-equivalent,1997,,2390337.78,,A,Normal value,3,Thousands,,,,,2,Two,,
DATAFLOW,OECD.ENV.EPI:DSD_AIR_GHG@DF_AIR_GHG(1.0),Air emissions - Greenhouse gas emissions Inventories,I,OECDSO,OECD Asia Oceania,A,Annual,GHG,Greenhouse gases,T_LULU,"Total emissions including land use, land-use change and forestry",T_CO2E,Tonnes of CO2-equivalent,1998,,2263530.69,,A,Normal value,3,Thousands,,,,,2,Two,,
DATAFLOW,OECD.ENV.EPI:DSD_AIR_GHG@DF_AIR_GHG(1.0),Air emissions - Greenhouse gas emissions Inventories,I,OECDSO,OECD Asia Oceania,A,Annual,GHG,Greenhouse gases,T_LULU,"Total emissions including land use, land-use change and forestry",T_CO2E,Tonnes of CO2-equivalent,1999,,2334193.96,,A,Normal value,3,Thousands,,,,,2,Two,,
DATAFLOW,OECD.ENV.EPI:DSD_AIR_GHG@DF_AIR_GHG(1.0),Air emissions - Greenhouse gas emissions Inventories,I,OECDSO,OECD Asia Oceania,A,Annual,GHG,Greenhouse gases,T_LULU,"Total emissions including land use, land-use change and forestry",T_CO2E,Tonnes of CO2-equivalent,2000,,2413234.73,,A,Normal value,3,Thousands,,,,,2,Two,,
DATAFLOW,OECD.ENV.EPI:DSD_AIR_GHG@DF_AIR_GHG(1.0),Air emissions - Greenhouse gas emissions Inventories,I,OECDSO,OECD Asia Oceania,A,Annual,GHG,Greenhouse gases,T_LULU,"Total emissions including land use, land-use change and forestry",T_CO2E,Tonnes of CO2-equivalent,2001,,2423981.77,,A,Normal value,3,Thousands,,,,,2,Two,,
DATAFLOW,OECD.ENV.EPI:DSD_AIR_GHG@DF_AIR_GHG(1.0),Air emissions - Greenhouse gas emissions Inventories,I,OECDSO,OECD Asia Oceania,A,Annual,GHG,Greenhouse gases,T_LULU,"Total emissions including land use, land-use change and forestry",T_CO2E,Tonnes of CO2-equivalent,2002,,2468800.98,,A,Normal value,3,Thousands,,,,,2,Two,,
DATAFLOW,OECD.ENV.EPI:DSD_AIR_GHG@DF_AIR_GHG(1.0),Air emissions - Greenhouse gas emissions Inventories,I,OECDSO,OECD Asia Oceania,A,Annual,GHG,Greenhouse gases,T_LULU,"Total emissions including land use, land-use change and forestry",T_CO2E,Tonnes of CO2-equivalent,2003,,2485616.94,,A,Normal value,3,Thousands,,,,,2,Two,,
DATAFLOW,OECD.ENV.EPI:DSD_AIR_GHG@DF_AIR_GHG(1.0),Air emissions - Greenhouse gas emissions Inventories,I,OECDSO,OECD Asia Oceania,A,Annual,GHG,Greenhouse gases,T_LULU,"Total emissions including land use, land-use change and forestry",T_CO2E,Tonnes of CO2-equivalent,2004,,2480809.02,,A,Normal value,3,Thousands,,,,,2,Two,,
DATAFLOW,OECD.ENV.EPI:DSD_AIR_GHG@DF_AIR_GHG(1.0),Air emissions - Greenhouse gas emissions Inventories,I,OECDSO,OECD Asia Oceania,A,Annual,GHG,Greenhouse gases,T_LULU,"Total emissions including land use, land-use change and forestry",T_CO2E,Tonnes of CO2-equivalent,2005,,2536387.96,,A,Normal value,3,Thousands,,,,,2,Two,,
DATAFLOW,OECD.ENV.EPI:DSD_AIR_GHG@DF_AIR_GHG(1.0),Air emissions - Greenhouse gas emissions Inventories,I,OECDSO,OECD Asia Oceania,A,Annual,GHG,Greenhouse gases,T_LULU,"Total emissions including land use, land-use change and forestry",T_CO2E,Tonnes of CO2-equivalent,2006,,2538207.43,,A,Normal value,3,Thousands,,,,,2,Two,,
DATAFLOW,OECD.ENV.EPI:DSD_AIR_GHG@DF_AIR_GHG(1.0),Air emissions - Greenhouse gas emissions Inventories,I,OECDSO,OECD Asia Oceania,A,Annual,GHG,Greenhouse gases,T_LULU,"Total emissions including land use, land-use change and forestry",T_CO2E,Tonnes of CO2-equivalent,2007,,2607689.14,,A,Normal value,3,Thousands,,,,,2,Two,,
DATAFLOW,OECD.ENV.EPI:DSD_AIR_GHG@DF_AIR_GHG(1.0),Air emissions - Greenhouse gas emissions Inventories,I,OECDSO,OECD Asia Oceania,A,Annual,GHG,Greenhouse gases,T_LULU,"Total emissions including land use, land-use change and forestry",T_CO2E,Tonnes of CO2-equivalent,2008,,2539433.32,,A,Normal value,3,Thousands,,,,,2,Two,,
DATAFLOW,OECD.ENV.EPI:DSD_AIR_GHG@DF_AIR_GHG(1.0),Air emissions - Greenhouse gas emissions Inventories,I,OECDSO,OECD Asia Oceania,A,Annual,GHG,Greenhouse gases,T_LULU,"Total emissions including land use, land-use change and forestry",T_CO2E,Tonnes of CO2-equivalent,2009,,2470154,,A,Normal value,3,Thousands,,,,,2,Two,,
DATAFLOW,OECD.ENV.EPI:DSD_AIR_GHG@DF_AIR_GHG(1.0),Air emissions - Greenhouse gas emissions Inventories,I,OECDSO,OECD Asia Oceania,A,Annual,GHG,Greenhouse gases,T_LULU,"Total emissions including land use, land-use change and forestry",T_CO2E,Tonnes of CO2-equivalent,2010,,2565499.58,,A,Normal value,3,Thousands,,,,,2,Two,,
DATAFLOW,OECD.ENV.EPI:DSD_AIR_GHG@DF_AIR_GHG(1.0),Air emissions - Greenhouse gas emissions Inventories,I,OECDSO,OECD Asia Oceania,A,Annual,GHG,Greenhouse gases,T_LULU,"Total emissions including land use, land-use change and forestry",T_CO2E,Tonnes of CO2-equivalent,2011,,2630100.85,,A,Normal value,3,Thousands,,,,,2,Two,,
DATAFLOW,OECD.ENV.EPI:DSD_AIR_GHG@DF_AIR_GHG(1.0),Air emissions - Greenhouse gas emissions Inventories,I,OECDSO,OECD Asia Oceania,A,Annual,GHG,Greenhouse gases,T_LULU,"Total emissions including land use, land-use change and forestry",T_CO2E,Tonnes of CO2-equivalent,2012,,2675156.48,,A,Normal value,3,Thousands,,,,,2,Two,,
DATAFLOW,OECD.ENV.EPI:DSD_AIR_GHG@DF_AIR_GHG(1.0),Air emissions - Greenhouse gas emissions Inventories,I,OECDSO,OECD Asia Oceania,A,Annual,GHG,Greenhouse gases,T_LULU,"Total emissions including land use, land-use change and forestry",T_CO2E,Tonnes of CO2-equivalent,2013,,2683825.04,,A,Normal value,3,Thousands,,,,,2,Two,,
DATAFLOW,OECD.ENV.EPI:DSD_AIR_GHG@DF_AIR_GHG(1.0),Air emissions - Greenhouse gas emissions Inventories,I,OECDSO,OECD Asia Oceania,A,Annual,GHG,Greenhouse gases,T_LULU,"Total emissions including land use, land-use change and forestry",T_CO2E,Tonnes of CO2-equivalent,2014,,2624978.23,,A,Normal value,3,Thousands,,,,,2,Two,,
DATAFLOW,OECD.ENV.EPI:DSD_AIR_GHG@DF_AIR_GHG(1.0),Air emissions - Greenhouse gas emissions Inventories,I,OECDSO,OECD Asia Oceania,A,Annual,GHG,Greenhouse gases,T_LULU,"Total emissions including land use, land-use change and forestry",T_CO2E,Tonnes of CO2-equivalent,2015,,2579915.52,,A,Normal value,3,Thousands,,,,,2,Two,,
DATAFLOW,OECD.ENV.EPI:DSD_AIR_GHG@DF_AIR_GHG(1.0),Air emissions - Greenhouse gas emissions Inventories,I,OECDSO,OECD Asia Oceania,A,Annual,GHG,Greenhouse gases,T_LULU,"Total emissions including land use, land-use change and forestry",T_CO2E,Tonnes of CO2-equivalent,2016,,2536354.92,,A,Normal value,3,Thousands,,,,,2,Two,,
DATAFLOW,OECD.ENV.EPI:DSD_AIR_GHG@DF_AIR_GHG(1.0),Air emissions - Greenhouse gas emissions Inventories,I,OECDSO,OECD Asia Oceania,A,Annual,GHG,Greenhouse gases,T_LULU,"Total emissions including land use, land-use change and forestry",T_CO2E,Tonnes of CO2-equivalent,2017,,2540937.44,,A,Normal value,3,Thousands,,,,,2,Two,,
DATAFLOW,OECD.ENV.EPI:DSD_AIR_GHG@DF_AIR_GHG(1.0),Air emissions - Greenhouse gas emissions Inventories,I,OECDSO,OECD Asia Oceania,A,Annual,GHG,Greenhouse gases,T_LULU,"Total emissions including land use, land-use change and forestry",T_CO2E,Tonnes of CO2-equivalent,2018,,2520496.33,,A,Normal value,3,Thousands,,,,,2,Two,,
DATAFLOW,OECD.ENV.EPI:DSD_AIR_GHG@DF_AIR_GHG(1.0),Air emissions - Greenhouse gas emissions Inventories,I,OECDSO,OECD Asia Oceania,A,Annual,GHG,Greenhouse gases,T_LULU,"Total emissions including land use, land-use change and forestry",T_CO2E,Tonnes of CO2-equivalent,2019,,2461359.23,,A,Normal value,3,Thousands,,,,,2,Two,,
DATAFLOW,OECD.ENV.EPI:DSD_AIR_GHG@DF_AIR_GHG(1.0),Air emissions - Greenhouse gas emissions Inventories,I,OECDSO,OECD Asia Oceania,A,Annual,GHG,Greenhouse gases,T_LULU,"Total emissions including land use, land-use change and forestry",T_CO2E,Tonnes of CO2-equivalent,2020,,2337421.75,,A,Normal value,3,Thousands,,,,,2,Two,,
DATAFLOW,OECD.ENV.EPI:DSD_AIR_GHG@DF_AIR_GHG(1.0),Air emissions - Greenhouse gas emissions Inventories,I,OECDSO,OECD Asia Oceania,A,Annual,GHG,Greenhouse gases,T_LULU,"Total emissions including land use, land-use change and forestry",T_CO2E,Tonnes of CO2-equivalent,2021,,2332678.72,,A,Normal value,3,Thousands,,,,,2,Two,,
DATAFLOW,OECD.ENV.EPI:DSD_AIR_GHG@DF_AIR_GHG(1.0),Air emissions - Greenhouse gas emissions Inventories,I,PER,Peru,A,Annual,GHG,Greenhouse gases,T_LULU,"Total emissions including land use, land-use change and forestry",T_CO2E,Tonnes of CO2-equivalent,1994,,98800.84,,A,Normal value,3,Thousands,,,,,2,Two,,
DATAFLOW,OECD.ENV.EPI:DSD_AIR_GHG@DF_AIR_GHG(1.0),Air emissions - Greenhouse gas emissions Inventories,I,PER,Peru,A,Annual,GHG,Greenhouse gases,T_LULU,"Total emissions including land use, land-use change and forestry",T_CO2E,Tonnes of CO2-equivalent,2000,,222413.8,,A,Normal value,3,Thousands,,,,,2,Two,,
DATAFLOW,OECD.ENV.EPI:DSD_AIR_GHG@DF_AIR_GHG(1.0),Air emissions - Greenhouse gas emissions Inventories,I,PER,Peru,A,Annual,GHG,Greenhouse gases,T_LULU,"Total emissions including land use, land-use change and forestry",T_CO2E,Tonnes of CO2-equivalent,2005,,154827.41,,A,Normal value,3,Thousands,,,,,2,Two,,
DATAFLOW,OECD.ENV.EPI:DSD_AIR_GHG@DF_AIR_GHG(1.0),Air emissions - Greenhouse gas emissions Inventories,I,PER,Peru,A,Annual,GHG,Greenhouse gases,T_LULU,"Total emissions including land use, land-use change and forestry",T_CO2E,Tonnes of CO2-equivalent,2008,,188645.96857152,,A,Normal value,3,Thousands,,,,,2,Two,,
DATAFLOW,OECD.ENV.EPI:DSD_AIR_GHG@DF_AIR_GHG(1.0),Air emissions - Greenhouse gas emissions Inventories,I,PER,Peru,A,Annual,GHG,Greenhouse gases,T_LULU,"Total emissions including land use, land-use change and forestry",T_CO2E,Tonnes of CO2-equivalent,2009,,186052.55057189,,A,Normal value,3,Thousands,,,,,2,Two,,
DATAFLOW,OECD.ENV.EPI:DSD_AIR_GHG@DF_AIR_GHG(1.0),Air emissions - Greenhouse gas emissions Inventories,I,PER,Peru,A,Annual,GHG,Greenhouse gases,T_LULU,"Total emissions including land use, land-use change and forestry",T_CO2E,Tonnes of CO2-equivalent,2010,,183400.27157582,,A,Normal value,3,Thousands,,,,,2,Two,,
DATAFLOW,OECD.ENV.EPI:DSD_AIR_GHG@DF_AIR_GHG(1.0),Air emissions - Greenhouse gas emissions Inventories,I,PER,Peru,A,Annual,GHG,Greenhouse gases,T_LULU,"Total emissions including land use, land-use change and forestry",T_CO2E,Tonnes of CO2-equivalent,2011,,186440.66954386,,A,Normal value,3,Thousands,,,,,2,Two,,
DATAFLOW,OECD.ENV.EPI:DSD_AIR_GHG@DF_AIR_GHG(1.0),Air emissions - Greenhouse gas emissions Inventories,I,PER,Peru,A,Annual,GHG,Greenhouse gases,T_LULU,"Total emissions including land use, land-use change and forestry",T_CO2E,Tonnes of CO2-equivalent,2012,,189342.10555081,,A,Normal value,3,Thousands,,,,,2,Two,,
DATAFLOW,OECD.ENV.EPI:DSD_AIR_GHG@DF_AIR_GHG(1.0),Air emissions - Greenhouse gas emissions Inventories,I,PER,Peru,A,Annual,GHG,Greenhouse gases,T_LULU,"Total emissions including land use, land-use change and forestry",T_CO2E,Tonnes of CO2-equivalent,2013,,209040.49331977,,A,Normal value,3,Thousands,,,,,2,Two,,
DATAFLOW,OECD.ENV.EPI:DSD_AIR_GHG@DF_AIR_GHG(1.0),Air emissions - Greenhouse gas emissions Inventories,I,PER,Peru,A,Annual,GHG,Greenhouse gases,T_LULU,"Total emissions including land use, land-use change and forestry",T_CO2E,Tonnes of CO2-equivalent,2014,,188744.56659345,,A,Normal value,3,Thousands,,,,,2,Two,,
DATAFLOW,OECD.ENV.EPI:DSD_AIR_GHG@DF_AIR_GHG(1.0),Air emissions - Greenhouse gas emissions Inventories,I,PER,Peru,A,Annual,GHG,Greenhouse gases,T_LULU,"Total emissions including land use, land-use change and forestry",T_CO2E,Tonnes of CO2-equivalent,2015,,182674.49360793,,A,Normal value,3,Thousands,,,,,2,Two,,
DATAFLOW,OECD.ENV.EPI:DSD_AIR_GHG@DF_AIR_GHG(1.0),Air emissions - Greenhouse gas emissions Inventories,I,PER,Peru,A,Annual,GHG,Greenhouse gases,T_LULU,"Total emissions including land use, land-use change and forestry",T_CO2E,Tonnes of CO2-equivalent,2016,,204252.8038597,,A,Normal value,3,Thousands,,,,,2,Two,,
DATAFLOW,OECD.ENV.EPI:DSD_AIR_GHG@DF_AIR_GHG(1.0),Air emissions - Greenhouse gas emissions Inventories,I,PER,Peru,A,Annual,GHG,Greenhouse gases,T_LULU,"Total emissions including land use, land-use change and forestry",T_CO2E,Tonnes of CO2-equivalent,2017,,181046.84127029,,A,Normal value,3,Thousands,,,,,2,Two,,
DATAFLOW,OECD.ENV.EPI:DSD_AIR_GHG@DF_AIR_GHG(1.0),Air emissions - Greenhouse gas emissions Inventories,I,PER,Peru,A,Annual,GHG,Greenhouse gases,T_LULU,"Total emissions including land use, land-use change and forestry",T_CO2E,Tonnes of CO2-equivalent,2018,,181131.49026839,,A,Normal value,3,Thousands,,,,,2,Two,,
DATAFLOW,OECD.ENV.EPI:DSD_AIR_GHG@DF_AIR_GHG(1.0),Air emissions - Greenhouse gas emissions Inventories,I,PER,Peru,A,Annual,GHG,Greenhouse gases,T_LULU,"Total emissions including land use, land-use change and forestry",T_CO2E,Tonnes of CO2-equivalent,2019,,210404.41892665,,A,Normal value,3,Thousands,,,,,2,Two,,
DATAFLOW,OECD.ENV.EPI:DSD_AIR_GHG@DF_AIR_GHG(1.0),Air emissions - Greenhouse gas emissions Inventories,I,BEL,Belgium,A,Annual,GHG,Greenhouse gases,T_LULU,"Total emissions including land use, land-use change and forestry",T_CO2E,Tonnes of CO2-equivalent,1990,,142908.44,,A,Normal value,3,Thousands,,,,,2,Two,,
DATAFLOW,OECD.ENV.EPI:DSD_AIR_GHG@DF_AIR_GHG(1.0),Air emissions - Greenhouse gas emissions Inventories,I,BEL,Belgium,A,Annual,GHG,Greenhouse gases,T_LULU,"Total emissions including land use, land-use change and forestry",T_CO2E,Tonnes of CO2-equivalent,1991,,146108.99,,A,Normal value,3,Thousands,,,,,2,Two,,
DATAFLOW,OECD.ENV.EPI:DSD_AIR_GHG@DF_AIR_GHG(1.0),Air emissions - Greenhouse gas emissions Inventories,I,BEL,Belgium,A,Annual,GHG,Greenhouse gases,T_LULU,"Total emissions including land use, land-use change and forestry",T_CO2E,Tonnes of CO2-equivalent,1992,,145787.34,,A,Normal value,3,Thousands,,,,,2,Two,,
DATAFLOW,OECD.ENV.EPI:DSD_AIR_GHG@DF_AIR_GHG(1.0),Air emissions - Greenhouse gas emissions Inventories,I,BEL,Belgium,A,Annual,GHG,Greenhouse gases,T_LULU,"Total emissions including land use, land-use change and forestry",T_CO2E,Tonnes of CO2-equivalent,1993,,144589.81,,A,Normal value,3,Thousands,,,,,2,Two,,
DATAFLOW,OECD.ENV.EPI:DSD_AIR_GHG@DF_AIR_GHG(1.0),Air emissions - Greenhouse gas emissions Inventories,I,BEL,Belgium,A,Annual,GHG,Greenhouse gases,T_LULU,"Total emissions including land use, land-use change and forestry",T_CO2E,Tonnes of CO2-equivalent,1994,,149390.27,,A,Normal value,3,Thousands,,,,,2,Two,,
DATAFLOW,OECD.ENV.EPI:DSD_AIR_GHG@DF_AIR_GHG(1.0),Air emissions - Greenhouse gas emissions Inventories,I,BEL,Belgium,A,Annual,GHG,Greenhouse gases,T_LULU,"Total emissions including land use, land-use change and forestry",T_CO2E,Tonnes of CO2-equivalent,1995,,151295.95,,A,Normal value,3,Thousands,,,,,2,Two,,
DATAFLOW,OECD.ENV.EPI:DSD_AIR_GHG@DF_AIR_GHG(1.0),Air emissions - Greenhouse gas emissions Inventories,I,BEL,Belgium,A,Annual,GHG,Greenhouse gases,T_LULU,"Total emissions including land use, land-use change and forestry",T_CO2E,Tonnes of CO2-equivalent,1996,,154747.82,,A,Normal value,3,Thousands,,,,,2,Two,,
DATAFLOW,OECD.ENV.EPI:DSD_AIR_GHG@DF_AIR_GHG(1.0),Air emissions - Greenhouse gas emissions Inventories,I,BEL,Belgium,A,Annual,GHG,Greenhouse gases,T_LULU,"Total emissions including land use, land-use change and forestry",T_CO2E,Tonnes of CO2-equivalent,1997,,146791.75,,A,Normal value,3,Thousands,,,,,2,Two,,
DATAFLOW,OECD.ENV.EPI:DSD_AIR_GHG@DF_AIR_GHG(1.0),Air emissions - Greenhouse gas emissions Inventories,I,BEL,Belgium,A,Annual,GHG,Greenhouse gases,T_LULU,"Total emissions including land use, land-use change and forestry",T_CO2E,Tonnes of CO2-equivalent,1998,,151427.78,,A,Normal value,3,Thousands,,,,,2,Two,,
DATAFLOW,OECD.ENV.EPI:DSD_AIR_GHG@DF_AIR_GHG(1.0),Air emissions - Greenhouse gas emissions Inventories,I,BEL,Belgium,A,Annual,GHG,Greenhouse gases,T_LULU,"Total emissions including land use, land-use change and forestry",T_CO2E,Tonnes of CO2-equivalent,1999,,145625.1,,A,Normal value,3,Thousands,,,,,2,Two,,
DATAFLOW,OECD.ENV.EPI:DSD_AIR_GHG@DF_AIR_GHG(1.0),Air emissions - Greenhouse gas emissions Inventories,I,BEL,Belgium,A,Annual,GHG,Greenhouse gases,T_LULU,"Total emissions including land use, land-use change and forestry",T_CO2E,Tonnes of CO2-equivalent,2000,,147191.15,,A,Normal value,3,Thousands,,,,,2,Two,,
DATAFLOW,OECD.ENV.EPI:DSD_AIR_GHG@DF_AIR_GHG(1.0),Air emissions - Greenhouse gas emissions Inventories,I,BEL,Belgium,A,Annual,GHG,Greenhouse gases,T_LULU,"Total emissions including land use, land-use change and forestry",T_CO2E,Tonnes of CO2-equivalent,2001,,145804.5,,A,Normal value,3,Thousands,,,,,2,Two,,
DATAFLOW,OECD.ENV.EPI:DSD_AIR_GHG@DF_AIR_GHG(1.0),Air emissions - Greenhouse gas emissions Inventories,I,BEL,Belgium,A,Annual,GHG,Greenhouse gases,T_LULU,"Total emissions including land use, land-use change and forestry",T_CO2E,Tonnes of CO2-equivalent,2002,,145307.85,,A,Normal value,3,Thousands,,,,,2,Two,,
DATAFLOW,OECD.ENV.EPI:DSD_AIR_GHG@DF_AIR_GHG(1.0),Air emissions - Greenhouse gas emissions Inventories,I,BEL,Belgium,A,Annual,GHG,Greenhouse gases,T_LULU,"Total emissions including land use, land-use change and forestry",T_CO2E,Tonnes of CO2-equivalent,2003,,145730.32,,A,Normal value,3,Thousands,,,,,2,Two,,
DATAFLOW,OECD.ENV.EPI:DSD_AIR_GHG@DF_AIR_GHG(1.0),Air emissions - Greenhouse gas emissions Inventories,I,BEL,Belgium,A,Annual,GHG,Greenhouse gases,T_LULU,"Total emissions including land use, land-use change and forestry",T_CO2E,Tonnes of CO2-equivalent,2004,,146818.3,,A,Normal value,3,Thousands,,,,,2,Two,,
DATAFLOW,OECD.ENV.EPI:DSD_AIR_GHG@DF_AIR_GHG(1.0),Air emissions - Greenhouse gas emissions Inventories,I,BEL,Belgium,A,Annual,GHG,Greenhouse gases,T_LULU,"Total emissions including land use, land-use change and forestry",T_CO2E,Tonnes of CO2-equivalent,2005,,143653.11,,A,Normal value,3,Thousands,,,,,2,Two,,
DATAFLOW,OECD.ENV.EPI:DSD_AIR_GHG@DF_AIR_GHG(1.0),Air emissions - Greenhouse gas emissions Inventories,I,BEL,Belgium,A,Annual,GHG,Greenhouse gases,T_LULU,"Total emissions including land use, land-use change and forestry",T_CO2E,Tonnes of CO2-equivalent,2006,,140973.91,,A,Normal value,3,Thousands,,,,,2,Two,,
DATAFLOW,OECD.ENV.EPI:DSD_AIR_GHG@DF_AIR_GHG(1.0),Air emissions - Greenhouse gas emissions Inventories,I,BEL,Belgium,A,Annual,GHG,Greenhouse gases,T_LULU,"Total emissions including land use, land-use change and forestry",T_CO2E,Tonnes of CO2-equivalent,2007,,137651.47,,A,Normal value,3,Thousands,,,,,2,Two,,
DATAFLOW,OECD.ENV.EPI:DSD_AIR_GHG@DF_AIR_GHG(1.0),Air emissions - Greenhouse gas emissions Inventories,I,BEL,Belgium,A,Annual,GHG,Greenhouse gases,T_LULU,"Total emissions including land use, land-use change and forestry",T_CO2E,Tonnes of CO2-equivalent,2008,,137665.47,,A,Normal value,3,Thousands,,,,,2,Two,,
DATAFLOW,OECD.ENV.EPI:DSD_AIR_GHG@DF_AIR_GHG(1.0),Air emissions - Greenhouse gas emissions Inventories,I,BEL,Belgium,A,Annual,GHG,Greenhouse gases,T_LULU,"Total emissions including land use, land-use change and forestry",T_CO2E,Tonnes of CO2-equivalent,2009,,125246.46,,A,Normal value,3,Thousands,,,,,2,Two,,
DATAFLOW,OECD.ENV.EPI:DSD_AIR_GHG@DF_AIR_GHG(1.0),Air emissions - Greenhouse gas emissions Inventories,I,BEL,Belgium,A,Annual,GHG,Greenhouse gases,T_LULU,"Total emissions including land use, land-use change and forestry",T_CO2E,Tonnes of CO2-equivalent,2010,,133282.06,,A,Normal value,3,Thousands,,,,,2,Two,,
DATAFLOW,OECD.ENV.EPI:DSD_AIR_GHG@DF_AIR_GHG(1.0),Air emissions - Greenhouse gas emissions Inventories,I,BEL,Belgium,A,Annual,GHG,Greenhouse gases,T_LULU,"Total emissions including land use, land-use change and forestry",T_CO2E,Tonnes of CO2-equivalent,2011,,122901.64,,A,Normal value,3,Thousands,,,,,2,Two,,
DATAFLOW,OECD.ENV.EPI:DSD_AIR_GHG@DF_AIR_GHG(1.0),Air emissions - Greenhouse gas emissions Inventories,I,BEL,Belgium,A,Annual,GHG,Greenhouse gases,T_LULU,"Total emissions including land use, land-use change and forestry",T_CO2E,Tonnes of CO2-equivalent,2012,,120167.36,,A,Normal value,3,Thousands,,,,,2,Two,,
DATAFLOW,OECD.ENV.EPI:DSD_AIR_GHG@DF_AIR_GHG(1.0),Air emissions - Greenhouse gas emissions Inventories,I,BEL,Belgium,A,Annual,GHG,Greenhouse gases,T_LULU,"Total emissions including land use, land-use change and forestry",T_CO2E,Tonnes of CO2-equivalent,2013,,119599.79,,A,Normal value,3,Thousands,,,,,2,Two,,
DATAFLOW,OECD.ENV.EPI:DSD_AIR_GHG@DF_AIR_GHG(1.0),Air emissions - Greenhouse gas emissions Inventories,I,BEL,Belgium,A,Annual,GHG,Greenhouse gases,T_LULU,"Total emissions including land use, land-use change and forestry",T_CO2E,Tonnes of CO2-equivalent,2014,,113971.73,,A,Normal value,3,Thousands,,,,,2,Two,,
DATAFLOW,OECD.ENV.EPI:DSD_AIR_GHG@DF_AIR_GHG(1.0),Air emissions - Greenhouse gas emissions Inventories,I,BEL,Belgium,A,Annual,GHG,Greenhouse gases,T_LULU,"Total emissions including land use, land-use change and forestry",T_CO2E,Tonnes of CO2-equivalent,2015,,118134.15,,A,Normal value,3,Thousands,,,,,2,Two,,
DATAFLOW,OECD.ENV.EPI:DSD_AIR_GHG@DF_AIR_GHG(1.0),Air emissions - Greenhouse gas emissions Inventories,I,BEL,Belgium,A,Annual,GHG,Greenhouse gases,T_LULU,"Total emissions including land use, land-use change and forestry",T_CO2E,Tonnes of CO2-equivalent,2016,,116651.14,,A,Normal value,3,Thousands,,,,,2,Two,,
DATAFLOW,OECD.ENV.EPI:DSD_AIR_GHG@DF_AIR_GHG(1.0),Air emissions - Greenhouse gas emissions Inventories,I,BEL,Belgium,A,Annual,GHG,Greenhouse gases,T_LULU,"Total emissions including land use, land-use change and forestry",T_CO2E,Tonnes of CO2-equivalent,2017,,116263.92,,A,Normal value,3,Thousands,,,,,2,Two,,
DATAFLOW,OECD.ENV.EPI:DSD_AIR_GHG@DF_AIR_GHG(1.0),Air emissions - Greenhouse gas emissions Inventories,I,BEL,Belgium,A,Annual,GHG,Greenhouse gases,T_LULU,"Total emissions including land use, land-use change and forestry",T_CO2E,Tonnes of CO2-equivalent,2018,,116976.66,,A,Normal value,3,Thousands,,,,,2,Two,,
DATAFLOW,OECD.ENV.EPI:DSD_AIR_GHG@DF_AIR_GHG(1.0),Air emissions - Greenhouse gas emissions Inventories,I,BEL,Belgium,A,Annual,GHG,Greenhouse gases,T_LULU,"Total emissions including land use, land-use change and forestry",T_CO2E,Tonnes of CO2-equivalent,2019,,115983.24,,A,Normal value,3,Thousands,,,,,2,Two,,
DATAFLOW,OECD.ENV.EPI:DSD_AIR_GHG@DF_AIR_GHG(1.0),Air emissions - Greenhouse gas emissions Inventories,I,BEL,Belgium,A,Annual,GHG,Greenhouse gases,T_LULU,"Total emissions including land use, land-use change and forestry",T_CO2E,Tonnes of CO2-equivalent,2020,,106937.75,,A,Normal value,3,Thousands,,,,,2,Two,,
DATAFLOW,OECD.ENV.EPI:DSD_AIR_GHG@DF_AIR_GHG(1.0),Air emissions - Greenhouse gas emissions Inventories,I,BEL,Belgium,A,Annual,GHG,Greenhouse gases,T_LULU,"Total emissions including land use, land-use change and forestry",T_CO2E,Tonnes of CO2-equivalent,2021,,110627.36,,A,Normal value,3,Thousands,,,,,2,Two,,
DATAFLOW,OECD.ENV.EPI:DSD_AIR_GHG@DF_AIR_GHG(1.0),Air emissions - Greenhouse gas emissions Inventories,I,EST,Estonia,A,Annual,GHG,Greenhouse gases,T_LULU,"Total emissions including land use, land-use change and forestry",T_CO2E,Tonnes of CO2-equivalent,1990,,36580.89,,A,Normal value,3,Thousands,,,,,2,Two,,
DATAFLOW,OECD.ENV.EPI:DSD_AIR_GHG@DF_AIR_GHG(1.0),Air emissions - Greenhouse gas emissions Inventories,I,EST,Estonia,A,Annual,GHG,Greenhouse gases,T_LULU,"Total emissions including land use, land-use change and forestry",T_CO2E,Tonnes of CO2-equivalent,1991,,33834.26,,A,Normal value,3,Thousands,,,,,2,Two,,
DATAFLOW,OECD.ENV.EPI:DSD_AIR_GHG@DF_AIR_GHG(1.0),Air emissions - Greenhouse gas emissions Inventories,I,EST,Estonia,A,Annual,GHG,Greenhouse gases,T_LULU,"Total emissions including land use, land-use change and forestry",T_CO2E,Tonnes of CO2-equivalent,1992,,24652.56,,A,Normal value,3,Thousands,,,,,2,Two,,
DATAFLOW,OECD.ENV.EPI:DSD_AIR_GHG@DF_AIR_GHG(1.0),Air emissions - Greenhouse gas emissions Inventories,I,EST,Estonia,A,Annual,GHG,Greenhouse gases,T_LULU,"Total emissions including land use, land-use change and forestry",T_CO2E,Tonnes of CO2-equivalent,1993,,18038.77,,A,Normal value,3,Thousands,,,,,2,Two,,
DATAFLOW,OECD.ENV.EPI:DSD_AIR_GHG@DF_AIR_GHG(1.0),Air emissions - Greenhouse gas emissions Inventories,I,EST,Estonia,A,Annual,GHG,Greenhouse gases,T_LULU,"Total emissions including land use, land-use change and forestry",T_CO2E,Tonnes of CO2-equivalent,1994,,19092.65,,A,Normal value,3,Thousands,,,,,2,Two,,
DATAFLOW,OECD.ENV.EPI:DSD_AIR_GHG@DF_AIR_GHG(1.0),Air emissions - Greenhouse gas emissions Inventories,I,EST,Estonia,A,Annual,GHG,Greenhouse gases,T_LULU,"Total emissions including land use, land-use change and forestry",T_CO2E,Tonnes of CO2-equivalent,1995,,16718.72,,A,Normal value,3,Thousands,,,,,2,Two,,
DATAFLOW,OECD.ENV.EPI:DSD_AIR_GHG@DF_AIR_GHG(1.0),Air emissions - Greenhouse gas emissions Inventories,I,EST,Estonia,A,Annual,GHG,Greenhouse gases,T_LULU,"Total emissions including land use, land-use change and forestry",T_CO2E,Tonnes of CO2-equivalent,1996,,17302.05,,A,Normal value,3,Thousands,,,,,2,Two,,
DATAFLOW,OECD.ENV.EPI:DSD_AIR_GHG@DF_AIR_GHG(1.0),Air emissions - Greenhouse gas emissions Inventories,I,EST,Estonia,A,Annual,GHG,Greenhouse gases,T_LULU,"Total emissions including land use, land-use change and forestry",T_CO2E,Tonnes of CO2-equivalent,1997,,16890.08,,A,Normal value,3,Thousands,,,,,2,Two,,
DATAFLOW,OECD.ENV.EPI:DSD_AIR_GHG@DF_AIR_GHG(1.0),Air emissions - Greenhouse gas emissions Inventories,I,EST,Estonia,A,Annual,GHG,Greenhouse gases,T_LULU,"Total emissions including land use, land-use change and forestry",T_CO2E,Tonnes of CO2-equivalent,1998,,14656,,A,Normal value,3,Thousands,,,,,2,Two,,
DATAFLOW,OECD.ENV.EPI:DSD_AIR_GHG@DF_AIR_GHG(1.0),Air emissions - Greenhouse gas emissions Inventories,I,EST,Estonia,A,Annual,GHG,Greenhouse gases,T_LULU,"Total emissions including land use, land-use change and forestry",T_CO2E,Tonnes of CO2-equivalent,1999,,13933.5,,A,Normal value,3,Thousands,,,,,2,Two,,
DATAFLOW,OECD.ENV.EPI:DSD_AIR_GHG@DF_AIR_GHG(1.0),Air emissions - Greenhouse gas emissions Inventories,I,EST,Estonia,A,Annual,GHG,Greenhouse gases,T_LULU,"Total emissions including land use, land-use change and forestry",T_CO2E,Tonnes of CO2-equivalent,2000,,12774.8,,A,Normal value,3,Thousands,,,,,2,Two,,
DATAFLOW,OECD.ENV.EPI:DSD_AIR_GHG@DF_AIR_GHG(1.0),Air emissions - Greenhouse gas emissions Inventories,I,EST,Estonia,A,Annual,GHG,Greenhouse gases,T_LULU,"Total emissions including land use, land-use change and forestry",T_CO2E,Tonnes of CO2-equivalent,2001,,12969.22,,A,Normal value,3,Thousands,,,,,2,Two,,
DATAFLOW,OECD.ENV.EPI:DSD_AIR_GHG@DF_AIR_GHG(1.0),Air emissions - Greenhouse gas emissions Inventories,I,EST,Estonia,A,Annual,GHG,Greenhouse gases,T_LULU,"Total emissions including land use, land-use change and forestry",T_CO2E,Tonnes of CO2-equivalent,2002,,12703.99,,A,Normal value,3,Thousands,,,,,2,Two,,
DATAFLOW,OECD.ENV.EPI:DSD_AIR_GHG@DF_AIR_GHG(1.0),Air emissions - Greenhouse gas emissions Inventories,I,EST,Estonia,A,Annual,GHG,Greenhouse gases,T_LULU,"Total emissions including land use, land-use change and forestry",T_CO2E,Tonnes of CO2-equivalent,2003,,14969.93,,A,Normal value,3,Thousands,,,,,2,Two,,
DATAFLOW,OECD.ENV.EPI:DSD_AIR_GHG@DF_AIR_GHG(1.0),Air emissions - Greenhouse gas emissions Inventories,I,EST,Estonia,A,Annual,GHG,Greenhouse gases,T_LULU,"Total emissions including land use, land-use change and forestry",T_CO2E,Tonnes of CO2-equivalent,2004,,14634.35,,A,Normal value,3,Thousands,,,,,2,Two,,
DATAFLOW,OECD.ENV.EPI:DSD_AIR_GHG@DF_AIR_GHG(1.0),Air emissions - Greenhouse gas emissions Inventories,I,EST,Estonia,A,Annual,GHG,Greenhouse gases,T_LULU,"Total emissions including land use, land-use change and forestry",T_CO2E,Tonnes of CO2-equivalent,2005,,16386.82,,A,Normal value,3,Thousands,,,,,2,Two,,
DATAFLOW,OECD.ENV.EPI:DSD_AIR_GHG@DF_AIR_GHG(1.0),Air emissions - Greenhouse gas emissions Inventories,I,EST,Estonia,A,Annual,GHG,Greenhouse gases,T_LULU,"Total emissions including land use, land-use change and forestry",T_CO2E,Tonnes of CO2-equivalent,2006,,14156.9,,A,Normal value,3,Thousands,,,,,2,Two,,
DATAFLOW,OECD.ENV.EPI:DSD_AIR_GHG@DF_AIR_GHG(1.0),Air emissions - Greenhouse gas emissions Inventories,I,EST,Estonia,A,Annual,GHG,Greenhouse gases,T_LULU,"Total emissions including land use, land-use change and forestry",T_CO2E,Tonnes of CO2-equivalent,2007,,18151.43,,A,Normal value,3,Thousands,,,,,2,Two,,
DATAFLOW,OECD.ENV.EPI:DSD_AIR_GHG@DF_AIR_GHG(1.0),Air emissions - Greenhouse gas emissions Inventories,I,EST,Estonia,A,Annual,GHG,Greenhouse gases,T_LULU,"Total emissions including land use, land-use change and forestry",T_CO2E,Tonnes of CO2-equivalent,2008,,14781.52,,A,Normal value,3,Thousands,,,,,2,Two,,
DATAFLOW,OECD.ENV.EPI:DSD_AIR_GHG@DF_AIR_GHG(1.0),Air emissions - Greenhouse gas emissions Inventories,I,EST,Estonia,A,Annual,GHG,Greenhouse gases,T_LULU,"Total emissions including land use, land-use change and forestry",T_CO2E,Tonnes of CO2-equivalent,2009,,11707.8,,A,Normal value,3,Thousands,,,,,2,Two,,
DATAFLOW,OECD.ENV.EPI:DSD_AIR_GHG@DF_AIR_GHG(1.0),Air emissions - Greenhouse gas emissions Inventories,I,EST,Estonia,A,Annual,GHG,Greenhouse gases,T_LULU,"Total emissions including land use, land-use change and forestry",T_CO2E,Tonnes of CO2-equivalent,2010,,15628.93,,A,Normal value,3,Thousands,,,,,2,Two,,
DATAFLOW,OECD.ENV.EPI:DSD_AIR_GHG@DF_AIR_GHG(1.0),Air emissions - Greenhouse gas emissions Inventories,I,EST,Estonia,A,Annual,GHG,Greenhouse gases,T_LULU,"Total emissions including land use, land-use change and forestry",T_CO2E,Tonnes of CO2-equivalent,2011,,15879.54,,A,Normal value,3,Thousands,,,,,2,Two,,
DATAFLOW,OECD.ENV.EPI:DSD_AIR_GHG@DF_AIR_GHG(1.0),Air emissions - Greenhouse gas emissions Inventories,I,EST,Estonia,A,Annual,GHG,Greenhouse gases,T_LULU,"Total emissions including land use, land-use change and forestry",T_CO2E,Tonnes of CO2-equivalent,2012,,16403.89,,A,Normal value,3,Thousands,,,,,2,Two,,
DATAFLOW,OECD.ENV.EPI:DSD_AIR_GHG@DF_AIR_GHG(1.0),Air emissions - Greenhouse gas emissions Inventories,I,EST,Estonia,A,Annual,GHG,Greenhouse gases,T_LULU,"Total emissions including land use, land-use change and forestry",T_CO2E,Tonnes of CO2-equivalent,2013,,19163.3,,A,Normal value,3,Thousands,,,,,2,Two,,
DATAFLOW,OECD.ENV.EPI:DSD_AIR_GHG@DF_AIR_GHG(1.0),Air emissions - Greenhouse gas emissions Inventories,I,EST,Estonia,A,Annual,GHG,Greenhouse gases,T_LULU,"Total emissions including land use, land-use change and forestry",T_CO2E,Tonnes of CO2-equivalent,2014,,20780.63,,A,Normal value,3,Thousands,,,,,2,Two,,
DATAFLOW,OECD.ENV.EPI:DSD_AIR_GHG@DF_AIR_GHG(1.0),Air emissions - Greenhouse gas emissions Inventories,I,EST,Estonia,A,Annual,GHG,Greenhouse gases,T_LULU,"Total emissions including land use, land-use change and forestry",T_CO2E,Tonnes of CO2-equivalent,2015,,17188.67,,A,Normal value,3,Thousands,,,,,2,Two,,
DATAFLOW,OECD.ENV.EPI:DSD_AIR_GHG@DF_AIR_GHG(1.0),Air emissions - Greenhouse gas emissions Inventories,I,EST,Estonia,A,Annual,GHG,Greenhouse gases,T_LULU,"Total emissions including land use, land-use change and forestry",T_CO2E,Tonnes of CO2-equivalent,2016,,19452.75,,A,Normal value,3,Thousands,,,,,2,Two,,
DATAFLOW,OECD.ENV.EPI:DSD_AIR_GHG@DF_AIR_GHG(1.0),Air emissions - Greenhouse gas emissions Inventories,I,EST,Estonia,A,Annual,GHG,Greenhouse gases,T_LULU,"Total emissions including land use, land-use change and forestry",T_CO2E,Tonnes of CO2-equivalent,2017,,21165.77,,A,Normal value,3,Thousands,,,,,2,Two,,
DATAFLOW,OECD.ENV.EPI:DSD_AIR_GHG@DF_AIR_GHG(1.0),Air emissions - Greenhouse gas emissions Inventories,I,EST,Estonia,A,Annual,GHG,Greenhouse gases,T_LULU,"Total emissions including land use, land-use change and forestry",T_CO2E,Tonnes of CO2-equivalent,2018,,22287.35,,A,Normal value,3,Thousands,,,,,2,Two,,
DATAFLOW,OECD.ENV.EPI:DSD_AIR_GHG@DF_AIR_GHG(1.0),Air emissions - Greenhouse gas emissions Inventories,I,EST,Estonia,A,Annual,GHG,Greenhouse gases,T_LULU,"Total emissions including land use, land-use change and forestry",T_CO2E,Tonnes of CO2-equivalent,2019,,15687.34,,A,Normal value,3,Thousands,,,,,2,Two,,
DATAFLOW,OECD.ENV.EPI:DSD_AIR_GHG@DF_AIR_GHG(1.0),Air emissions - Greenhouse gas emissions Inventories,I,EST,Estonia,A,Annual,GHG,Greenhouse gases,T_LULU,"Total emissions including land use, land-use change and forestry",T_CO2E,Tonnes of CO2-equivalent,2020,,13916.15,,A,Normal value,3,Thousands,,,,,2,Two,,
DATAFLOW,OECD.ENV.EPI:DSD_AIR_GHG@DF_AIR_GHG(1.0),Air emissions - Greenhouse gas emissions Inventories,I,EST,Estonia,A,Annual,GHG,Greenhouse gases,T_LULU,"Total emissions including land use, land-use change and forestry",T_CO2E,Tonnes of CO2-equivalent,2021,,15497.75,,A,Normal value,3,Thousands,,,,,2,Two,,
DATAFLOW,OECD.ENV.EPI:DSD_AIR_GHG@DF_AIR_GHG(1.0),Air emissions - Greenhouse gas emissions Inventories,I,IRL,Ireland,A,Annual,GHG,Greenhouse gases,T_LULU,"Total emissions including land use, land-use change and forestry",T_CO2E,Tonnes of CO2-equivalent,1990,,61652.28,,A,Normal value,3,Thousands,,,,,2,Two,,
DATAFLOW,OECD.ENV.EPI:DSD_AIR_GHG@DF_AIR_GHG(1.0),Air emissions - Greenhouse gas emissions Inventories,I,IRL,Ireland,A,Annual,GHG,Greenhouse gases,T_LULU,"Total emissions including land use, land-use change and forestry",T_CO2E,Tonnes of CO2-equivalent,1991,,62367.35,,A,Normal value,3,Thousands,,,,,2,Two,,
DATAFLOW,OECD.ENV.EPI:DSD_AIR_GHG@DF_AIR_GHG(1.0),Air emissions - Greenhouse gas emissions Inventories,I,IRL,Ireland,A,Annual,GHG,Greenhouse gases,T_LULU,"Total emissions including land use, land-use change and forestry",T_CO2E,Tonnes of CO2-equivalent,1992,,62158.03,,A,Normal value,3,Thousands,,,,,2,Two,,
DATAFLOW,OECD.ENV.EPI:DSD_AIR_GHG@DF_AIR_GHG(1.0),Air emissions - Greenhouse gas emissions Inventories,I,IRL,Ireland,A,Annual,GHG,Greenhouse gases,T_LULU,"Total emissions including land use, land-use change and forestry",T_CO2E,Tonnes of CO2-equivalent,1993,,62858.7,,A,Normal value,3,Thousands,,,,,2,Two,,
DATAFLOW,OECD.ENV.EPI:DSD_AIR_GHG@DF_AIR_GHG(1.0),Air emissions - Greenhouse gas emissions Inventories,I,IRL,Ireland,A,Annual,GHG,Greenhouse gases,T_LULU,"Total emissions including land use, land-use change and forestry",T_CO2E,Tonnes of CO2-equivalent,1994,,64332.37,,A,Normal value,3,Thousands,,,,,2,Two,,
DATAFLOW,OECD.ENV.EPI:DSD_AIR_GHG@DF_AIR_GHG(1.0),Air emissions - Greenhouse gas emissions Inventories,I,IRL,Ireland,A,Annual,GHG,Greenhouse gases,T_LULU,"Total emissions including land use, land-use change and forestry",T_CO2E,Tonnes of CO2-equivalent,1995,,66782.83,,A,Normal value,3,Thousands,,,,,2,Two,,
DATAFLOW,OECD.ENV.EPI:DSD_AIR_GHG@DF_AIR_GHG(1.0),Air emissions - Greenhouse gas emissions Inventories,I,IRL,Ireland,A,Annual,GHG,Greenhouse gases,T_LULU,"Total emissions including land use, land-use change and forestry",T_CO2E,Tonnes of CO2-equivalent,1996,,68600.94,,A,Normal value,3,Thousands,,,,,2,Two,,
DATAFLOW,OECD.ENV.EPI:DSD_AIR_GHG@DF_AIR_GHG(1.0),Air emissions - Greenhouse gas emissions Inventories,I,IRL,Ireland,A,Annual,GHG,Greenhouse gases,T_LULU,"Total emissions including land use, land-use change and forestry",T_CO2E,Tonnes of CO2-equivalent,1997,,69505.54,,A,Normal value,3,Thousands,,,,,2,Two,,
DATAFLOW,OECD.ENV.EPI:DSD_AIR_GHG@DF_AIR_GHG(1.0),Air emissions - Greenhouse gas emissions Inventories,I,IRL,Ireland,A,Annual,GHG,Greenhouse gases,T_LULU,"Total emissions including land use, land-use change and forestry",T_CO2E,Tonnes of CO2-equivalent,1998,,71924.93,,A,Normal value,3,Thousands,,,,,2,Two,,
DATAFLOW,OECD.ENV.EPI:DSD_AIR_GHG@DF_AIR_GHG(1.0),Air emissions - Greenhouse gas emissions Inventories,I,IRL,Ireland,A,Annual,GHG,Greenhouse gases,T_LULU,"Total emissions including land use, land-use change and forestry",T_CO2E,Tonnes of CO2-equivalent,1999,,73247.44,,A,Normal value,3,Thousands,,,,,2,Two,,
DATAFLOW,OECD.ENV.EPI:DSD_AIR_GHG@DF_AIR_GHG(1.0),Air emissions - Greenhouse gas emissions Inventories,I,IRL,Ireland,A,Annual,GHG,Greenhouse gases,T_LULU,"Total emissions including land use, land-use change and forestry",T_CO2E,Tonnes of CO2-equivalent,2000,,77038.02,,A,Normal value,3,Thousands,,,,,2,Two,,
DATAFLOW,OECD.ENV.EPI:DSD_AIR_GHG@DF_AIR_GHG(1.0),Air emissions - Greenhouse gas emissions Inventories,I,IRL,Ireland,A,Annual,GHG,Greenhouse gases,T_LULU,"Total emissions including land use, land-use change and forestry",T_CO2E,Tonnes of CO2-equivalent,2001,,80232.3,,A,Normal value,3,Thousands,,,,,2,Two,,
DATAFLOW,OECD.ENV.EPI:DSD_AIR_GHG@DF_AIR_GHG(1.0),Air emissions - Greenhouse gas emissions Inventories,I,IRL,Ireland,A,Annual,GHG,Greenhouse gases,T_LULU,"Total emissions including land use, land-use change and forestry",T_CO2E,Tonnes of CO2-equivalent,2002,,78275.29,,A,Normal value,3,Thousands,,,,,2,Two,,
DATAFLOW,OECD.ENV.EPI:DSD_AIR_GHG@DF_AIR_GHG(1.0),Air emissions - Greenhouse gas emissions Inventories,I,IRL,Ireland,A,Annual,GHG,Greenhouse gases,T_LULU,"Total emissions including land use, land-use change and forestry",T_CO2E,Tonnes of CO2-equivalent,2003,,79242.35,,A,Normal value,3,Thousands,,,,,2,Two,,
DATAFLOW,OECD.ENV.EPI:DSD_AIR_GHG@DF_AIR_GHG(1.0),Air emissions - Greenhouse gas emissions Inventories,I,IRL,Ireland,A,Annual,GHG,Greenhouse gases,T_LULU,"Total emissions including land use, land-use change and forestry",T_CO2E,Tonnes of CO2-equivalent,2004,,76961.43,,A,Normal value,3,Thousands,,,,,2,Two,,
DATAFLOW,OECD.ENV.EPI:DSD_AIR_GHG@DF_AIR_GHG(1.0),Air emissions - Greenhouse gas emissions Inventories,I,IRL,Ireland,A,Annual,GHG,Greenhouse gases,T_LULU,"Total emissions including land use, land-use change and forestry",T_CO2E,Tonnes of CO2-equivalent,2005,,79222.49,,A,Normal value,3,Thousands,,,,,2,Two,,
DATAFLOW,OECD.ENV.EPI:DSD_AIR_GHG@DF_AIR_GHG(1.0),Air emissions - Greenhouse gas emissions Inventories,I,IRL,Ireland,A,Annual,GHG,Greenhouse gases,T_LULU,"Total emissions including land use, land-use change and forestry",T_CO2E,Tonnes of CO2-equivalent,2006,,78634.34,,A,Normal value,3,Thousands,,,,,2,Two,,
DATAFLOW,OECD.ENV.EPI:DSD_AIR_GHG@DF_AIR_GHG(1.0),Air emissions - Greenhouse gas emissions Inventories,I,IRL,Ireland,A,Annual,GHG,Greenhouse gases,T_LULU,"Total emissions including land use, land-use change and forestry",T_CO2E,Tonnes of CO2-equivalent,2007,,76434.29,,A,Normal value,3,Thousands,,,,,2,Two,,
DATAFLOW,OECD.ENV.EPI:DSD_AIR_GHG@DF_AIR_GHG(1.0),Air emissions - Greenhouse gas emissions Inventories,I,IRL,Ireland,A,Annual,GHG,Greenhouse gases,T_LULU,"Total emissions including land use, land-use change and forestry",T_CO2E,Tonnes of CO2-equivalent,2008,,75441.55,,A,Normal value,3,Thousands,,,,,2,Two,,
DATAFLOW,OECD.ENV.EPI:DSD_AIR_GHG@DF_AIR_GHG(1.0),Air emissions - Greenhouse gas emissions Inventories,I,IRL,Ireland,A,Annual,GHG,Greenhouse gases,T_LULU,"Total emissions including land use, land-use change and forestry",T_CO2E,Tonnes of CO2-equivalent,2009,,69085.02,,A,Normal value,3,Thousands,,,,,2,Two,,
DATAFLOW,OECD.ENV.EPI:DSD_AIR_GHG@DF_AIR_GHG(1.0),Air emissions - Greenhouse gas emissions Inventories,I,IRL,Ireland,A,Annual,GHG,Greenhouse gases,T_LULU,"Total emissions including land use, land-use change and forestry",T_CO2E,Tonnes of CO2-equivalent,2010,,70087.95,,A,Normal value,3,Thousands,,,,,2,Two,,
DATAFLOW,OECD.ENV.EPI:DSD_AIR_GHG@DF_AIR_GHG(1.0),Air emissions - Greenhouse gas emissions Inventories,I,IRL,Ireland,A,Annual,GHG,Greenhouse gases,T_LULU,"Total emissions including land use, land-use change and forestry",T_CO2E,Tonnes of CO2-equivalent,2011,,65029.05,,A,Normal value,3,Thousands,,,,,2,Two,,
DATAFLOW,OECD.ENV.EPI:DSD_AIR_GHG@DF_AIR_GHG(1.0),Air emissions - Greenhouse gas emissions Inventories,I,IRL,Ireland,A,Annual,GHG,Greenhouse gases,T_LULU,"Total emissions including land use, land-use change and forestry",T_CO2E,Tonnes of CO2-equivalent,2012,,65426.14,,A,Normal value,3,Thousands,,,,,2,Two,,
DATAFLOW,OECD.ENV.EPI:DSD_AIR_GHG@DF_AIR_GHG(1.0),Air emissions - Greenhouse gas emissions Inventories,I,IRL,Ireland,A,Annual,GHG,Greenhouse gases,T_LULU,"Total emissions including land use, land-use change and forestry",T_CO2E,Tonnes of CO2-equivalent,2013,,66001.27,,A,Normal value,3,Thousands,,,,,2,Two,,
DATAFLOW,OECD.ENV.EPI:DSD_AIR_GHG@DF_AIR_GHG(1.0),Air emissions - Greenhouse gas emissions Inventories,I,IRL,Ireland,A,Annual,GHG,Greenhouse gases,T_LULU,"Total emissions including land use, land-use change and forestry",T_CO2E,Tonnes of CO2-equivalent,2014,,65047.68,,A,Normal value,3,Thousands,,,,,2,Two,,
DATAFLOW,OECD.ENV.EPI:DSD_AIR_GHG@DF_AIR_GHG(1.0),Air emissions - Greenhouse gas emissions Inventories,I,IRL,Ireland,A,Annual,GHG,Greenhouse gases,T_LULU,"Total emissions including land use, land-use change and forestry",T_CO2E,Tonnes of CO2-equivalent,2015,,67983.44,,A,Normal value,3,Thousands,,,,,2,Two,,
DATAFLOW,OECD.ENV.EPI:DSD_AIR_GHG@DF_AIR_GHG(1.0),Air emissions - Greenhouse gas emissions Inventories,I,IRL,Ireland,A,Annual,GHG,Greenhouse gases,T_LULU,"Total emissions including land use, land-use change and forestry",T_CO2E,Tonnes of CO2-equivalent,2016,,69041.82,,A,Normal value,3,Thousands,,,,,2,Two,,
DATAFLOW,OECD.ENV.EPI:DSD_AIR_GHG@DF_AIR_GHG(1.0),Air emissions - Greenhouse gas emissions Inventories,I,IRL,Ireland,A,Annual,GHG,Greenhouse gases,T_LULU,"Total emissions including land use, land-use change and forestry",T_CO2E,Tonnes of CO2-equivalent,2017,,70863.39,,A,Normal value,3,Thousands,,,,,2,Two,,
DATAFLOW,OECD.ENV.EPI:DSD_AIR_GHG@DF_AIR_GHG(1.0),Air emissions - Greenhouse gas emissions Inventories,I,IRL,Ireland,A,Annual,GHG,Greenhouse gases,T_LULU,"Total emissions including land use, land-use change and forestry",T_CO2E,Tonnes of CO2-equivalent,2018,,69998.09,,A,Normal value,3,Thousands,,,,,2,Two,,
DATAFLOW,OECD.ENV.EPI:DSD_AIR_GHG@DF_AIR_GHG(1.0),Air emissions - Greenhouse gas emissions Inventories,I,IRL,Ireland,A,Annual,GHG,Greenhouse gases,T_LULU,"Total emissions including land use, land-use change and forestry",T_CO2E,Tonnes of CO2-equivalent,2019,,67822.11,,A,Normal value,3,Thousands,,,,,2,Two,,
DATAFLOW,OECD.ENV.EPI:DSD_AIR_GHG@DF_AIR_GHG(1.0),Air emissions - Greenhouse gas emissions Inventories,I,IRL,Ireland,A,Annual,GHG,Greenhouse gases,T_LULU,"Total emissions including land use, land-use change and forestry",T_CO2E,Tonnes of CO2-equivalent,2020,,66098.75,,A,Normal value,3,Thousands,,,,,2,Two,,
DATAFLOW,OECD.ENV.EPI:DSD_AIR_GHG@DF_AIR_GHG(1.0),Air emissions - Greenhouse gas emissions Inventories,I,IRL,Ireland,A,Annual,GHG,Greenhouse gases,T_LULU,"Total emissions including land use, land-use change and forestry",T_CO2E,Tonnes of CO2-equivalent,2021,,69448.12,,A,Normal value,3,Thousands,,,,,2,Two,,
DATAFLOW,OECD.ENV.EPI:DSD_AIR_GHG@DF_AIR_GHG(1.0),Air emissions - Greenhouse gas emissions Inventories,I,LUX,Luxembourg,A,Annual,GHG,Greenhouse gases,T_LULU,"Total emissions including land use, land-use change and forestry",T_CO2E,Tonnes of CO2-equivalent,1990,,12731.4,,A,Normal value,3,Thousands,,,,,2,Two,,
DATAFLOW,OECD.ENV.EPI:DSD_AIR_GHG@DF_AIR_GHG(1.0),Air emissions - Greenhouse gas emissions Inventories,I,LUX,Luxembourg,A,Annual,GHG,Greenhouse gases,T_LULU,"Total emissions including land use, land-use change and forestry",T_CO2E,Tonnes of CO2-equivalent,1991,,13294.37,,A,Normal value,3,Thousands,,,,,2,Two,,
DATAFLOW,OECD.ENV.EPI:DSD_AIR_GHG@DF_AIR_GHG(1.0),Air emissions - Greenhouse gas emissions Inventories,I,LUX,Luxembourg,A,Annual,GHG,Greenhouse gases,T_LULU,"Total emissions including land use, land-use change and forestry",T_CO2E,Tonnes of CO2-equivalent,1992,,12653.77,,A,Normal value,3,Thousands,,,,,2,Two,,
DATAFLOW,OECD.ENV.EPI:DSD_AIR_GHG@DF_AIR_GHG(1.0),Air emissions - Greenhouse gas emissions Inventories,I,LUX,Luxembourg,A,Annual,GHG,Greenhouse gases,T_LULU,"Total emissions including land use, land-use change and forestry",T_CO2E,Tonnes of CO2-equivalent,1993,,12690.13,,A,Normal value,3,Thousands,,,,,2,Two,,
DATAFLOW,OECD.ENV.EPI:DSD_AIR_GHG@DF_AIR_GHG(1.0),Air emissions - Greenhouse gas emissions Inventories,I,LUX,Luxembourg,A,Annual,GHG,Greenhouse gases,T_LULU,"Total emissions including land use, land-use change and forestry",T_CO2E,Tonnes of CO2-equivalent,1994,,12004.2,,A,Normal value,3,Thousands,,,,,2,Two,,
DATAFLOW,OECD.ENV.EPI:DSD_AIR_GHG@DF_AIR_GHG(1.0),Air emissions - Greenhouse gas emissions Inventories,I,LUX,Luxembourg,A,Annual,GHG,Greenhouse gases,T_LULU,"Total emissions including land use, land-use change and forestry",T_CO2E,Tonnes of CO2-equivalent,1995,,9555.88,,A,Normal value,3,Thousands,,,,,2,Two,,
DATAFLOW,OECD.ENV.EPI:DSD_AIR_GHG@DF_AIR_GHG(1.0),Air emissions - Greenhouse gas emissions Inventories,I,LUX,Luxembourg,A,Annual,GHG,Greenhouse gases,T_LULU,"Total emissions including land use, land-use change and forestry",T_CO2E,Tonnes of CO2-equivalent,1996,,9583.1,,A,Normal value,3,Thousands,,,,,2,Two,,
DATAFLOW,OECD.ENV.EPI:DSD_AIR_GHG@DF_AIR_GHG(1.0),Air emissions - Greenhouse gas emissions Inventories,I,LUX,Luxembourg,A,Annual,GHG,Greenhouse gases,T_LULU,"Total emissions including land use, land-use change and forestry",T_CO2E,Tonnes of CO2-equivalent,1997,,8850.4,,A,Normal value,3,Thousands,,,,,2,Two,,
DATAFLOW,OECD.ENV.EPI:DSD_AIR_GHG@DF_AIR_GHG(1.0),Air emissions - Greenhouse gas emissions Inventories,I,LUX,Luxembourg,A,Annual,GHG,Greenhouse gases,T_LULU,"Total emissions including land use, land-use change and forestry",T_CO2E,Tonnes of CO2-equivalent,1998,,8052.45,,A,Normal value,3,Thousands,,,,,2,Two,,
DATAFLOW,OECD.ENV.EPI:DSD_AIR_GHG@DF_AIR_GHG(1.0),Air emissions - Greenhouse gas emissions Inventories,I,LUX,Luxembourg,A,Annual,GHG,Greenhouse gases,T_LULU,"Total emissions including land use, land-use change and forestry",T_CO2E,Tonnes of CO2-equivalent,1999,,8446.53,,A,Normal value,3,Thousands,,,,,2,Two,,
DATAFLOW,OECD.ENV.EPI:DSD_AIR_GHG@DF_AIR_GHG(1.0),Air emissions - Greenhouse gas emissions Inventories,I,LUX,Luxembourg,A,Annual,GHG,Greenhouse gases,T_LULU,"Total emissions including land use, land-use change and forestry",T_CO2E,Tonnes of CO2-equivalent,2000,,9020.25,,A,Normal value,3,Thousands,,,,,2,Two,,
DATAFLOW,OECD.ENV.EPI:DSD_AIR_GHG@DF_AIR_GHG(1.0),Air emissions - Greenhouse gas emissions Inventories,I,LUX,Luxembourg,A,Annual,GHG,Greenhouse gases,T_LULU,"Total emissions including land use, land-use change and forestry",T_CO2E,Tonnes of CO2-equivalent,2001,,9543.89,,A,Normal value,3,Thousands,,,,,2,Two,,
DATAFLOW,OECD.ENV.EPI:DSD_AIR_GHG@DF_AIR_GHG(1.0),Air emissions - Greenhouse gas emissions Inventories,I,LUX,Luxembourg,A,Annual,GHG,Greenhouse gases,T_LULU,"Total emissions including land use, land-use change and forestry",T_CO2E,Tonnes of CO2-equivalent,2002,,10332.28,,A,Normal value,3,Thousands,,,,,2,Two,,
DATAFLOW,OECD.ENV.EPI:DSD_AIR_GHG@DF_AIR_GHG(1.0),Air emissions - Greenhouse gas emissions Inventories,I,LUX,Luxembourg,A,Annual,GHG,Greenhouse gases,T_LULU,"Total emissions including land use, land-use change and forestry",T_CO2E,Tonnes of CO2-equivalent,2003,,10803.45,,A,Normal value,3,Thousands,,,,,2,Two,,
DATAFLOW,OECD.ENV.EPI:DSD_AIR_GHG@DF_AIR_GHG(1.0),Air emissions - Greenhouse gas emissions Inventories,I,LUX,Luxembourg,A,Annual,GHG,Greenhouse gases,T_LULU,"Total emissions including land use, land-use change and forestry",T_CO2E,Tonnes of CO2-equivalent,2004,,12131.47,,A,Normal value,3,Thousands,,,,,2,Two,,
DATAFLOW,OECD.ENV.EPI:DSD_AIR_GHG@DF_AIR_GHG(1.0),Air emissions - Greenhouse gas emissions Inventories,I,LUX,Luxembourg,A,Annual,GHG,Greenhouse gases,T_LULU,"Total emissions including land use, land-use change and forestry",T_CO2E,Tonnes of CO2-equivalent,2005,,12427.87,,A,Normal value,3,Thousands,,,,,2,Two,,
DATAFLOW,OECD.ENV.EPI:DSD_AIR_GHG@DF_AIR_GHG(1.0),Air emissions - Greenhouse gas emissions Inventories,I,LUX,Luxembourg,A,Annual,GHG,Greenhouse gases,T_LULU,"Total emissions including land use, land-use change and forestry",T_CO2E,Tonnes of CO2-equivalent,2006,,12339.5,,A,Normal value,3,Thousands,,,,,2,Two,,
DATAFLOW,OECD.ENV.EPI:DSD_AIR_GHG@DF_AIR_GHG(1.0),Air emissions - Greenhouse gas emissions Inventories,I,LUX,Luxembourg,A,Annual,GHG,Greenhouse gases,T_LULU,"Total emissions including land use, land-use change and forestry",T_CO2E,Tonnes of CO2-equivalent,2007,,11843.55,,A,Normal value,3,Thousands,,,,,2,Two,,
DATAFLOW,OECD.ENV.EPI:DSD_AIR_GHG@DF_AIR_GHG(1.0),Air emissions - Greenhouse gas emissions Inventories,I,LUX,Luxembourg,A,Annual,GHG,Greenhouse gases,T_LULU,"Total emissions including land use, land-use change and forestry",T_CO2E,Tonnes of CO2-equivalent,2008,,11715.52,,A,Normal value,3,Thousands,,,,,2,Two,,
DATAFLOW,OECD.ENV.EPI:DSD_AIR_GHG@DF_AIR_GHG(1.0),Air emissions - Greenhouse gas emissions Inventories,I,LUX,Luxembourg,A,Annual,GHG,Greenhouse gases,T_LULU,"Total emissions including land use, land-use change and forestry",T_CO2E,Tonnes of CO2-equivalent,2009,,11161.11,,A,Normal value,3,Thousands,,,,,2,Two,,
DATAFLOW,OECD.ENV.EPI:DSD_AIR_GHG@DF_AIR_GHG(1.0),Air emissions - Greenhouse gas emissions Inventories,I,LUX,Luxembourg,A,Annual,GHG,Greenhouse gases,T_LULU,"Total emissions including land use, land-use change and forestry",T_CO2E,Tonnes of CO2-equivalent,2010,,11953.65,,A,Normal value,3,Thousands,,,,,2,Two,,
DATAFLOW,OECD.ENV.EPI:DSD_AIR_GHG@DF_AIR_GHG(1.0),Air emissions - Greenhouse gas emissions Inventories,I,LUX,Luxembourg,A,Annual,GHG,Greenhouse gases,T_LULU,"Total emissions including land use, land-use change and forestry",T_CO2E,Tonnes of CO2-equivalent,2011,,11742.31,,A,Normal value,3,Thousands,,,,,2,Two,,
DATAFLOW,OECD.ENV.EPI:DSD_AIR_GHG@DF_AIR_GHG(1.0),Air emissions - Greenhouse gas emissions Inventories,I,LUX,Luxembourg,A,Annual,GHG,Greenhouse gases,T_LULU,"Total emissions including land use, land-use change and forestry",T_CO2E,Tonnes of CO2-equivalent,2012,,11435.98,,A,Normal value,3,Thousands,,,,,2,Two,,
DATAFLOW,OECD.ENV.EPI:DSD_AIR_GHG@DF_AIR_GHG(1.0),Air emissions - Greenhouse gas emissions Inventories,I,LUX,Luxembourg,A,Annual,GHG,Greenhouse gases,T_LULU,"Total emissions including land use, land-use change and forestry",T_CO2E,Tonnes of CO2-equivalent,2013,,10767.47,,A,Normal value,3,Thousands,,,,,2,Two,,
DATAFLOW,OECD.ENV.EPI:DSD_AIR_GHG@DF_AIR_GHG(1.0),Air emissions - Greenhouse gas emissions Inventories,I,LUX,Luxembourg,A,Annual,GHG,Greenhouse gases,T_LULU,"Total emissions including land use, land-use change and forestry",T_CO2E,Tonnes of CO2-equivalent,2014,,10362.84,,A,Normal value,3,Thousands,,,,,2,Two,,
DATAFLOW,OECD.ENV.EPI:DSD_AIR_GHG@DF_AIR_GHG(1.0),Air emissions - Greenhouse gas emissions Inventories,I,LUX,Luxembourg,A,Annual,GHG,Greenhouse gases,T_LULU,"Total emissions including land use, land-use change and forestry",T_CO2E,Tonnes of CO2-equivalent,2015,,9944.67,,A,Normal value,3,Thousands,,,,,2,Two,,
DATAFLOW,OECD.ENV.EPI:DSD_AIR_GHG@DF_AIR_GHG(1.0),Air emissions - Greenhouse gas emissions Inventories,I,LUX,Luxembourg,A,Annual,GHG,Greenhouse gases,T_LULU,"Total emissions including land use, land-use change and forestry",T_CO2E,Tonnes of CO2-equivalent,2016,,9609.5,,A,Normal value,3,Thousands,,,,,2,Two,,
DATAFLOW,OECD.ENV.EPI:DSD_AIR_GHG@DF_AIR_GHG(1.0),Air emissions - Greenhouse gas emissions Inventories,I,LUX,Luxembourg,A,Annual,GHG,Greenhouse gases,T_LULU,"Total emissions including land use, land-use change and forestry",T_CO2E,Tonnes of CO2-equivalent,2017,,9880.3,,A,Normal value,3,Thousands,,,,,2,Two,,
DATAFLOW,OECD.ENV.EPI:DSD_AIR_GHG@DF_AIR_GHG(1.0),Air emissions - Greenhouse gas emissions Inventories,I,LUX,Luxembourg,A,Annual,GHG,Greenhouse gases,T_LULU,"Total emissions including land use, land-use change and forestry",T_CO2E,Tonnes of CO2-equivalent,2018,,10322.12,,A,Normal value,3,Thousands,,,,,2,Two,,
DATAFLOW,OECD.ENV.EPI:DSD_AIR_GHG@DF_AIR_GHG(1.0),Air emissions - Greenhouse gas emissions Inventories,I,LUX,Luxembourg,A,Annual,GHG,Greenhouse gases,T_LULU,"Total emissions including land use, land-use change and forestry",T_CO2E,Tonnes of CO2-equivalent,2019,,10376.4,,A,Normal value,3,Thousands,,,,,2,Two,,
DATAFLOW,OECD.ENV.EPI:DSD_AIR_GHG@DF_AIR_GHG(1.0),Air emissions - Greenhouse gas emissions Inventories,I,LUX,Luxembourg,A,Annual,GHG,Greenhouse gases,T_LULU,"Total emissions including land use, land-use change and forestry",T_CO2E,Tonnes of CO2-equivalent,2020,,8582.25,,A,Normal value,3,Thousands,,,,,2,Two,,
DATAFLOW,OECD.ENV.EPI:DSD_AIR_GHG@DF_AIR_GHG(1.0),Air emissions - Greenhouse gas emissions Inventories,I,LUX,Luxembourg,A,Annual,GHG,Greenhouse gases,T_LULU,"Total emissions including land use, land-use change and forestry",T_CO2E,Tonnes of CO2-equivalent,2021,,8785.38,,A,Normal value,3,Thousands,,,,,2,Two,,
DATAFLOW,OECD.ENV.EPI:DSD_AIR_GHG@DF_AIR_GHG(1.0),Air emissions - Greenhouse gas emissions Inventories,I,SVK,Slovak Republic,A,Annual,GHG,Greenhouse gases,T_LULU,"Total emissions including land use, land-use change and forestry",T_CO2E,Tonnes of CO2-equivalent,1990,,64405.87,,A,Normal value,3,Thousands,,,,,2,Two,,
DATAFLOW,OECD.ENV.EPI:DSD_AIR_GHG@DF_AIR_GHG(1.0),Air emissions - Greenhouse gas emissions Inventories,I,SVK,Slovak Republic,A,Annual,GHG,Greenhouse gases,T_LULU,"Total emissions including land use, land-use change and forestry",T_CO2E,Tonnes of CO2-equivalent,1991,,54176.43,,A,Normal value,3,Thousands,,,,,2,Two,,
DATAFLOW,OECD.ENV.EPI:DSD_AIR_GHG@DF_AIR_GHG(1.0),Air emissions - Greenhouse gas emissions Inventories,I,SVK,Slovak Republic,A,Annual,GHG,Greenhouse gases,T_LULU,"Total emissions including land use, land-use change and forestry",T_CO2E,Tonnes of CO2-equivalent,1992,,47823.96,,A,Normal value,3,Thousands,,,,,2,Two,,
DATAFLOW,OECD.ENV.EPI:DSD_AIR_GHG@DF_AIR_GHG(1.0),Air emissions - Greenhouse gas emissions Inventories,I,SVK,Slovak Republic,A,Annual,GHG,Greenhouse gases,T_LULU,"Total emissions including land use, land-use change and forestry",T_CO2E,Tonnes of CO2-equivalent,1993,,44650.87,,A,Normal value,3,Thousands,,,,,2,Two,,
DATAFLOW,OECD.ENV.EPI:DSD_AIR_GHG@DF_AIR_GHG(1.0),Air emissions - Greenhouse gas emissions Inventories,I,SVK,Slovak Republic,A,Annual,GHG,Greenhouse gases,T_LULU,"Total emissions including land use, land-use change and forestry",T_CO2E,Tonnes of CO2-equivalent,1994,,42652.7,,A,Normal value,3,Thousands,,,,,2,Two,,
DATAFLOW,OECD.ENV.EPI:DSD_AIR_GHG@DF_AIR_GHG(1.0),Air emissions - Greenhouse gas emissions Inventories,I,SVK,Slovak Republic,A,Annual,GHG,Greenhouse gases,T_LULU,"Total emissions including land use, land-use change and forestry",T_CO2E,Tonnes of CO2-equivalent,1995,,43693.03,,A,Normal value,3,Thousands,,,,,2,Two,,
DATAFLOW,OECD.ENV.EPI:DSD_AIR_GHG@DF_AIR_GHG(1.0),Air emissions - Greenhouse gas emissions Inventories,I,SVK,Slovak Republic,A,Annual,GHG,Greenhouse gases,T_LULU,"Total emissions including land use, land-use change and forestry",T_CO2E,Tonnes of CO2-equivalent,1996,,43596.79,,A,Normal value,3,Thousands,,,,,2,Two,,
DATAFLOW,OECD.ENV.EPI:DSD_AIR_GHG@DF_AIR_GHG(1.0),Air emissions - Greenhouse gas emissions Inventories,I,SVK,Slovak Republic,A,Annual,GHG,Greenhouse gases,T_LULU,"Total emissions including land use, land-use change and forestry",T_CO2E,Tonnes of CO2-equivalent,1997,,43626.53,,A,Normal value,3,Thousands,,,,,2,Two,,
DATAFLOW,OECD.ENV.EPI:DSD_AIR_GHG@DF_AIR_GHG(1.0),Air emissions - Greenhouse gas emissions Inventories,I,SVK,Slovak Republic,A,Annual,GHG,Greenhouse gases,T_LULU,"Total emissions including land use, land-use change and forestry",T_CO2E,Tonnes of CO2-equivalent,1998,,41855.22,,A,Normal value,3,Thousands,,,,,2,Two,,
DATAFLOW,OECD.ENV.EPI:DSD_AIR_GHG@DF_AIR_GHG(1.0),Air emissions - Greenhouse gas emissions Inventories,I,SVK,Slovak Republic,A,Annual,GHG,Greenhouse gases,T_LULU,"Total emissions including land use, land-use change and forestry",T_CO2E,Tonnes of CO2-equivalent,1999,,41430.89,,A,Normal value,3,Thousands,,,,,2,Two,,
DATAFLOW,OECD.ENV.EPI:DSD_AIR_GHG@DF_AIR_GHG(1.0),Air emissions - Greenhouse gas emissions Inventories,I,SVK,Slovak Republic,A,Annual,GHG,Greenhouse gases,T_LULU,"Total emissions including land use, land-use change and forestry",T_CO2E,Tonnes of CO2-equivalent,2000,,39590.85,,A,Normal value,3,Thousands,,,,,2,Two,,
DATAFLOW,OECD.ENV.EPI:DSD_AIR_GHG@DF_AIR_GHG(1.0),Air emissions - Greenhouse gas emissions Inventories,I,SVK,Slovak Republic,A,Annual,GHG,Greenhouse gases,T_LULU,"Total emissions including land use, land-use change and forestry",T_CO2E,Tonnes of CO2-equivalent,2001,,42543.94,,A,Normal value,3,Thousands,,,,,2,Two,,
DATAFLOW,OECD.ENV.EPI:DSD_AIR_GHG@DF_AIR_GHG(1.0),Air emissions - Greenhouse gas emissions Inventories,I,SVK,Slovak Republic,A,Annual,GHG,Greenhouse gases,T_LULU,"Total emissions including land use, land-use change and forestry",T_CO2E,Tonnes of CO2-equivalent,2002,,40678.2,,A,Normal value,3,Thousands,,,,,2,Two,,
DATAFLOW,OECD.ENV.EPI:DSD_AIR_GHG@DF_AIR_GHG(1.0),Air emissions - Greenhouse gas emissions Inventories,I,SVK,Slovak Republic,A,Annual,GHG,Greenhouse gases,T_LULU,"Total emissions including land use, land-use change and forestry",T_CO2E,Tonnes of CO2-equivalent,2003,,41351.38,,A,Normal value,3,Thousands,,,,,2,Two,,
DATAFLOW,OECD.ENV.EPI:DSD_AIR_GHG@DF_AIR_GHG(1.0),Air emissions - Greenhouse gas emissions Inventories,I,SVK,Slovak Republic,A,Annual,GHG,Greenhouse gases,T_LULU,"Total emissions including land use, land-use change and forestry",T_CO2E,Tonnes of CO2-equivalent,2004,,42039.41,,A,Normal value,3,Thousands,,,,,2,Two,,
DATAFLOW,OECD.ENV.EPI:DSD_AIR_GHG@DF_AIR_GHG(1.0),Air emissions - Greenhouse gas emissions Inventories,I,SVK,Slovak Republic,A,Annual,GHG,Greenhouse gases,T_LULU,"Total emissions including land use, land-use change and forestry",T_CO2E,Tonnes of CO2-equivalent,2005,,45916.29,,A,Normal value,3,Thousands,,,,,2,Two,,
DATAFLOW,OECD.ENV.EPI:DSD_AIR_GHG@DF_AIR_GHG(1.0),Air emissions - Greenhouse gas emissions Inventories,I,SVK,Slovak Republic,A,Annual,GHG,Greenhouse gases,T_LULU,"Total emissions including land use, land-use change and forestry",T_CO2E,Tonnes of CO2-equivalent,2006,,42583.12,,A,Normal value,3,Thousands,,,,,2,Two,,
DATAFLOW,OECD.ENV.EPI:DSD_AIR_GHG@DF_AIR_GHG(1.0),Air emissions - Greenhouse gas emissions Inventories,I,SVK,Slovak Republic,A,Annual,GHG,Greenhouse gases,T_LULU,"Total emissions including land use, land-use change and forestry",T_CO2E,Tonnes of CO2-equivalent,2007,,41304.39,,A,Normal value,3,Thousands,,,,,2,Two,,
DATAFLOW,OECD.ENV.EPI:DSD_AIR_GHG@DF_AIR_GHG(1.0),Air emissions - Greenhouse gas emissions Inventories,I,SVK,Slovak Republic,A,Annual,GHG,Greenhouse gases,T_LULU,"Total emissions including land use, land-use change and forestry",T_CO2E,Tonnes of CO2-equivalent,2008,,42914.84,,A,Normal value,3,Thousands,,,,,2,Two,,
DATAFLOW,OECD.ENV.EPI:DSD_AIR_GHG@DF_AIR_GHG(1.0),Air emissions - Greenhouse gas emissions Inventories,I,SVK,Slovak Republic,A,Annual,GHG,Greenhouse gases,T_LULU,"Total emissions including land use, land-use change and forestry",T_CO2E,Tonnes of CO2-equivalent,2009,,38882.37,,A,Normal value,3,Thousands,,,,,2,Two,,
DATAFLOW,OECD.ENV.EPI:DSD_AIR_GHG@DF_AIR_GHG(1.0),Air emissions - Greenhouse gas emissions Inventories,I,SVK,Slovak Republic,A,Annual,GHG,Greenhouse gases,T_LULU,"Total emissions including land use, land-use change and forestry",T_CO2E,Tonnes of CO2-equivalent,2010,,40553.89,,A,Normal value,3,Thousands,,,,,2,Two,,
DATAFLOW,OECD.ENV.EPI:DSD_AIR_GHG@DF_AIR_GHG(1.0),Air emissions - Greenhouse gas emissions Inventories,I,SVK,Slovak Republic,A,Annual,GHG,Greenhouse gases,T_LULU,"Total emissions including land use, land-use change and forestry",T_CO2E,Tonnes of CO2-equivalent,2011,,39276.25,,A,Normal value,3,Thousands,,,,,2,Two,,
DATAFLOW,OECD.ENV.EPI:DSD_AIR_GHG@DF_AIR_GHG(1.0),Air emissions - Greenhouse gas emissions Inventories,I,SVK,Slovak Republic,A,Annual,GHG,Greenhouse gases,T_LULU,"Total emissions including land use, land-use change and forestry",T_CO2E,Tonnes of CO2-equivalent,2012,,35790.11,,A,Normal value,3,Thousands,,,,,2,Two,,
DATAFLOW,OECD.ENV.EPI:DSD_AIR_GHG@DF_AIR_GHG(1.0),Air emissions - Greenhouse gas emissions Inventories,I,SVK,Slovak Republic,A,Annual,GHG,Greenhouse gases,T_LULU,"Total emissions including land use, land-use change and forestry",T_CO2E,Tonnes of CO2-equivalent,2013,,34700.13,,A,Normal value,3,Thousands,,,,,2,Two,,
DATAFLOW,OECD.ENV.EPI:DSD_AIR_GHG@DF_AIR_GHG(1.0),Air emissions - Greenhouse gas emissions Inventories,I,SVK,Slovak Republic,A,Annual,GHG,Greenhouse gases,T_LULU,"Total emissions including land use, land-use change and forestry",T_CO2E,Tonnes of CO2-equivalent,2014,,34907.75,,A,Normal value,3,Thousands,,,,,2,Two,,
DATAFLOW,OECD.ENV.EPI:DSD_AIR_GHG@DF_AIR_GHG(1.0),Air emissions - Greenhouse gas emissions Inventories,I,SVK,Slovak Republic,A,Annual,GHG,Greenhouse gases,T_LULU,"Total emissions including land use, land-use change and forestry",T_CO2E,Tonnes of CO2-equivalent,2015,,35113.75,,A,Normal value,3,Thousands,,,,,2,Two,,
DATAFLOW,OECD.ENV.EPI:DSD_AIR_GHG@DF_AIR_GHG(1.0),Air emissions - Greenhouse gas emissions Inventories,I,SVK,Slovak Republic,A,Annual,GHG,Greenhouse gases,T_LULU,"Total emissions including land use, land-use change and forestry",T_CO2E,Tonnes of CO2-equivalent,2016,,35489.6,,A,Normal value,3,Thousands,,,,,2,Two,,
DATAFLOW,OECD.ENV.EPI:DSD_AIR_GHG@DF_AIR_GHG(1.0),Air emissions - Greenhouse gas emissions Inventories,I,SVK,Slovak Republic,A,Annual,GHG,Greenhouse gases,T_LULU,"Total emissions including land use, land-use change and forestry",T_CO2E,Tonnes of CO2-equivalent,2017,,36694.59,,A,Normal value,3,Thousands,,,,,2,Two,,
DATAFLOW,OECD.ENV.EPI:DSD_AIR_GHG@DF_AIR_GHG(1.0),Air emissions - Greenhouse gas emissions Inventories,I,SVK,Slovak Republic,A,Annual,GHG,Greenhouse gases,T_LULU,"Total emissions including land use, land-use change and forestry",T_CO2E,Tonnes of CO2-equivalent,2018,,37525,,A,Normal value,3,Thousands,,,,,2,Two,,
DATAFLOW,OECD.ENV.EPI:DSD_AIR_GHG@DF_AIR_GHG(1.0),Air emissions - Greenhouse gas emissions Inventories,I,SVK,Slovak Republic,A,Annual,GHG,Greenhouse gases,T_LULU,"Total emissions including land use, land-use change and forestry",T_CO2E,Tonnes of CO2-equivalent,2019,,34440.93,,A,Normal value,3,Thousands,,,,,2,Two,,
DATAFLOW,OECD.ENV.EPI:DSD_AIR_GHG@DF_AIR_GHG(1.0),Air emissions - Greenhouse gas emissions Inventories,I,SVK,Slovak Republic,A,Annual,GHG,Greenhouse gases,T_LULU,"Total emissions including land use, land-use change and forestry",T_CO2E,Tonnes of CO2-equivalent,2020,,29492.56,,A,Normal value,3,Thousands,,,,,2,Two,,
DATAFLOW,OECD.ENV.EPI:DSD_AIR_GHG@DF_AIR_GHG(1.0),Air emissions - Greenhouse gas emissions Inventories,I,SVK,Slovak Republic,A,Annual,GHG,Greenhouse gases,T_LULU,"Total emissions including land use, land-use change and forestry",T_CO2E,Tonnes of CO2-equivalent,2021,,33568.66,,A,Normal value,3,Thousands,,,,,2,Two,,
DATAFLOW,OECD.ENV.EPI:DSD_AIR_GHG@DF_AIR_GHG(1.0),Air emissions - Greenhouse gas emissions Inventories,I,USA,United States,A,Annual,GHG,Greenhouse gases,T_LULU,"Total emissions including land use, land-use change and forestry",T_CO2E,Tonnes of CO2-equivalent,1990,,5606376.53,,A,Normal value,3,Thousands,,,,,2,Two,,
DATAFLOW,OECD.ENV.EPI:DSD_AIR_GHG@DF_AIR_GHG(1.0),Air emissions - Greenhouse gas emissions Inventories,I,USA,United States,A,Annual,GHG,Greenhouse gases,T_LULU,"Total emissions including land use, land-use change and forestry",T_CO2E,Tonnes of CO2-equivalent,1991,,5531222.09,,A,Normal value,3,Thousands,,,,,2,Two,,
DATAFLOW,OECD.ENV.EPI:DSD_AIR_GHG@DF_AIR_GHG(1.0),Air emissions - Greenhouse gas emissions Inventories,I,USA,United States,A,Annual,GHG,Greenhouse gases,T_LULU,"Total emissions including land use, land-use change and forestry",T_CO2E,Tonnes of CO2-equivalent,1992,,5652355.92,,A,Normal value,3,Thousands,,,,,2,Two,,
DATAFLOW,OECD.ENV.EPI:DSD_AIR_GHG@DF_AIR_GHG(1.0),Air emissions - Greenhouse gas emissions Inventories,I,USA,United States,A,Annual,GHG,Greenhouse gases,T_LULU,"Total emissions including land use, land-use change and forestry",T_CO2E,Tonnes of CO2-equivalent,1993,,5776447.2,,A,Normal value,3,Thousands,,,,,2,Two,,
DATAFLOW,OECD.ENV.EPI:DSD_AIR_GHG@DF_AIR_GHG(1.0),Air emissions - Greenhouse gas emissions Inventories,I,USA,United States,A,Annual,GHG,Greenhouse gases,T_LULU,"Total emissions including land use, land-use change and forestry",T_CO2E,Tonnes of CO2-equivalent,1994,,5871586.58,,A,Normal value,3,Thousands,,,,,2,Two,,
DATAFLOW,OECD.ENV.EPI:DSD_AIR_GHG@DF_AIR_GHG(1.0),Air emissions - Greenhouse gas emissions Inventories,I,USA,United States,A,Annual,GHG,Greenhouse gases,T_LULU,"Total emissions including land use, land-use change and forestry",T_CO2E,Tonnes of CO2-equivalent,1995,,5973118.28,,A,Normal value,3,Thousands,,,,,2,Two,,
DATAFLOW,OECD.ENV.EPI:DSD_AIR_GHG@DF_AIR_GHG(1.0),Air emissions - Greenhouse gas emissions Inventories,I,USA,United States,A,Annual,GHG,Greenhouse gases,T_LULU,"Total emissions including land use, land-use change and forestry",T_CO2E,Tonnes of CO2-equivalent,1996,,6157175.36,,A,Normal value,3,Thousands,,,,,2,Two,,
DATAFLOW,OECD.ENV.EPI:DSD_AIR_GHG@DF_AIR_GHG(1.0),Air emissions - Greenhouse gas emissions Inventories,I,USA,United States,A,Annual,GHG,Greenhouse gases,T_LULU,"Total emissions including land use, land-use change and forestry",T_CO2E,Tonnes of CO2-equivalent,1997,,6229354.09,,A,Normal value,3,Thousands,,,,,2,Two,,
DATAFLOW,OECD.ENV.EPI:DSD_AIR_GHG@DF_AIR_GHG(1.0),Air emissions - Greenhouse gas emissions Inventories,I,USA,United States,A,Annual,GHG,Greenhouse gases,T_LULU,"Total emissions including land use, land-use change and forestry",T_CO2E,Tonnes of CO2-equivalent,1998,,6274639.2,,A,Normal value,3,Thousands,,,,,2,Two,,
DATAFLOW,OECD.ENV.EPI:DSD_AIR_GHG@DF_AIR_GHG(1.0),Air emissions - Greenhouse gas emissions Inventories,I,USA,United States,A,Annual,GHG,Greenhouse gases,T_LULU,"Total emissions including land use, land-use change and forestry",T_CO2E,Tonnes of CO2-equivalent,1999,,6328900.89,,A,Normal value,3,Thousands,,,,,2,Two,,
DATAFLOW,OECD.ENV.EPI:DSD_AIR_GHG@DF_AIR_GHG(1.0),Air emissions - Greenhouse gas emissions Inventories,I,USA,United States,A,Annual,GHG,Greenhouse gases,T_LULU,"Total emissions including land use, land-use change and forestry",T_CO2E,Tonnes of CO2-equivalent,2000,,6533374.78,,A,Normal value,3,Thousands,,,,,2,Two,,
DATAFLOW,OECD.ENV.EPI:DSD_AIR_GHG@DF_AIR_GHG(1.0),Air emissions - Greenhouse gas emissions Inventories,I,USA,United States,A,Annual,GHG,Greenhouse gases,T_LULU,"Total emissions including land use, land-use change and forestry",T_CO2E,Tonnes of CO2-equivalent,2001,,6410951.95,,A,Normal value,3,Thousands,,,,,2,Two,,
DATAFLOW,OECD.ENV.EPI:DSD_AIR_GHG@DF_AIR_GHG(1.0),Air emissions - Greenhouse gas emissions Inventories,I,USA,United States,A,Annual,GHG,Greenhouse gases,T_LULU,"Total emissions including land use, land-use change and forestry",T_CO2E,Tonnes of CO2-equivalent,2002,,6496664.71,,A,Normal value,3,Thousands,,,,,2,Two,,
DATAFLOW,OECD.ENV.EPI:DSD_AIR_GHG@DF_AIR_GHG(1.0),Air emissions - Greenhouse gas emissions Inventories,I,USA,United States,A,Annual,GHG,Greenhouse gases,T_LULU,"Total emissions including land use, land-use change and forestry",T_CO2E,Tonnes of CO2-equivalent,2003,,6524558.97,,A,Normal value,3,Thousands,,,,,2,Two,,
DATAFLOW,OECD.ENV.EPI:DSD_AIR_GHG@DF_AIR_GHG(1.0),Air emissions - Greenhouse gas emissions Inventories,I,USA,United States,A,Annual,GHG,Greenhouse gases,T_LULU,"Total emissions including land use, land-use change and forestry",T_CO2E,Tonnes of CO2-equivalent,2004,,6754775.29,,A,Normal value,3,Thousands,,,,,2,Two,,
DATAFLOW,OECD.ENV.EPI:DSD_AIR_GHG@DF_AIR_GHG(1.0),Air emissions - Greenhouse gas emissions Inventories,I,USA,United States,A,Annual,GHG,Greenhouse gases,T_LULU,"Total emissions including land use, land-use change and forestry",T_CO2E,Tonnes of CO2-equivalent,2005,,6696263.74,,A,Normal value,3,Thousands,,,,,2,Two,,
DATAFLOW,OECD.ENV.EPI:DSD_AIR_GHG@DF_AIR_GHG(1.0),Air emissions - Greenhouse gas emissions Inventories,I,USA,United States,A,Annual,GHG,Greenhouse gases,T_LULU,"Total emissions including land use, land-use change and forestry",T_CO2E,Tonnes of CO2-equivalent,2006,,6589491.65,,A,Normal value,3,Thousands,,,,,2,Two,,
DATAFLOW,OECD.ENV.EPI:DSD_AIR_GHG@DF_AIR_GHG(1.0),Air emissions - Greenhouse gas emissions Inventories,I,USA,United States,A,Annual,GHG,Greenhouse gases,T_LULU,"Total emissions including land use, land-use change and forestry",T_CO2E,Tonnes of CO2-equivalent,2007,,6737347.32,,A,Normal value,3,Thousands,,,,,2,Two,,
DATAFLOW,OECD.ENV.EPI:DSD_AIR_GHG@DF_AIR_GHG(1.0),Air emissions - Greenhouse gas emissions Inventories,I,USA,United States,A,Annual,GHG,Greenhouse gases,T_LULU,"Total emissions including land use, land-use change and forestry",T_CO2E,Tonnes of CO2-equivalent,2008,,6531127.3,,A,Normal value,3,Thousands,,,,,2,Two,,
DATAFLOW,OECD.ENV.EPI:DSD_AIR_GHG@DF_AIR_GHG(1.0),Air emissions - Greenhouse gas emissions Inventories,I,USA,United States,A,Annual,GHG,Greenhouse gases,T_LULU,"Total emissions including land use, land-use change and forestry",T_CO2E,Tonnes of CO2-equivalent,2009,,6120284.54,,A,Normal value,3,Thousands,,,,,2,Two,,
DATAFLOW,OECD.ENV.EPI:DSD_AIR_GHG@DF_AIR_GHG(1.0),Air emissions - Greenhouse gas emissions Inventories,I,USA,United States,A,Annual,GHG,Greenhouse gases,T_LULU,"Total emissions including land use, land-use change and forestry",T_CO2E,Tonnes of CO2-equivalent,2010,,6307176.8,,A,Normal value,3,Thousands,,,,,2,Two,,
DATAFLOW,OECD.ENV.EPI:DSD_AIR_GHG@DF_AIR_GHG(1.0),Air emissions - Greenhouse gas emissions Inventories,I,USA,United States,A,Annual,GHG,Greenhouse gases,T_LULU,"Total emissions including land use, land-use change and forestry",T_CO2E,Tonnes of CO2-equivalent,2011,,6115978.54,,A,Normal value,3,Thousands,,,,,2,Two,,
DATAFLOW,OECD.ENV.EPI:DSD_AIR_GHG@DF_AIR_GHG(1.0),Air emissions - Greenhouse gas emissions Inventories,I,USA,United States,A,Annual,GHG,Greenhouse gases,T_LULU,"Total emissions including land use, land-use change and forestry",T_CO2E,Tonnes of CO2-equivalent,2012,,5884941.23,,A,Normal value,3,Thousands,,,,,2,Two,,
DATAFLOW,OECD.ENV.EPI:DSD_AIR_GHG@DF_AIR_GHG(1.0),Air emissions - Greenhouse gas emissions Inventories,I,USA,United States,A,Annual,GHG,Greenhouse gases,T_LULU,"Total emissions including land use, land-use change and forestry",T_CO2E,Tonnes of CO2-equivalent,2013,,6092439.67,,A,Normal value,3,Thousands,,,,,2,Two,,
DATAFLOW,OECD.ENV.EPI:DSD_AIR_GHG@DF_AIR_GHG(1.0),Air emissions - Greenhouse gas emissions Inventories,I,USA,United States,A,Annual,GHG,Greenhouse gases,T_LULU,"Total emissions including land use, land-use change and forestry",T_CO2E,Tonnes of CO2-equivalent,2014,,6129688.87,,A,Normal value,3,Thousands,,,,,2,Two,,
DATAFLOW,OECD.ENV.EPI:DSD_AIR_GHG@DF_AIR_GHG(1.0),Air emissions - Greenhouse gas emissions Inventories,I,USA,United States,A,Annual,GHG,Greenhouse gases,T_LULU,"Total emissions including land use, land-use change and forestry",T_CO2E,Tonnes of CO2-equivalent,2015,,6065495.12,,A,Normal value,3,Thousands,,,,,2,Two,,
DATAFLOW,OECD.ENV.EPI:DSD_AIR_GHG@DF_AIR_GHG(1.0),Air emissions - Greenhouse gas emissions Inventories,I,USA,United States,A,Annual,GHG,Greenhouse gases,T_LULU,"Total emissions including land use, land-use change and forestry",T_CO2E,Tonnes of CO2-equivalent,2016,,5763094.6,,A,Normal value,3,Thousands,,,,,2,Two,,
DATAFLOW,OECD.ENV.EPI:DSD_AIR_GHG@DF_AIR_GHG(1.0),Air emissions - Greenhouse gas emissions Inventories,I,USA,United States,A,Annual,GHG,Greenhouse gases,T_LULU,"Total emissions including land use, land-use change and forestry",T_CO2E,Tonnes of CO2-equivalent,2017,,5787628.43,,A,Normal value,3,Thousands,,,,,2,Two,,
DATAFLOW,OECD.ENV.EPI:DSD_AIR_GHG@DF_AIR_GHG(1.0),Air emissions - Greenhouse gas emissions Inventories,I,USA,United States,A,Annual,GHG,Greenhouse gases,T_LULU,"Total emissions including land use, land-use change and forestry",T_CO2E,Tonnes of CO2-equivalent,2018,,5989701.89,,A,Normal value,3,Thousands,,,,,2,Two,,
DATAFLOW,OECD.ENV.EPI:DSD_AIR_GHG@DF_AIR_GHG(1.0),Air emissions - Greenhouse gas emissions Inventories,I,USA,United States,A,Annual,GHG,Greenhouse gases,T_LULU,"Total emissions including land use, land-use change and forestry",T_CO2E,Tonnes of CO2-equivalent,2019,,5913871.79,,A,Normal value,3,Thousands,,,,,2,Two,,
DATAFLOW,OECD.ENV.EPI:DSD_AIR_GHG@DF_AIR_GHG(1.0),Air emissions - Greenhouse gas emissions Inventories,I,USA,United States,A,Annual,GHG,Greenhouse gases,T_LULU,"Total emissions including land use, land-use change and forestry",T_CO2E,Tonnes of CO2-equivalent,2020,,5249805.28,,A,Normal value,3,Thousands,,,,,2,Two,,
DATAFLOW,OECD.ENV.EPI:DSD_AIR_GHG@DF_AIR_GHG(1.0),Air emissions - Greenhouse gas emissions Inventories,I,USA,United States,A,Annual,GHG,Greenhouse gases,T_LULU,"Total emissions including land use, land-use change and forestry",T_CO2E,Tonnes of CO2-equivalent,2021,,5586003.26,,A,Normal value,3,Thousands,,,,,2,Two,,
